sample_id,question,rationale,options_len,answer,A,B,C,D,E,model_prompt,outputs,preds,correct,ROUGE-1,ROUGE-2,ROUGE-L,BERTScore_Precision,BERTScore_Recall,BERTScore_F1
b682d57a13b1ad18379a7b4f781c900065b23a8a47e2c6edb0738df241f2f81d,"Which of the following conditions is characterized by an abnormal enlargement of the thyroid gland, often resulting in a visibly enlarged neck, and is endemic in certain regions of Africa due to dietary iodine deficiency?","Simple (nontoxic) goiter is characterized by thyroid enlargement without associated thyroid dysfunction. It often results from iodine deficiency, particularly in regions where dietary iodine intake is inadequate. Endemic goiter is a public health concern in various parts of Africa, particularly in landlocked areas distant from marine sources of iodine. Hashimoto's thyroiditis and Graves' disease are autoimmune thyroid disorders. Toxic multinodular goiter is characterized by multiple hyperfunctioning thyroid nodules. Thyroid cancer may present with a palpable thyroid nodule but is less commonly associated with diffuse thyroid enlargement.",5,D,Hashimoto's thyroiditis,Graves' disease,Toxic multinodular goiter,Simple (nontoxic) goiter,Thyroid cancer,"###Instruction: You are a skilled doctor with years of experience in the medical field in Africa, working in a hospital setting. Your expertise spans a range of conditions from common ailments to complex diseases. As part of your commitment to ongoing medical education, you are evaluating a set of multiple choice questions (MCQs) designed for medical students. 
Carefully select the most appropriate answer based on your clinical knowledge. 
You should directly answer the question by choosing the correct option and then provide a rationale for your answer. 

###Question: Which of the following conditions is characterized by an abnormal enlargement of the thyroid gland, often resulting in a visibly enlarged neck, and is endemic in certain regions of Africa due to dietary iodine deficiency?
###Options:
A.  Hashimoto's thyroiditis
B.  Graves' disease
C.  Toxic multinodular goiter
D.  Simple (nontoxic) goiter
E.  Thyroid cancer

###Answer:","D. Simple (nontoxic) goiter

Rationale: A simple (nontoxic) goiter is an enlargement of the thyroid gland that occurs when the thyroid is unable to produce enough thyroid hormones to meet the body's needs, often due to iodine deficiency. This condition is endemic in certain regions where iodine intake is insufficient, which can commonly occur in Africa. Unlike other thyroid disorders mentioned in the options, simple goiters are not initially associated with hyperthyroidism or hypothyroidism and are typically not associated with nodules or malignancy. Thus, the correct answer reflecting a dietary iodine deficiency-related condition is a simple (nontoxic) goiter.",D,True,0.3384615334721894,0.11764705384844311,0.30769230270295866,0.86918867,0.8748846,0.8720274
67351c580446820415846e4246ba2f3464ed382c3f300453840993c4bf842d12,"Which of the following infectious diseases, endemic to certain regions of Africa, is caused by the bacterium Mycobacterium leprae and primarily affects the skin, nerves, and mucous membranes?","Leprosy, also known as Hansen's disease, is a chronic infectious disease caused by Mycobacterium leprae. It primarily affects the skin, peripheral nerves, mucous membranes of the upper respiratory tract, and eyes. Leprosy is endemic in several regions of Africa, Asia, and Latin America. Tuberculosis, caused by Mycobacterium tuberculosis, primarily affects the lungs but can involve other organs as well. Yaws is a tropical disease caused by the bacterium Treponema pallidum pertenue. Buruli ulcer disease is caused by Mycobacterium ulcerans and primarily affects the skin and subcutaneous tissue. Lymphatic filariasis is caused by filarial worms transmitted by mosquitoes and primarily affects the lymphatic system.",5,B,Tuberculosis,Leprosy,Yaws,Buruli ulcer disease,Lymphatic filariasis,"###Instruction: You are a skilled doctor with years of experience in the medical field in Africa, working in a hospital setting. Your expertise spans a range of conditions from common ailments to complex diseases. As part of your commitment to ongoing medical education, you are evaluating a set of multiple choice questions (MCQs) designed for medical students. 
Carefully select the most appropriate answer based on your clinical knowledge. 
You should directly answer the question by choosing the correct option and then provide a rationale for your answer. 

###Question: Which of the following infectious diseases, endemic to certain regions of Africa, is caused by the bacterium Mycobacterium leprae and primarily affects the skin, nerves, and mucous membranes?
###Options:
A.  Tuberculosis
B.  Leprosy
C.  Yaws
D.  Buruli ulcer disease
E.  Lymphatic filariasis

###Answer:","B. Leprosy

Rationale: Leprosy, also known as Hansen’s disease, is caused by the bacterium Mycobacterium leprae. It is a chronic infectious disease that primarily affects the skin, peripheral nerves, mucosa of the upper respiratory tract, and the eyes. It is endemic in certain tropical and subtropical regions, including parts of Africa. The other diseases listed do not match all the criteria provided: Tuberculosis is caused by Mycobacterium tuberculosis and primarily affects the lungs; Yaws is a skin disease caused by Treponema pallidum pertenue; Buruli ulcer disease is caused by Mycobacterium ulcerans; and Lymphatic filariasis is a parasitic disease caused by filarial worms, not by a bacterium.",B,True,0.6131386811316534,0.4157303320843328,0.5255474402557408,0.9247905,0.9351256,0.9299293
b0b91d118616037284a08889d727235b526dacb738d273673c6e8122558ef6fc,Which of the following is a viral hemorrhagic fever that is endemic to certain regions of Africa and is transmitted to humans through contact with infected rodents or their urine?,"Lassa fever is a viral hemorrhagic fever caused by the Lassa virus, which is primarily transmitted to humans through contact with urine or feces of infected Mastomys rodents. It is endemic to several West African countries and can lead to severe illness, including hemorrhagic fever and multi-organ failure. Ebola virus disease, Marburg virus disease, and Rift Valley fever are also viral hemorrhagic fevers found in Africa, but they are transmitted through different mechanisms and are associated with distinct viral pathogens.",5,B,Ebola virus disease,Lassa fever,Marburg virus disease,Rift Valley fever,Typhoid,"###Instruction: You are a skilled doctor with years of experience in the medical field in Africa, working in a hospital setting. Your expertise spans a range of conditions from common ailments to complex diseases. As part of your commitment to ongoing medical education, you are evaluating a set of multiple choice questions (MCQs) designed for medical students. 
Carefully select the most appropriate answer based on your clinical knowledge. 
You should directly answer the question by choosing the correct option and then provide a rationale for your answer. 

###Question: Which of the following is a viral hemorrhagic fever that is endemic to certain regions of Africa and is transmitted to humans through contact with infected rodents or their urine?
###Options:
A.  Ebola virus disease
B.  Lassa fever
C.  Marburg virus disease
D.  Rift Valley fever
E.  Typhoid

###Answer:","B. Lassa fever

**Rationale:** Lassa fever is a viral hemorrhagic fever caused by the Lassa virus, which is endemic to certain regions of West Africa. The primary reservoir of the virus is the multimammate rat, Mastomys natalensis, and humans can become infected through contact with infected rodents or their urine. This is the key distinguishing factor, as other options like Ebola virus disease and Marburg virus disease are primarily transmitted from person to person after initial zoonotic transmission, and Rift Valley fever is associated primarily with livestock and mosquitoes. Typhoid is a bacterial infection, not a viral hemorrhagic fever.",B,True,0.5511810973997149,0.2771084287705038,0.4881889714154628,0.88106084,0.90955925,0.8950833
1972fbe11f6249de5461c7836698bd1d7d17a244eb7bdbd973b78c442f2348f6,Ms XY is a primigravida who is 30 weeks pregnant. She presents toA   E with acute onset of shortness of breath and chest pain. Shehas just travelled via a long-haul flight (12 h) to Kenya. Which of thefollowing investigations is not appropriate in the investigation of asuspected pulmonary embolus in pregnancy?,A CTPA exposes a pregnant woman to very high amounts of x-rays. This is teratogenic to the unborn fetus.,5,E,V/Q Scan.,CXR.,D-Dimer..,ECG.,CTPA.,"###Instruction: You are a skilled doctor with years of experience in the medical field in Africa, working in a hospital setting. Your expertise spans a range of conditions from common ailments to complex diseases. As part of your commitment to ongoing medical education, you are evaluating a set of multiple choice questions (MCQs) designed for medical students. 
Carefully select the most appropriate answer based on your clinical knowledge. 
You should directly answer the question by choosing the correct option and then provide a rationale for your answer. 

###Question: Ms XY is a primigravida who is 30 weeks pregnant. She presents toA   E with acute onset of shortness of breath and chest pain. Shehas just travelled via a long-haul flight (12 h) to Kenya. Which of thefollowing investigations is not appropriate in the investigation of asuspected pulmonary embolus in pregnancy?
###Options:
A.  V/Q Scan.
B.  CXR.
C.  D-Dimer..
D.  ECG.
E.  CTPA.

###Answer:","C. D-Dimer.

Rationale: In the context of a pregnant patient with suspected pulmonary embolism (PE), several diagnostic tests can be considered, but D-dimer testing is not appropriate. This is because D-dimer levels are naturally elevated in pregnancy, making the test less reliable for ruling out PE during pregnancy. The other options (V/Q scan, CXR, ECG, and CTPA) are more useful in either diagnosing or ruling out a pulmonary embolus in a pregnant patient. Specifically, a CTPA (CT Pulmonary Angiography) and V/Q scan are direct investigations for PE. While a CXR and ECG are less definitive but can help in evaluating respiratory symptoms and ruling out other conditions.",C,False,0.1458333302864584,0.03333333078333353,0.10416666361979175,0.80346763,0.85422593,0.8280696
480181ec8fcb02bc808bc61fc3ab24c25bd846aaae1626a5368428033917f0f7,"A 25-year-old woman comes to the office because of a 3-day history of fever, chills, severe headache, weakness, muscle pain, loss of appetite, vomiting, diarrhea, and moderate abdominal pain. She is in nursing school and returned from a medical missions trip in West Africa 10 days ago. Her symptoms began abruptly while she was shopping in a supermarket after her return. Temperature is 39.0°C (102.2°F), pulse is 100/min, respirations are 22/min, and blood pressure is 110/70 mm Hg. The patient appears ill and in mild respiratory distress. Physical examination discloses poor skin turgor and hyperactive bowel sounds. Muscle strength is 4/5 throughout. Laboratory studies show leukopenia and thrombocytopenia. Which of the following is the most sensitive and specific test for detection of the suspected viral genome in this patient?","Given the patient's recent travel history to West Africa and the symptoms suggestive of viral hemorrhagic fever, such as fever, chills, headache, weakness, and thrombocytopenia, the most sensitive and specific test for detection of the suspected viral genome would be (C) Reverse transcription-polymerase chain reaction (RT-PCR) test.",5,C,Microarray analysis,Northern blot,Reverse transcription-polymerase chain reaction test,Southern blot,Western blot,"###Instruction: You are a skilled doctor with years of experience in the medical field in Africa, working in a hospital setting. Your expertise spans a range of conditions from common ailments to complex diseases. As part of your commitment to ongoing medical education, you are evaluating a set of multiple choice questions (MCQs) designed for medical students. 
Carefully select the most appropriate answer based on your clinical knowledge. 
You should directly answer the question by choosing the correct option and then provide a rationale for your answer. 

###Question: A 25-year-old woman comes to the office because of a 3-day history of fever, chills, severe headache, weakness, muscle pain, loss of appetite, vomiting, diarrhea, and moderate abdominal pain. She is in nursing school and returned from a medical missions trip in West Africa 10 days ago. Her symptoms began abruptly while she was shopping in a supermarket after her return. Temperature is 39.0°C (102.2°F), pulse is 100/min, respirations are 22/min, and blood pressure is 110/70 mm Hg. The patient appears ill and in mild respiratory distress. Physical examination discloses poor skin turgor and hyperactive bowel sounds. Muscle strength is 4/5 throughout. Laboratory studies show leukopenia and thrombocytopenia. Which of the following is the most sensitive and specific test for detection of the suspected viral genome in this patient?
###Options:
A.  Microarray analysis
B.  Northern blot
C.  Reverse transcription-polymerase chain reaction test
D.  Southern blot
E.  Western blot

###Answer:","C. Reverse transcription-polymerase chain reaction test

Rationale: The patient's symptoms and recent travel history are suggestive of an infectious disease, likely viral, acquired during her trip to West Africa. Given the combination of symptoms—fever, headache, gastrointestinal symptoms, leukopenia, and thrombocytopenia—there is a strong suspicion of viral hemorrhagic fever, such as Ebola or another similar virus. 

The most sensitive and specific test for detecting viral RNA in such cases is the Reverse Transcription-Polymerase Chain Reaction (RT-PCR) test. RT-PCR is capable of amplifying small amounts of RNA to detectable levels, making it highly effective for identifying viral genomes in a patient's blood sample. Other options, such as Northern blot and Southern blot, are generally less sensitive and specific for viral RNA detection in a clinical setting, and they are not routinely used for rapid diagnosis. Western blot is used for protein detection and is not suitable for viral genome identification. Therefore, RT-PCR is the best choice for detecting the viral genome in this clinical scenario.",C,True,0.4305555516705247,0.2131979659635652,0.34722221833719136,0.86539197,0.9212174,0.8924325
9fbe4134a572e8e2c8fc66ec8b5d578b9a920de63143be9129729b462ae70a92,The following diseases must be screened for in blood for transfusion in Kenya;,"Hepatitis, Hiv and Syphillis screening are mandatory for blood transfusion in Kenya.",4,D,Hepatitis,HIV,Syphillis,All of the above,,"###Instruction: You are a skilled doctor with years of experience in the medical field in Africa, working in a hospital setting. Your expertise spans a range of conditions from common ailments to complex diseases. As part of your commitment to ongoing medical education, you are evaluating a set of multiple choice questions (MCQs) designed for medical students. 
Carefully select the most appropriate answer based on your clinical knowledge. 
You should directly answer the question by choosing the correct option and then provide a rationale for your answer. 

###Question: The following diseases must be screened for in blood for transfusion in Kenya;
###Options:
A.  Hepatitis
B.  HIV
C.  Syphillis
D.  All of the above

###Answer:","D. All of the above

### Rationale:
In Kenya, as in many other countries, blood donations are carefully screened to ensure the safety of the blood supply. This includes testing for several infectious diseases that can be transmitted through blood transfusion. The primary diseases that blood is commonly screened for include:

- **Hepatitis**: Specifically, Hepatitis B and Hepatitis C are major concerns due to their potential to cause chronic liver disease and their presence in blood.

- **HIV**: Screening for HIV is crucial given its significant health impact and the risk of transmission through blood transfusions.

- **Syphilis**: Screening is also conducted for syphilis to prevent transmission through blood transfusions, even though the incidence in donated blood is lower compared to viral infections.

Therefore, all these listed conditions (Hepatitis, HIV, and Syphilis) are routinely screened for to ensure transfusion safety. Hence, the most appropriate answer is ""All of the above.""",D,True,0.10810810617969324,0.013245031761764973,0.10810810617969324,0.8152811,0.85845435,0.8363109
5973b65cc72965bbd94cc61f141722c44a574fcbe80a0c0ff815cfd5bbaea136,Acceptable blood donors in Kenya do not include:,Commercial blood donors are not allowed in Kenya,5,C,Patient called donor,Voluntary call responsive,Commercial,Autologous,Voluntary walk in,"###Instruction: You are a skilled doctor with years of experience in the medical field in Africa, working in a hospital setting. Your expertise spans a range of conditions from common ailments to complex diseases. As part of your commitment to ongoing medical education, you are evaluating a set of multiple choice questions (MCQs) designed for medical students. 
Carefully select the most appropriate answer based on your clinical knowledge. 
You should directly answer the question by choosing the correct option and then provide a rationale for your answer. 

###Question: Acceptable blood donors in Kenya do not include:
###Options:
A.  Patient called donor
B.  Voluntary call responsive
C.  Commercial
D.  Autologous
E.  Voluntary walk in

###Answer:","C. Commercial

Rationale: In Kenya, as in many other countries, blood donation focuses on ensuring safety and ethical sourcing of blood. Commercial blood donors, who are individuals paid in exchange for their blood, are not considered acceptable due to the associated risks like increased chances of transmissible infections. These risks arise because donors might not fully disclose their health history for financial gain. On the other hand, voluntary donors, whether they respond to a call or walk in on their own, are more likely to provide accurate medical histories, ensuring safer blood supplies. Autologous donors refer to individuals who donate blood for their personal use, typically before a planned surgery, and are considered acceptable as this poses no risk to others.",C,True,0.12765957291081936,0.03199999894272003,0.12765957291081936,0.80767107,0.8923531,0.847903
2311d9a9e7bb66677a3b560f2a88a7c528bf8fdb478087d9d81e722ee41f8388,"Which of the following conditions, prevalent in Africa, is characterized by the abnormal growth of cells in the prostate gland, leading to symptoms such as urinary frequency, urgency, hesitancy, weak urinary stream, and nocturia?","Benign prostatic hyperplasia (BPH) is a common condition in aging men, characterized by the non-cancerous enlargement of the prostate gland. BPH can cause compression of the urethra, leading to urinary symptoms such as frequency, urgency, hesitancy, weak urinary stream, and nocturia. BPH is prevalent in Africa and can significantly affect quality of life if left untreated. Prostatitis is inflammation of the prostate gland and can present with similar urinary symptoms but is often associated with pain or discomfort in the pelvic area. Prostate cancer is a malignancy of the prostate gland and may also cause urinary symptoms, along with other systemic manifestations. Epididymitis is inflammation of the epididymis, often secondary to infection, and presents with scrotal pain and swelling. Testicular cancer is a malignancy of the testes and typically presents with a painless testicular mass.",5,C,Prostatitis,Prostate cancer,Benign prostatic hyperplasia (BPH),Epididymitis,Testicular cancer,"###Instruction: You are a skilled doctor with years of experience in the medical field in Africa, working in a hospital setting. Your expertise spans a range of conditions from common ailments to complex diseases. As part of your commitment to ongoing medical education, you are evaluating a set of multiple choice questions (MCQs) designed for medical students. 
Carefully select the most appropriate answer based on your clinical knowledge. 
You should directly answer the question by choosing the correct option and then provide a rationale for your answer. 

###Question: Which of the following conditions, prevalent in Africa, is characterized by the abnormal growth of cells in the prostate gland, leading to symptoms such as urinary frequency, urgency, hesitancy, weak urinary stream, and nocturia?
###Options:
A.  Prostatitis
B.  Prostate cancer
C.  Benign prostatic hyperplasia (BPH)
D.  Epididymitis
E.  Testicular cancer

###Answer:","C. Benign prostatic hyperplasia (BPH)

### Rationale:

Benign prostatic hyperplasia (BPH) is a common condition, especially prevalent among older men, characterized by the non-cancerous enlargement of the prostate gland. It leads to symptoms such as urinary frequency, urgency, hesitancy, weak urinary stream, and nocturia, due to compression of the urethra by the enlarged prostate. These symptoms align closely with those described in the question.

While prostate cancer can also cause similar symptoms, BPH is specifically noted for being associated with non-malignant (benign) tissue growth leading to these urinary symptoms in middle-aged and older men.

Prostatitis, although affecting the prostate, commonly presents with pelvic pain and discomfort, rather than purely obstructive urinary symptoms. 

Epididymitis and testicular cancer primarily affect the testicles and epididymis, respectively, and would not typically present with the described urinary symptoms.

Hence, Benign prostatic hyperplasia (BPH) is the most appropriate choice among the options given.",C,True,0.5355191207369584,0.26506023599941947,0.502732235491057,0.8810547,0.90153486,0.8911771
2ea6139fdc9b2998470f3d7d8efa48e722a6dbde660bf25485f8e1f7bc9fbaa3,"Which of the following conditions, prevalent in Africa, is characterized by the formation of multiple, fluid-filled cysts in the kidneys, leading to progressive renal dysfunction and eventual kidney failure?"," Polycystic kidney disease (PKD) is a genetic disorder characterized by the formation of multiple fluid-filled cysts in the kidneys. These cysts can gradually enlarge, leading to compression of surrounding renal tissue and progressive renal dysfunction. PKD is prevalent in Africa and can ultimately result in kidney failure if left untreated. Glomerulonephritis is inflammation of the glomeruli, the filtering units of the kidneys, and can lead to kidney damage. Nephrolithiasis refers to the formation of kidney stones, which can cause obstruction and renal colic. Pyelonephritis is inflammation and infection of the kidney parenchyma, often secondary to ascending urinary tract infections. Renal cell carcinoma is a type of kidney cancer.",5,A,Polycystic kidney disease,Glomerulonephritis,Nephrolithiasis,Pyelonephritis,Renal cell carcinoma,"###Instruction: You are a skilled doctor with years of experience in the medical field in Africa, working in a hospital setting. Your expertise spans a range of conditions from common ailments to complex diseases. As part of your commitment to ongoing medical education, you are evaluating a set of multiple choice questions (MCQs) designed for medical students. 
Carefully select the most appropriate answer based on your clinical knowledge. 
You should directly answer the question by choosing the correct option and then provide a rationale for your answer. 

###Question: Which of the following conditions, prevalent in Africa, is characterized by the formation of multiple, fluid-filled cysts in the kidneys, leading to progressive renal dysfunction and eventual kidney failure?
###Options:
A.  Polycystic kidney disease
B.  Glomerulonephritis
C.  Nephrolithiasis
D.  Pyelonephritis
E.  Renal cell carcinoma

###Answer:","A. Polycystic kidney disease

### Rationale:
Polycystic kidney disease (PKD) is the condition characterized by the formation of multiple, fluid-filled cysts in the kidneys. It is a genetic disorder that can lead to progressive renal dysfunction and eventual kidney failure. While PKD is a global condition, it is also present in Africa and known for its capacity to cause chronic kidney disease over time.

- **Glomerulonephritis** usually involves inflammation of the kidney’s filtration units and doesn’t typically present with cyst formation.
- **Nephrolithiasis** refers to kidney stones, which are not characterized by cyst formation or directly by renal dysfunction leading to kidney failure.
- **Pyelonephritis** is an infection of the kidney, typically acute or chronic infection, and not associated with multiple cysts.
- **Renal cell carcinoma** is a type of kidney cancer and not associated with the formation of multiple cysts.

Hence, the correct option based on the characterization of the condition in the question is A. Polycystic kidney disease.",A,True,0.4905660328230687,0.3063829738473518,0.47798741647086745,0.8678141,0.90742004,0.88717526
09cbeee45181ee6a8b98880fd5beb1e7e63bce5cdaad8bec3f56f3aef56ef024,"Which of the following conditions, prevalent in Africa, is characterized by a chronic, relapsing inflammatory skin disorder with erythematous, scaly plaques, often affecting extensor surfaces and the scalp?"," Psoriasis is a chronic inflammatory skin disorder characterized by erythematous, scaly plaques, typically affecting extensor surfaces such as the elbows and knees, as well as the scalp. It can present with itching, pain, and discomfort. Psoriasis is prevalent in Africa and can significantly impact the quality of life of affected individuals. Eczema, also known as atopic dermatitis, is another inflammatory skin condition characterized by pruritic, erythematous patches, often with oozing and crusting. Dermatophytosis, or ringworm, is a fungal infection of the skin, hair, or nails. Scabies is caused by the Sarcoptes scabiei mite and presents with intense itching and a characteristic rash. Contact dermatitis is inflammation of the skin triggered by contact with irritants or allergens.",5,B,Eczema,Psoriasis,Dermatophytosis,Scabies,Contact dermatitis,"###Instruction: You are a skilled doctor with years of experience in the medical field in Africa, working in a hospital setting. Your expertise spans a range of conditions from common ailments to complex diseases. As part of your commitment to ongoing medical education, you are evaluating a set of multiple choice questions (MCQs) designed for medical students. 
Carefully select the most appropriate answer based on your clinical knowledge. 
You should directly answer the question by choosing the correct option and then provide a rationale for your answer. 

###Question: Which of the following conditions, prevalent in Africa, is characterized by a chronic, relapsing inflammatory skin disorder with erythematous, scaly plaques, often affecting extensor surfaces and the scalp?
###Options:
A.  Eczema
B.  Psoriasis
C.  Dermatophytosis
D.  Scabies
E.  Contact dermatitis

###Answer:","B. Psoriasis

Rationale: Psoriasis is a chronic, relapsing inflammatory skin disorder characterized by erythematous (red) and scaly plaques. These plaques most commonly affect the extensor surfaces (such as the elbows and knees) and the scalp, which are distinctive features of this condition. Psoriasis has a relatively high prevalence in various parts of the world, including Africa. Eczema, contact dermatitis, and scabies also involve skin inflammation but differ in presentation. Eczema often presents as itchy, inflamed patches that are more common on the flexor surfaces. Contact dermatitis involves a direct irritant or allergic reaction. Scabies is an infestation caused by a mite, leading to intense itching and burrow-type lesions. Dermatophytosis, or ringworm, is a fungal infection that presents with ring-shaped, scaly patches. Hence, psoriasis is the condition that best matches the described characteristics.",B,True,0.44067796115930924,0.18410041344864425,0.40677965607456357,0.891364,0.8934447,0.8924032
22ec5ffe03d864ad54599113eea1f66384b29b94d21fad4c3d126d4ad65bacdf,"Which of the following conditions, prevalent in Africa, is caused by the parasitic worm Schistosoma haematobium and is characterized by urinary tract symptoms such as hematuria, dysuria, and urinary frequency?","Schistosomiasis, caused by parasitic worms of the genus Schistosoma, is prevalent in various regions of Africa. Schistosoma haematobium is one of the species that can cause urogenital schistosomiasis, characterized by urinary tract symptoms such as hematuria (blood in the urine), dysuria, urinary frequency, and possibly bladder and kidney damage. Malaria is caused by the Plasmodium parasite and transmitted by Anopheles mosquitoes. ",5,B,Malaria,Schistosomiasis,Onchocerciasis,Filariasis,Trypanosomiasis,"###Instruction: You are a skilled doctor with years of experience in the medical field in Africa, working in a hospital setting. Your expertise spans a range of conditions from common ailments to complex diseases. As part of your commitment to ongoing medical education, you are evaluating a set of multiple choice questions (MCQs) designed for medical students. 
Carefully select the most appropriate answer based on your clinical knowledge. 
You should directly answer the question by choosing the correct option and then provide a rationale for your answer. 

###Question: Which of the following conditions, prevalent in Africa, is caused by the parasitic worm Schistosoma haematobium and is characterized by urinary tract symptoms such as hematuria, dysuria, and urinary frequency?
###Options:
A.  Malaria
B.  Schistosomiasis
C.  Onchocerciasis
D.  Filariasis
E.  Trypanosomiasis

###Answer:","B. Schistosomiasis

**Rationale:** Schistosomiasis, also known as bilharzia, is a disease caused by infection with freshwater parasitic worms in the genus Schistosoma. Schistosoma haematobium is specifically associated with urinary schistosomiasis, which is prevalent in Africa. This parasitic infection primarily affects the urinary tract and is characterized by symptoms such as hematuria (blood in urine), dysuria (painful urination), and urinary frequency. It is distinct from other diseases caused by different Schistosoma species, which tend to affect the gastrointestinal system. The other options—malaria, onchocerciasis, filariasis, and trypanosomiasis—are caused by different pathogens and present with different clinical features.",B,True,0.42477875620330485,0.19999999522755568,0.3893805261148094,0.87671095,0.9131544,0.89456165
36830ec76cf03ddc50aee1ee76f96f87d715bf3c51a8d2c1eb1552174921f630,"Which of the following conditions, prevalent in Africa, is characterized by an abnormal enlargement of the thyroid gland, often resulting in a visibly enlarged neck, and is commonly associated with dietary iodine deficiency?","Simple (nontoxic) goiter is characterized by an enlarged thyroid gland without associated thyroid dysfunction. It often results from dietary iodine deficiency, which is common in certain regions of Africa. Graves' disease is an autoimmune condition that causes hyperthyroidism and may result in goiter, but it is not primarily associated with dietary iodine deficiency. Thyroid adenoma refers to a benign tumor of the thyroid gland and is not typically related to iodine deficiency. Toxic multinodular goiter is characterized by multiple nodules in the thyroid gland that produce excessive thyroid hormones, leading to hyperthyroidism. Hashimoto's thyroiditis is an autoimmune condition that causes hypothyroidism and may lead to goiter, but it is not caused by dietary iodine deficiency.",5,E,Graves' disease,Thyroid adenoma,Toxic multinodular goiter,Hashimoto's thyroiditis,Simple (nontoxic) goiter,"###Instruction: You are a skilled doctor with years of experience in the medical field in Africa, working in a hospital setting. Your expertise spans a range of conditions from common ailments to complex diseases. As part of your commitment to ongoing medical education, you are evaluating a set of multiple choice questions (MCQs) designed for medical students. 
Carefully select the most appropriate answer based on your clinical knowledge. 
You should directly answer the question by choosing the correct option and then provide a rationale for your answer. 

###Question: Which of the following conditions, prevalent in Africa, is characterized by an abnormal enlargement of the thyroid gland, often resulting in a visibly enlarged neck, and is commonly associated with dietary iodine deficiency?
###Options:
A.  Graves' disease
B.  Thyroid adenoma
C.  Toxic multinodular goiter
D.  Hashimoto's thyroiditis
E.  Simple (nontoxic) goiter

###Answer:","E. Simple (nontoxic) goiter

Rationale: A simple (nontoxic) goiter is characterized by an abnormal enlargement of the thyroid gland and is often associated with dietary iodine deficiency, which remains prevalent in several parts of Africa. Therefore, this condition frequently results in a visibly enlarged neck. Unlike Graves' disease or toxic multinodular goiter, a simple goiter is not associated with hyperthyroidism. Thyroid adenoma involves localized thyroid enlargement due to nodules, and Hashimoto's thyroiditis is an autoimmune condition often leading to hypothyroidism, not directly linked to iodine deficiency. Thus, option E, simple (nontoxic) goiter, is the most appropriate answer.",E,True,0.5693430606958283,0.3027026977028489,0.5693430606958283,0.90127206,0.9156332,0.9083958
4bdae6cee470755356e125a26c5915f7f38bee0d76bfe1fcdfc493b8d37aa4ca,"Which of the following conditions, prevalent in Africa, is characterized by the progressive degeneration of dopaminergic neurons in the brain, leading to motor symptoms such as tremors, bradykinesia, and rigidity?","Parkinson's disease is a neurodegenerative disorder characterized by the progressive degeneration of dopaminergic neurons in the brain, particularly in the substantia nigra. This leads to motor symptoms such as tremors, bradykinesia (slowness of movement), rigidity, and postural instability. Parkinson's disease is prevalent worldwide, including in Africa, and it can significantly impact the quality of life of affected individuals. Huntington's disease is another neurodegenerative disorder characterized by involuntary movements, cognitive decline, and psychiatric symptoms. ALS is a progressive neurodegenerative disease affecting motor neurons. Multiple sclerosis is an autoimmune disease characterized by demyelination of nerve fibers. Alzheimer's disease is a neurodegenerative disorder primarily affecting cognition and memory.",5,A,Parkinson's disease,Huntington's disease,Amyotrophic lateral sclerosis (ALS),Multiple sclerosis,Alzheimer's disease,"###Instruction: You are a skilled doctor with years of experience in the medical field in Africa, working in a hospital setting. Your expertise spans a range of conditions from common ailments to complex diseases. As part of your commitment to ongoing medical education, you are evaluating a set of multiple choice questions (MCQs) designed for medical students. 
Carefully select the most appropriate answer based on your clinical knowledge. 
You should directly answer the question by choosing the correct option and then provide a rationale for your answer. 

###Question: Which of the following conditions, prevalent in Africa, is characterized by the progressive degeneration of dopaminergic neurons in the brain, leading to motor symptoms such as tremors, bradykinesia, and rigidity?
###Options:
A.  Parkinson's disease
B.  Huntington's disease
C.  Amyotrophic lateral sclerosis (ALS)
D.  Multiple sclerosis
E.  Alzheimer's disease

###Answer:","A. Parkinson's disease

Rationale: Parkinson's disease is characterized by the progressive degeneration of dopaminergic neurons in the substantia nigra of the brain. This degeneration leads to the hallmark motor symptoms of tremors, bradykinesia (slowness of movement), and rigidity. It is a neurodegenerative disorder that affects movement, often including non-motor symptoms as well. The other conditions listed have different pathophysiological mechanisms and clinical presentations. Huntington's disease involves genetic mutations leading to movement disorders and cognitive decline, ALS affects motor neurons resulting in muscle weakness, multiple sclerosis is an autoimmune condition affecting the central nervous system leading to various neurological deficits, and Alzheimer's disease is primarily associated with memory loss and cognitive decline.",A,True,0.5369127467429395,0.2944162386838105,0.49664429036710067,0.907647,0.9219212,0.9147284
91981e22b82fee08983c833fba023c9406d3374ea644a5f5edfd54ecc7a162ea,"Which of the following conditions, endemic in Africa, is characterized by inflammation and ulceration of the lining of the stomach or duodenum and is often caused by infection with the bacterium Helicobacter pylori?","Peptic ulcer disease involves the formation of ulcers in the lining of the stomach or duodenum and is often associated with infection by Helicobacter pylori bacteria. This condition is prevalent in Africa and can lead to symptoms such as abdominal pain, bloating, nausea, and vomiting. Gastritis refers to inflammation of the stomach lining and can contribute to the development of peptic ulcers. Gastroesophageal reflux disease (GERD) involves the reflux of stomach contents into the esophagus, leading to symptoms such as heartburn and regurgitation. Esophageal varices are dilated veins in the lower esophagus, often associated with liver cirrhosis and portal hypertension. Gastroenteritis is inflammation of the gastrointestinal tract, typically caused by viral, bacterial, or parasitic infections, and may present with symptoms such as diarrhea, vomiting, and abdominal pain.",5,B,Gastritis,Peptic ulcer disease,Gastroesophageal reflux disease (GERD),Esophageal varices,Gastroenteritis,"###Instruction: You are a skilled doctor with years of experience in the medical field in Africa, working in a hospital setting. Your expertise spans a range of conditions from common ailments to complex diseases. As part of your commitment to ongoing medical education, you are evaluating a set of multiple choice questions (MCQs) designed for medical students. 
Carefully select the most appropriate answer based on your clinical knowledge. 
You should directly answer the question by choosing the correct option and then provide a rationale for your answer. 

###Question: Which of the following conditions, endemic in Africa, is characterized by inflammation and ulceration of the lining of the stomach or duodenum and is often caused by infection with the bacterium Helicobacter pylori?
###Options:
A.  Gastritis
B.  Peptic ulcer disease
C.  Gastroesophageal reflux disease (GERD)
D.  Esophageal varices
E.  Gastroenteritis

###Answer:","B. Peptic ulcer disease

Rationale: Peptic ulcer disease (PUD) is a condition characterized by the development of ulcers, which are erosions in the lining of the stomach or the duodenum. This condition is often caused by an infection with the bacterium Helicobacter pylori, which is prevalent in Africa and many other parts of the world. While gastritis (option A) involves inflammation of the stomach lining and may also be associated with H. pylori infection, it does not primarily result in ulceration unless it progresses to peptic ulcer disease. Gastroesophageal reflux disease (option C) is characterized by acid reflux and not by ulcers in the stomach or duodenum. Esophageal varices (option D) are dilated veins in the esophagus, usually due to portal hypertension, and not related to H. pylori or ulcers. Gastroenteritis (option E) is inflammation of the stomach and intestines typically due to infections but is not specifically related to Helicobacter pylori or ulcers. Therefore, peptic ulcer disease is the correct answer.",B,True,0.5090909041131313,0.27091632971921087,0.48484847987070706,0.883978,0.8982828,0.891073
ddfbb9ca91d8b3d1a2b7aec48ad7c3a636a535d95b993703edd909b0842d570d,"Which of the following conditions, prevalent in Africa, is caused by infection with the protozoan parasite Trypanosoma cruzi, transmitted to humans through the bite of infected triatomine bugs, and can lead to chronic complications such as cardiomyopathy and gastrointestinal involvement?","Tuberculosis (TB) is a bacterial infection caused by Mycobacterium tuberculosis and primarily affects the lungs, although it can involve other organs as well. It is characterized by symptoms such as a chronic cough with sputum production, chest pain, weight loss, fatigue, and fever. TB is a major public health concern in Africa, with high rates of both incidence and mortality. Pneumonia is an acute infection of the lungs caused by various pathogens, including bacteria, viruses, and fungi. Bronchiectasis is a chronic respiratory condition characterized by irreversible dilatation of the bronchi and recurrent respiratory infections. Histoplasmosis and Cryptococcosis are fungal infections that can affect the lungs but are less prevalent in Africa compared to tuberculosis.",5,B,Sleeping sickness (African trypanosomiasis),Chagas disease,Leishmaniasis,Schistosomiasis,Onchocerciasis,"###Instruction: You are a skilled doctor with years of experience in the medical field in Africa, working in a hospital setting. Your expertise spans a range of conditions from common ailments to complex diseases. As part of your commitment to ongoing medical education, you are evaluating a set of multiple choice questions (MCQs) designed for medical students. 
Carefully select the most appropriate answer based on your clinical knowledge. 
You should directly answer the question by choosing the correct option and then provide a rationale for your answer. 

###Question: Which of the following conditions, prevalent in Africa, is caused by infection with the protozoan parasite Trypanosoma cruzi, transmitted to humans through the bite of infected triatomine bugs, and can lead to chronic complications such as cardiomyopathy and gastrointestinal involvement?
###Options:
A.  Sleeping sickness (African trypanosomiasis)
B.  Chagas disease
C.  Leishmaniasis
D.  Schistosomiasis
E.  Onchocerciasis

###Answer:","B. Chagas disease

**Rationale:** Chagas disease, also known as American trypanosomiasis, is caused by infection with the protozoan parasite Trypanosoma cruzi. It is primarily transmitted to humans through the feces of infected triatomine bugs, also known as ""kissing bugs."" The infection can result in chronic complications, including cardiomyopathy and gastrointestinal involvement, such as megacolon and megaesophagus. Although it is predominantly found in Central and South America, migrations and global travel have contributed to its presence in non-endemic regions, including parts of Africa, due to the presence of infected individuals. The other conditions listed are caused by different pathogens and transmission vectors: 

- Sleeping sickness (African trypanosomiasis) is caused by Trypanosoma brucei and transmitted by the tsetse fly.
- Leishmaniasis is caused by Leishmania species and transmitted by sand flies.
- Schistosomiasis is caused by Schistosoma species and is contracted through contact with contaminated fresh water.
- Onchocerciasis, also known as river blindness, is caused by the filarial worm Onchocerca volvulus and transmitted by blackflies.

Hence, the correct answer for the described disease pattern is Chagas disease (Option B).",B,True,0.21761657543987767,0.022813683400946524,0.19689118683884144,0.80256575,0.83594555,0.8189156
fcd5612cc9681306f690067cd61ba2fc29717248532a0a07a72a27bc41c646af,"Which of the following conditions, prevalent in Africa, is characterized by a chronic cough with sputum production, chest pain, weight loss, and fatigue, and is caused by infection with the bacterium Mycobacterium tuberculosis?","Tuberculosis (TB) is a bacterial infection caused by Mycobacterium tuberculosis and primarily affects the lungs, although it can involve other organs as well. It is characterized by symptoms such as a chronic cough with sputum production, chest pain, weight loss, fatigue, and fever. TB is a major public health concern in Africa, with high rates of both incidence and mortality. Pneumonia is an acute infection of the lungs caused by various pathogens, including bacteria, viruses, and fungi. Bronchiectasis is a chronic respiratory condition characterized by irreversible dilatation of the bronchi and recurrent respiratory infections. Histoplasmosis and Cryptococcosis are fungal infections that can affect the lungs but are less prevalent in Africa compared to tuberculosis.",5,C,Pneumonia,Bronchiectasis,Tuberculosis,Histoplasmosis,Cryptococcosis,"###Instruction: You are a skilled doctor with years of experience in the medical field in Africa, working in a hospital setting. Your expertise spans a range of conditions from common ailments to complex diseases. As part of your commitment to ongoing medical education, you are evaluating a set of multiple choice questions (MCQs) designed for medical students. 
Carefully select the most appropriate answer based on your clinical knowledge. 
You should directly answer the question by choosing the correct option and then provide a rationale for your answer. 

###Question: Which of the following conditions, prevalent in Africa, is characterized by a chronic cough with sputum production, chest pain, weight loss, and fatigue, and is caused by infection with the bacterium Mycobacterium tuberculosis?
###Options:
A.  Pneumonia
B.  Bronchiectasis
C.  Tuberculosis
D.  Histoplasmosis
E.  Cryptococcosis

###Answer:","C. Tuberculosis

Rationale: The symptoms described in the question—chronic cough with sputum production, chest pain, weight loss, and fatigue—are classic indicators of tuberculosis (TB), particularly when caused by infection with the bacterium Mycobacterium tuberculosis. Tuberculosis is highly prevalent in Africa due to a combination of factors, including socioeconomic challenges and high rates of HIV infection, which increase susceptibility to TB. The other conditions listed do not align as closely with both the symptomatology and the specific infectious agent mentioned in the question. Pneumonia typically involves acute symptoms, bronchiectasis involves chronic cough with sputum but is due to structural lung changes, and histoplasmosis and cryptococcosis are fungal infections with different epidemiology and presentation.",C,True,0.457831320304108,0.15023473678414792,0.42168674199085493,0.8813564,0.89283675,0.8870594
ba1e7e48b75f5187a4ee4070da4af956ed2e2f3ddd4e5546ace67dfd1bf98657,"Which of the following conditions, endemic to certain regions of Africa, is characterized by the presence of a palpable worm beneath the skin and is caused by infection with the parasitic worm Dracunculus medinensis?","Dracunculiasis, commonly known as Guinea worm disease, is caused by the parasitic worm Dracunculus medinensis. It is characterized by the presence of a palpable worm beneath the skin, typically in the lower extremities, which causes intense pain and inflammation. The disease is contracted by drinking water contaminated with copepods containing Guinea worm larvae. Dracunculiasis is endemic in certain regions of Africa, particularly in rural areas with limited access to safe drinking water and sanitation. Schistosomiasis is caused by parasitic worms of the genus Schistosoma and is transmitted through freshwater snails. Onchocerciasis is caused by Onchocerca volvulus and transmitted by black flies. Lymphatic filariasis is caused by filarial worms transmitted by mosquitoes. Loiasis is caused by the parasitic worm Loa loa and transmitted by tabanid flies.",5,C,Schistosomiasis,Onchocerciasis,Dracunculiasis (Guinea worm disease),Lymphatic filariasis,Loiasis,"###Instruction: You are a skilled doctor with years of experience in the medical field in Africa, working in a hospital setting. Your expertise spans a range of conditions from common ailments to complex diseases. As part of your commitment to ongoing medical education, you are evaluating a set of multiple choice questions (MCQs) designed for medical students. 
Carefully select the most appropriate answer based on your clinical knowledge. 
You should directly answer the question by choosing the correct option and then provide a rationale for your answer. 

###Question: Which of the following conditions, endemic to certain regions of Africa, is characterized by the presence of a palpable worm beneath the skin and is caused by infection with the parasitic worm Dracunculus medinensis?
###Options:
A.  Schistosomiasis
B.  Onchocerciasis
C.  Dracunculiasis (Guinea worm disease)
D.  Lymphatic filariasis
E.  Loiasis

###Answer:","C. Dracunculiasis (Guinea worm disease)

### Rationale:
Dracunculiasis, also known as Guinea worm disease, is caused by the parasitic worm Dracunculus medinensis. This condition is characterized by the emergence of a mature female worm, which is palpable under the skin, often leading to painful ulcers most frequently on the lower limbs. This disease is historically endemic to certain parts of Africa and parts of Asia. In contrast, other conditions listed such as Schistosomiasis, Onchocerciasis, Lymphatic filariasis, and Loiasis are caused by different parasites and present with different characteristic symptoms.",C,True,0.39999999501165284,0.18749999506564685,0.3862068915633769,0.89468795,0.8749557,0.88471186
cd8e66207528da65291a7ecad58e6654252e4f053ed99123fa033a4a1de5b245,Which is the law that defines the practice of medicine in Kenya?,The Kenya medical practitioners and dentist act is the law that governs/ defines the practice of medicine in Kenya.,4,B,Kenya medical practitioners act,Kenya medical practitioners and dentist act,The criminal procedure act,The public health act,,"###Instruction: You are a skilled doctor with years of experience in the medical field in Africa, working in a hospital setting. Your expertise spans a range of conditions from common ailments to complex diseases. As part of your commitment to ongoing medical education, you are evaluating a set of multiple choice questions (MCQs) designed for medical students. 
Carefully select the most appropriate answer based on your clinical knowledge. 
You should directly answer the question by choosing the correct option and then provide a rationale for your answer. 

###Question: Which is the law that defines the practice of medicine in Kenya?
###Options:
A.  Kenya medical practitioners act
B.  Kenya medical practitioners and dentist act
C.  The criminal procedure act
D.  The public health act

###Answer:","B. Kenya medical practitioners and dentist act

The correct answer is option B, the ""Kenya Medical Practitioners and Dentists Act."" This law governs the practice of medicine and dentistry in Kenya, establishing the regulations and standards that practitioners must adhere to. It sets out the criteria for registration and licensing of medical and dental practitioners and ensures the enforcement of professional conduct and standards in the medical field in Kenya. The other options, though relevant in their contexts, do not specifically define the practice of medicine.",B,True,0.3947368386322715,0.18181817884297521,0.3684210491585873,0.85908407,0.91060144,0.88409287
b91f31f39ece357f63af63f56a7eda9040f538acdc25c098e5f370c09586f946,Which of the following is not an indication of post mortem in Kenya?,A terminally ill patient dying at home is not an indication for  a post mortem in Kenya. The rest are.,5,B,A prisoner dying while in prison,Terminally ill patient on palliation while at home,A school girl falling from a motorbike,Body fished from a river upcountry,Starvation following a religious persuasion,"###Instruction: You are a skilled doctor with years of experience in the medical field in Africa, working in a hospital setting. Your expertise spans a range of conditions from common ailments to complex diseases. As part of your commitment to ongoing medical education, you are evaluating a set of multiple choice questions (MCQs) designed for medical students. 
Carefully select the most appropriate answer based on your clinical knowledge. 
You should directly answer the question by choosing the correct option and then provide a rationale for your answer. 

###Question: Which of the following is not an indication of post mortem in Kenya?
###Options:
A.  A prisoner dying while in prison
B.  Terminally ill patient on palliation while at home
C.  A school girl falling from a motorbike
D.  Body fished from a river upcountry
E.  Starvation following a religious persuasion

###Answer:","B. Terminally ill patient on palliation while at home

### Rationale:
In Kenya, as in many jurisdictions, a post-mortem examination or autopsy is performed in cases where the cause of death is unclear, suspicious, involves injury or accident, or occurs under legally defined circumstances. 

- Option A: A prisoner dying while in prison typically warrants an autopsy to rule out foul play or to verify the cause of death in a controlled environment.
- Option C: A school girl falling from a motorbike represents an accidental death scenario. Post-mortems in such cases are conducted to ascertain the exact cause of death and rule out any contributing factors or foul play.
- Option D: A body fished from a river is considered an unnatural death, warranting an autopsy to determine the cause and manner of death and potentially provide answers to legal queries.
- Option E: Death by starvation following religious persuasion is considered an unnatural and potentially contentious death that often requires a post-mortem to definitively establish the cause and exclude other factors.

In contrast, a terminally ill patient receiving palliative care at home, as described in option B, generally would not require a post-mortem, assuming the death aligns with the known course of their illness and other circumstances around the death are non-suspicious.",B,True,0.17333333102222226,0.028985505579126793,0.17333333102222226,0.7938145,0.87892395,0.8342041
d0036f54c8bd50a3d5ad9dcc29e1d783d262b7f40e48f1c977471ef10bf84cc9,Correct about breastfeeding in Kenya 2022,Exclusive breastfeeding allows for the children to build up immunity against most of the trigger factors for asthma.,5,E,Infants should be breastfed exclusively for 4 months,Only 30% of children are exclusively breastfed,"In the baby friendly initiative, mothers with inverted nipples should still breastfeed exclusively","In HIV infected babies, breastfeeding should stop at one year",Exclusive breastfeeding reduces the incidence of asthma.,"###Instruction: You are a skilled doctor with years of experience in the medical field in Africa, working in a hospital setting. Your expertise spans a range of conditions from common ailments to complex diseases. As part of your commitment to ongoing medical education, you are evaluating a set of multiple choice questions (MCQs) designed for medical students. 
Carefully select the most appropriate answer based on your clinical knowledge. 
You should directly answer the question by choosing the correct option and then provide a rationale for your answer. 

###Question: Correct about breastfeeding in Kenya 2022
###Options:
A.  Infants should be breastfed exclusively for 4 months
B.  Only 30% of children are exclusively breastfed
C.  In the baby friendly initiative, mothers with inverted nipples should still breastfeed exclusively
D.  In HIV infected babies, breastfeeding should stop at one year
E.  Exclusive breastfeeding reduces the incidence of asthma.

###Answer:","C. In the baby friendly initiative, mothers with inverted nipples should still breastfeed exclusively.

Rationale: According to the recommendations and guidelines related to breastfeeding, the Baby-Friendly Hospital Initiative, which has been widely promoted globally including in Kenya, encourages exclusive breastfeeding as an optimal feeding practice. This initiative advises that mothers, even those with challenges such as inverted nipples, should be supported to exclusively breastfeed their infants. There are various techniques and supports available to assist mothers with inverted nipples to successfully breastfeed. 

Option A is incorrect because the recommended duration for exclusive breastfeeding according to the World Health Organization (WHO) is for the first 6 months, not 4 months. 

Option B is likely an incorrect statistic as exclusive breastfeeding rates vary, but globally, efforts are being made to increase these rates.

Option D is incorrect; for HIV-exposed infants, WHO guidelines recommend breastfeeding for at least 12 months and even up to 24 months with antiretroviral therapy to reduce transmission risk.

Option E, while exclusive breastfeeding has numerous health benefits, its direct impact specifically on reducing asthma incidence is not definitively established as a primary benefit in guidelines. 

Therefore, C is the most appropriate answer.",C,False,0.09395972962659344,0.009852215214152488,0.09395972962659344,0.7971803,0.8526609,0.8239877
ad3a4ef4674605a9d0bb7c9ee0b72e02eea241760e19eaa85a4a19f1ce51beca,African tick bite fever is caused by the bacterium Borrelia burgdorferi.,African tick bite fever is caused by the bacterium Rickettsia africae and is transmitted through the bite of infected ticks.,2,B,True,False,,,,"###Instruction: You are a skilled doctor with years of experience in the medical field in Africa, working in a hospital setting. Your expertise spans a range of conditions from common ailments to complex diseases. As part of your commitment to ongoing medical education, you are evaluating a set of multiple choice questions (MCQs) designed for medical students. 
Carefully select the most appropriate answer based on your clinical knowledge. 
You should directly answer the question by choosing the correct option and then provide a rationale for your answer. 

###Question: African tick bite fever is caused by the bacterium Borrelia burgdorferi.
###Options:
A.  True
B.  False

###Answer:","B. False

African tick bite fever is actually caused by the bacterium Rickettsia africae, not Borrelia burgdorferi. Borrelia burgdorferi is the causative agent of Lyme disease, which is more commonly found in North America and parts of Europe. African tick bite fever is a type of spotted fever that occurs in sub-Saharan Africa and is associated with the bite of infected Amblyomma ticks.",B,True,0.4590163894221984,0.31578946993421053,0.4590163894221984,0.8499942,0.93939126,0.89245963
4c6296943a69a103d2940e6bdb988e6e328e512d77cb5a0e67cda9b7d2a97db1,Which of the following is the most common type of cancer in Nigeria?,"Breast cancer is the most common type of cancer in Nigeria, accounting for 18.2% of all cancer cases.",5,A,Breast cancer,Prostate cancer,Cervical cancer,Colorectal cancer,Liver cancer,"###Instruction: You are a skilled doctor with years of experience in the medical field in Africa, working in a hospital setting. Your expertise spans a range of conditions from common ailments to complex diseases. As part of your commitment to ongoing medical education, you are evaluating a set of multiple choice questions (MCQs) designed for medical students. 
Carefully select the most appropriate answer based on your clinical knowledge. 
You should directly answer the question by choosing the correct option and then provide a rationale for your answer. 

###Question: Which of the following is the most common type of cancer in Nigeria?
###Options:
A.  Breast cancer
B.  Prostate cancer
C.  Cervical cancer
D.  Colorectal cancer
E.  Liver cancer

###Answer:","A. Breast cancer

Breast cancer is the most common type of cancer in Nigeria. Epidemiological data indicates that breast cancer has the highest incidence among women, making it a significant public health concern. While cervical cancer also represents a significant burden, breast cancer surpasses it in terms of frequency. Public health efforts and screening programs in Nigeria often focus heavily on these two types due to their prevalence and the potential for early detection and treatment.",A,True,0.273972599316945,0.20224718778437067,0.273972599316945,0.8576022,0.9050835,0.88070333
8c23017df2fdf196974821dfdc41824cfcdccc237230b1a01ddad6732f767f31,What is the most common cause of chronic kidney disease (CKD) in sub-Saharan Africa?,"Schistosomiasis, also known as bilharzia, is a parasitic disease caused by infection with blood flukes of the genus Schistosoma. It is endemic in many parts of sub-Saharan Africa, particularly in areas with poor sanitation and limited access to clean water. Chronic infection with Schistosoma can lead to complications such as chronic kidney disease (CKD), with renal involvement being a common manifestation. In endemic areas, schistosomiasis is a major cause of CKD, making it the most common cause of CKD in sub-Saharan Africa.",5,D,Diabetes mellitus,Hypertensive nephrosclerosis,HIV-associated nephropathy,Schistosomiasis,Alport syndrome,"###Instruction: You are a skilled doctor with years of experience in the medical field in Africa, working in a hospital setting. Your expertise spans a range of conditions from common ailments to complex diseases. As part of your commitment to ongoing medical education, you are evaluating a set of multiple choice questions (MCQs) designed for medical students. 
Carefully select the most appropriate answer based on your clinical knowledge. 
You should directly answer the question by choosing the correct option and then provide a rationale for your answer. 

###Question: What is the most common cause of chronic kidney disease (CKD) in sub-Saharan Africa?
###Options:
A.  Diabetes mellitus
B.  Hypertensive nephrosclerosis
C.  HIV-associated nephropathy
D.  Schistosomiasis
E.  Alport syndrome

###Answer:","B. Hypertensive nephrosclerosis

Rationale: In sub-Saharan Africa, hypertensive nephrosclerosis is recognized as a leading cause of chronic kidney disease (CKD). The region has a high prevalence of hypertension, which is frequently uncontrolled due to various factors including limited access to healthcare, late diagnosis, and challenges in adherence to treatment. While HIV-associated nephropathy is also prevalent due to the high incidence of HIV, many cases of CKD are attributable to hypertension. Diabetes mellitus is a common cause of CKD globally, but in sub-Saharan Africa, hypertension remains the predominant contributor. Schistosomiasis and Alport syndrome are less common causes of CKD in this context.",B,False,0.3181818132231406,0.13872831874770308,0.28787878292011027,0.8597317,0.86793655,0.8638146
489581f3c6efa2177af3a083b48fbd52c4e8a341103c528244e1daf9df2780e0," What is the most common cause of acute diarrhea in Africa, particularly in children under 5 years of age?","Rotavirus is the leading cause of acute diarrhea in African children, contributing significantly to morbidity and mortality.",5,A,Rotavirus,Salmonella,Giardia lamblia,Escherichia coli,Shigella,"###Instruction: You are a skilled doctor with years of experience in the medical field in Africa, working in a hospital setting. Your expertise spans a range of conditions from common ailments to complex diseases. As part of your commitment to ongoing medical education, you are evaluating a set of multiple choice questions (MCQs) designed for medical students. 
Carefully select the most appropriate answer based on your clinical knowledge. 
You should directly answer the question by choosing the correct option and then provide a rationale for your answer. 

###Question:  What is the most common cause of acute diarrhea in Africa, particularly in children under 5 years of age?
###Options:
A.  Rotavirus
B.  Salmonella
C.  Giardia lamblia
D.  Escherichia coli
E.  Shigella

###Answer:","A. Rotavirus

Rationale: Rotavirus is one of the leading causes of acute diarrhea in children under five years of age globally, and this is particularly true in Africa. It is a highly contagious virus that can lead to severe dehydration, which is a significant concern in low-resource settings where access to medical care and rehydration therapy may be limited. Although vaccination has significantly reduced the incidence of rotavirus infections in many parts of the world, rotavirus remains a major public health challenge in African countries where vaccine coverage may be suboptimal. The other options listed, such as Salmonella, Giardia lamblia, Escherichia coli, and Shigella, can also cause diarrhea, but rotavirus is most commonly associated with acute cases in young children in this region.",A,True,0.2385321074589681,0.08888888679945137,0.2201834836057571,0.83114094,0.9038415,0.86596805
0f46c8b52dd21fc4d659bdd37e543323612714bf5e9706163319a5e86052b26a,Which of the following is a common complication of untreated chronic hepatitis B infection in African populations?,"Chronic hepatitis B infection is a major risk factor for the development of HCC, particularly in regions with high endemicity such as Africa.",5,B,Cirrhosis,Hepatocellular carcinoma (HCC),Portal hypertension,Ascites,Hepatic encephalopathy,"###Instruction: You are a skilled doctor with years of experience in the medical field in Africa, working in a hospital setting. Your expertise spans a range of conditions from common ailments to complex diseases. As part of your commitment to ongoing medical education, you are evaluating a set of multiple choice questions (MCQs) designed for medical students. 
Carefully select the most appropriate answer based on your clinical knowledge. 
You should directly answer the question by choosing the correct option and then provide a rationale for your answer. 

###Question: Which of the following is a common complication of untreated chronic hepatitis B infection in African populations?
###Options:
A.  Cirrhosis
B.  Hepatocellular carcinoma (HCC)
C.  Portal hypertension
D.  Ascites
E.  Hepatic encephalopathy

###Answer:","B. Hepatocellular carcinoma (HCC)

**Rationale:** Chronic hepatitis B infection is a significant health concern in African populations, where the prevalence of hepatitis B virus (HBV) is relatively high compared to other regions. One of the most severe complications associated with untreated chronic hepatitis B infection is the development of hepatocellular carcinoma (HCC). Chronic HBV infection leads to liver inflammation and fibrosis, which can progress to cirrhosis. In turn, both the ongoing inflammation and cirrhosis increase the risk of developing HCC. While cirrhosis (Option A) is also a common complication, HCC is particularly noteworthy due to its aggressive nature and the high mortality associated with it. Portal hypertension (Option C), ascites (Option D), and hepatic encephalopathy (Option E) are more directly linked to cirrhosis and its complications rather than being primary complications of hepatitis B infection itself. Thus, hepatocellular carcinoma is the most appropriate answer given its specific and significant association with chronic hepatitis B infection in African populations.",B,True,0.25641025325151584,0.08695651937965362,0.20512820196946455,0.8088236,0.8906811,0.847781
5dd4a3a42eb75c3db6df11f632cc2243dc19e71f887368cb78970aed00813644,What is the primary causative organism of African tick bite fever?,"African tick bite fever is caused by the bacterium Rickettsia africae, transmitted through the bite of infected ticks.",5,E,Coxiella burnetii,Francisella tularensis,Anaplasma phagocytophilum,Borrelia burgdorferi,Rickettsia africae,"###Instruction: You are a skilled doctor with years of experience in the medical field in Africa, working in a hospital setting. Your expertise spans a range of conditions from common ailments to complex diseases. As part of your commitment to ongoing medical education, you are evaluating a set of multiple choice questions (MCQs) designed for medical students. 
Carefully select the most appropriate answer based on your clinical knowledge. 
You should directly answer the question by choosing the correct option and then provide a rationale for your answer. 

###Question: What is the primary causative organism of African tick bite fever?
###Options:
A.  Coxiella burnetii
B.  Francisella tularensis
C.  Anaplasma phagocytophilum
D.  Borrelia burgdorferi
E.  Rickettsia africae

###Answer:","E. Rickettsia africae

### Rationale:
African tick bite fever is a tick-borne illness primarily caused by the bacterium Rickettsia africae. It belongs to the group of diseases known as spotted fevers, which are transmitted by ticks. This condition is endemic in rural sub-Saharan Africa and the West Indies. Patients often present with fever, headaches, and an eschar at the site of the tick bite. None of the other organisms listed—Coxiella burnetii (associated with Q fever), Francisella tularensis (responsible for tularemia), Anaplasma phagocytophilum (known for causing human granulocytic anaplasmosis), and Borrelia burgdorferi (the causative agent of Lyme disease)—are responsible for African tick bite fever. Thus, the most appropriate answer is Rickettsia africae.",E,True,0.259999997312,0.1333333309013889,0.23999999731200003,0.8137746,0.9177106,0.8626231
45db7d81dae15015119d41b654be7847bf2c797c61a4583a75d4a33688ce38af,Pneumocystis pneumonia (PCP) is a common opportunistic infection seen in people living with HIV/AIDS in Africa.,"Pneumocystis pneumonia (PCP) is a common opportunistic infection in HIV/AIDS patients, particularly in Africa, due to the high burden of HIV/AIDS and limited access to prophylactic treatment.",2,A,True,False,,,,"###Instruction: You are a skilled doctor with years of experience in the medical field in Africa, working in a hospital setting. Your expertise spans a range of conditions from common ailments to complex diseases. As part of your commitment to ongoing medical education, you are evaluating a set of multiple choice questions (MCQs) designed for medical students. 
Carefully select the most appropriate answer based on your clinical knowledge. 
You should directly answer the question by choosing the correct option and then provide a rationale for your answer. 

###Question: Pneumocystis pneumonia (PCP) is a common opportunistic infection seen in people living with HIV/AIDS in Africa.
###Options:
A.  True
B.  False

###Answer:","A. True

**Rationale:** Pneumocystis pneumonia (PCP), caused by the organism Pneumocystis jirovecii, is indeed a common opportunistic infection seen in people living with HIV/AIDS, including those in Africa. Due to the immunosuppression caused by HIV, individuals are more susceptible to opportunistic infections like PCP. PCP was one of the most common and severe opportunistic infections in people living with HIV before the advent of effective antiretroviral therapy (ART). Even with ART, in resource-limited settings such as parts of Africa, PCP remains a significant concern due to challenges in accessing comprehensive healthcare services and treatment.",A,True,0.3260869526654065,0.10526315437365354,0.3260869526654065,0.85701424,0.9084687,0.88199174
5d4e102c7256e8d1b5c26757f3c7b8c46117ef34c478c3664720b4f418a10634,Which of the following is a common presentation of African endemic dracunculiasis?,African endemic dracunculiasis (guinea worm disease) often presents with a skin ulcer from which the adult worm emerges.,5,B,Joint pain and swelling,Skin ulcer with worm emergence,Intermittent fever,Muscle weakness,None of the above,"###Instruction: You are a skilled doctor with years of experience in the medical field in Africa, working in a hospital setting. Your expertise spans a range of conditions from common ailments to complex diseases. As part of your commitment to ongoing medical education, you are evaluating a set of multiple choice questions (MCQs) designed for medical students. 
Carefully select the most appropriate answer based on your clinical knowledge. 
You should directly answer the question by choosing the correct option and then provide a rationale for your answer. 

###Question: Which of the following is a common presentation of African endemic dracunculiasis?
###Options:
A.  Joint pain and swelling
B.  Skin ulcer with worm emergence
C.  Intermittent fever
D.  Muscle weakness
E.  None of the above

###Answer:","B. Skin ulcer with worm emergence

Rationale: Dracunculiasis, also known as Guinea worm disease, is caused by the parasitic worm Dracunculus medinensis. It is endemic to some rural areas in Africa and is characterized by the emergence of the adult female worm from the skin, usually from the legs or feet. This process begins with the formation of a painful skin ulcer, where the worm eventually emerges. This is the hallmark presentation of dracunculiasis. The other options listed, such as joint pain and swelling, intermittent fever, or muscle weakness, are not the typical manifestations of this condition.",B,True,0.24999999688274793,0.018018015424073098,0.20454545142820255,0.8537368,0.90471905,0.8784889
777b9308ad770346356aa0127a05c82cb99a8ed635d673cf56d602ceae725b50,"A 25-year-old woman presents to the clinic with a 2-week history of fever, headache, and joint pain. She also complains of a rash on her legs that started a few days ago. She has a history of traveling to a rural area in West Africa last month. Which of the following is the most likely diagnosis?",Yellow fever is endemic in West Africa and is transmitted by the Aedes aegypti mosquito. The patient's travel history and symptoms are suggestive of yellow fever.,5,D,Dengue fever,Malaria,Lyme disease,Yellow fever,Zika virus,"###Instruction: You are a skilled doctor with years of experience in the medical field in Africa, working in a hospital setting. Your expertise spans a range of conditions from common ailments to complex diseases. As part of your commitment to ongoing medical education, you are evaluating a set of multiple choice questions (MCQs) designed for medical students. 
Carefully select the most appropriate answer based on your clinical knowledge. 
You should directly answer the question by choosing the correct option and then provide a rationale for your answer. 

###Question: A 25-year-old woman presents to the clinic with a 2-week history of fever, headache, and joint pain. She also complains of a rash on her legs that started a few days ago. She has a history of traveling to a rural area in West Africa last month. Which of the following is the most likely diagnosis?
###Options:
A.  Dengue fever
B.  Malaria
C.  Lyme disease
D.  Yellow fever
E.  Zika virus

###Answer:","The correct answer is B. Malaria.

**Rationale:**

- The symptoms presented by the patient, including fever, headache, and joint pain, are common in several tropical diseases, but her recent travel history to West Africa is a critical clue.
- Malaria is highly prevalent in West Africa and travelers to that region are at increased risk of contracting the disease. The history of a recent trip to a rural area in West Africa aligns with malaria's common geographic distribution.
- While dengue fever, yellow fever, and Zika virus also cause fever and rash, they are less endemic to rural areas in West Africa compared to malaria. 
- The presentation of a rash is not classic for malaria, but it can occur, and the systematic involvement (fever, headache, joint pain) strongly suggests malaria given the geographic context.
- Lyme disease, caused by tick bites, is unlikely due to the geographic mismatch. 

Considering these points, malaria is the most likely diagnosis given her symptoms and recent travel history.",B,False,0.25806451310744016,0.05586591938453866,0.25806451310744016,0.8232858,0.86137164,0.8418982
be7b6a814040c8f33c99323823c89474693fcdee0d735c2fe732dcf274cd1253,Most common cause of renal artery stenosis in children in  Kenya is,"Most common cause of renal artery stenosis in children
Kenya- Takayasu arteritis
Western countries - Fibromuscular dysplasia",5,A,Takayasu Aortoarteritis,Fibromedial hypertrophy,Fibrointimal hyperplasia,Polyarteritis Nodosa,None of the above,"###Instruction: You are a skilled doctor with years of experience in the medical field in Africa, working in a hospital setting. Your expertise spans a range of conditions from common ailments to complex diseases. As part of your commitment to ongoing medical education, you are evaluating a set of multiple choice questions (MCQs) designed for medical students. 
Carefully select the most appropriate answer based on your clinical knowledge. 
You should directly answer the question by choosing the correct option and then provide a rationale for your answer. 

###Question: Most common cause of renal artery stenosis in children in  Kenya is
###Options:
A.  Takayasu Aortoarteritis
B.  Fibromedial hypertrophy
C.  Fibrointimal hyperplasia
D.  Polyarteritis Nodosa
E.  None of the above

###Answer:","###Answer: A. Takayasu Aortoarteritis

###Rationale:
Renal artery stenosis in children can be due to various causes, but in the context of Kenya and much of sub-Saharan Africa, Takayasu Aortoarteritis is the most common cause. This condition is a type of large vessel vasculitis that often affects young individuals, particularly females, and can lead to stenosis of the major arteries, including the renal arteries. Fibromedial hypertrophy and fibrointimal hyperplasia are more common causes in adults within a different demographic context, usually affecting people in western countries. Polyarteritis Nodosa is less common in children and would usually have a different clinical presentation. Thus, among the options, Takayasu Aortoarteritis is the most likely cause of renal artery stenosis in children in Kenya.",A,True,0.2127659544839294,0.11290322355879295,0.2127659544839294,0.82641286,0.87909865,0.85194194
cc2d6067ddda5437e1a1df0b133c3103c945f7f5a3dd67ff4fd27a07f5ce36e9,Lassa and Ebola are emergent viruses in W. Africa. What is their origin?,"Following the discovery of these ebolaviruses, scientists studied thousands of animals, insects, and plants in search of the source, or reservoir host. It is believed that African fruit bats are likely involved in the spread of ebolaviruses and may even be the reservoir host.",5,B,Humans,Fruit bats,Primates,pigs,Rats,"###Instruction: You are a skilled doctor with years of experience in the medical field in Africa, working in a hospital setting. Your expertise spans a range of conditions from common ailments to complex diseases. As part of your commitment to ongoing medical education, you are evaluating a set of multiple choice questions (MCQs) designed for medical students. 
Carefully select the most appropriate answer based on your clinical knowledge. 
You should directly answer the question by choosing the correct option and then provide a rationale for your answer. 

###Question: Lassa and Ebola are emergent viruses in W. Africa. What is their origin?
###Options:
A.  Humans
B.  Fruit bats
C.  Primates
D.  pigs
E.  Rats

###Answer:","B. Fruit bats

Rationale: Both Lassa virus and Ebola virus are zoonotic diseases that have been linked to animal reservoirs in West Africa. While the natural reservoir for the Lassa virus is the multimammate rat (Mastomys natalensis), the Ebola virus is believed to have a natural reservoir in fruit bats, particularly species within the family Pteropodidae. Therefore, for Ebola, fruit bats are considered the primary reservoir. It’s important to distinguish between these two as Lassa virus is indeed associated with rats, but since the question asks about the origin of ""Lassa and Ebola,"" the correct answer for both viruses collectively points towards fruit bats, especially for Ebola. Therefore, in this context of both viruses, fruit bats are the common link in discussions of viral origins despite the specific reservoir for Lassa being rats.",B,True,0.20168066818727498,0.036585362043426925,0.16806722280912378,0.8237316,0.85832644,0.8406732
23dfbc125d55e4afc07e72c6aa405c530e77779761141438f2bde6c4b2569729," A 40-year-old African patient presents with painless, firm, enlarged lymph nodes in the cervical and axillary regions. Excisional lymph node biopsy reveals a diffuse proliferation of large, pleomorphic lymphoid cells expressing CD15 and CD30. Which of the following conditions is most likely responsible for this presentation?","ALCL is characterized by large, pleomorphic lymphoid cells expressing CD30, often presenting with painless lymphadenopathy and peripheral blood eosinophilia.",5,D,Diffuse large B-cell lymphoma (DLBCL),Follicular lymphoma,Mantle cell lymphoma,Anaplastic large cell lymphoma (ALCL),Burkitt lymphoma,"###Instruction: You are a skilled doctor with years of experience in the medical field in Africa, working in a hospital setting. Your expertise spans a range of conditions from common ailments to complex diseases. As part of your commitment to ongoing medical education, you are evaluating a set of multiple choice questions (MCQs) designed for medical students. 
Carefully select the most appropriate answer based on your clinical knowledge. 
You should directly answer the question by choosing the correct option and then provide a rationale for your answer. 

###Question:  A 40-year-old African patient presents with painless, firm, enlarged lymph nodes in the cervical and axillary regions. Excisional lymph node biopsy reveals a diffuse proliferation of large, pleomorphic lymphoid cells expressing CD15 and CD30. Which of the following conditions is most likely responsible for this presentation?
###Options:
A.  Diffuse large B-cell lymphoma (DLBCL)
B.  Follicular lymphoma
C.  Mantle cell lymphoma
D.  Anaplastic large cell lymphoma (ALCL)
E.  Burkitt lymphoma

###Answer:","D. Anaplastic large cell lymphoma (ALCL)

The patient's clinical presentation and the immunophenotypic profile given in the question are most consistent with anaplastic large cell lymphoma (ALCL). ALCL is a type of non-Hodgkin lymphoma characterized by large, pleomorphic lymphoid cells that often express CD30 and have variable expression of CD15. While CD15 is more commonly associated with classical Hodgkin lymphoma, the combination of CD15 and CD30 can be seen in ALCL, particularly in cases where the morphology is pleomorphic and involves large cells.

On the other hand, diffuse large B-cell lymphoma (DLBCL) typically expresses B-cell markers such as CD19, CD20, and CD79a rather than CD30 and CD15. Follicular lymphoma usually presents with a proliferation of small cleaved follicle center cells and expresses CD10 and BCL2. Mantle cell lymphoma generally expresses CD5 and cyclin D1, while Burkitt lymphoma is associated with a high proliferation index, starry-sky appearance, and expression of CD10 and BCL6, often lacking CD30 and CD15.

Thus, based on these options and the given immunophenotypic profile, anaplastic large cell lymphoma (ALCL) is the most likely diagnosis.",D,True,0.17599999742208006,0.06779660834243038,0.17599999742208006,0.8145085,0.8620857,0.83762205
b844d43bfd0513f31128936956ee75a5b9d2e26e2b7cc8a01c7d1ecc183a36ef,Which of the following is a common cause of blindness in African populations?,"Trachoma, a bacterial infection caused by Chlamydia trachomatis, is a leading cause of preventable blindness in Africa, particularly in rural communities with poor sanitation.",5,A,Trachoma,Onchocerciasis,Vitamin A deficiency,Glaucoma,Cataracts,"###Instruction: You are a skilled doctor with years of experience in the medical field in Africa, working in a hospital setting. Your expertise spans a range of conditions from common ailments to complex diseases. As part of your commitment to ongoing medical education, you are evaluating a set of multiple choice questions (MCQs) designed for medical students. 
Carefully select the most appropriate answer based on your clinical knowledge. 
You should directly answer the question by choosing the correct option and then provide a rationale for your answer. 

###Question: Which of the following is a common cause of blindness in African populations?
###Options:
A.  Trachoma
B.  Onchocerciasis
C.  Vitamin A deficiency
D.  Glaucoma
E.  Cataracts

###Answer:","E. Cataracts

Cataracts are the leading cause of blindness globally, including in African populations. They are particularly prevalent due to limited access to surgical treatment in many parts of Africa. Although trachoma, onchocerciasis, and vitamin A deficiency are also significant public health concerns and can lead to blindness, cataracts remain the most common cause due to age-related changes. Glaucoma is also a significant cause of irreversible blindness but is less prevalent than cataracts. Therefore, in the context of African populations, cataracts are the most common cause of blindness.",E,False,0.20512820107823804,0.03921568278162277,0.20512820107823804,0.84729594,0.86179125,0.8544822
95b269f7df19878acf8cdf131ad12ac1076647cf68dddd1e430db80c3d2c4fdf,Which of the following is not a recommended Artemisinin-based combination therapy in Nigeria? ,Artesunate-chloroquine is not recommended for use in Nigeria ,5,E,Arthemeter-Lumefantrine,Artesunate-Amodiaquine,Dihydroartemisinin Piperaquine,Artesunate-Pyronaridin,Artesunate-chloroquine,"###Instruction: You are a skilled doctor with years of experience in the medical field in Africa, working in a hospital setting. Your expertise spans a range of conditions from common ailments to complex diseases. As part of your commitment to ongoing medical education, you are evaluating a set of multiple choice questions (MCQs) designed for medical students. 
Carefully select the most appropriate answer based on your clinical knowledge. 
You should directly answer the question by choosing the correct option and then provide a rationale for your answer. 

###Question: Which of the following is not a recommended Artemisinin-based combination therapy in Nigeria? 
###Options:
A.  Arthemeter-Lumefantrine
B.  Artesunate-Amodiaquine
C.  Dihydroartemisinin Piperaquine
D.  Artesunate-Pyronaridin
E.  Artesunate-chloroquine

###Answer:","E. Artesunate-chloroquine

**Rationale:**
Artemisinin-based combination therapies (ACTs) are recommended for the treatment of uncomplicated malaria in many parts of the world, including Nigeria. According to the Nigerian national guidelines for malaria treatment, the recommended ACTs include Arthemeter-Lumefantrine, Artesunate-Amodiaquine, and Dihydroartemisinin Piperaquine. Artesunate-Pyronaridin, although not one of the more common combinations, may still be used in some contexts based on specific guidelines or research protocols.

However, Artesunate-chloroquine is not recommended as chloroquine is no longer considered effective for treating Plasmodium falciparum malaria in Nigeria due to widespread resistance. Therefore, this combination is not used in current practice for malaria treatment in Nigeria.",E,True,0.1772151880531966,0.09900989970002941,0.1772151880531966,0.80862784,0.8790491,0.84236926
7059b0e3b0d0539aadb510a8d47a7376404ce131a2ea310bc5fadb1f1dc7e677,Which of the following is a common complication of untreated diabetes mellitus in African adults?,"Untreated diabetes mellitus in African adults can lead to various complications, including nephropathy, retinopathy, neuropathy, and ketoacidosis",5,E,Diabetic nephropathy,Diabetic retinopathy,Diabetic neuropathy,Diabetic ketoacidosis,All of the above,"###Instruction: You are a skilled doctor with years of experience in the medical field in Africa, working in a hospital setting. Your expertise spans a range of conditions from common ailments to complex diseases. As part of your commitment to ongoing medical education, you are evaluating a set of multiple choice questions (MCQs) designed for medical students. 
Carefully select the most appropriate answer based on your clinical knowledge. 
You should directly answer the question by choosing the correct option and then provide a rationale for your answer. 

###Question: Which of the following is a common complication of untreated diabetes mellitus in African adults?
###Options:
A.  Diabetic nephropathy
B.  Diabetic retinopathy
C.  Diabetic neuropathy
D.  Diabetic ketoacidosis
E.  All of the above

###Answer:","###Answer: E. All of the above

###Rationale:
Diabetes mellitus, when uncontrolled or untreated, can lead to a range of chronic and acute complications, all of which are relevant to African adults as well as other populations. 

- **Diabetic nephropathy (A):** This is a microvascular complication characterized by damage to the kidneys' filtering units, potentially leading to chronic kidney disease or end-stage renal failure.

- **Diabetic retinopathy (B):** Another microvascular complication, this affects the blood vessels in the retina and can lead to vision impairment or blindness if not managed appropriately.

- **Diabetic neuropathy (C):** This involves nerve damage and can manifest as peripheral neuropathy, autonomic neuropathy, or other forms affecting the nervous system.

- **Diabetic ketoacidosis (D):** This is an acute and potentially life-threatening condition mostly associated with Type 1 diabetes but can occur in Type 2. It arises from a significant deficiency in insulin leading to the breakdown of fat and production of ketones.

Given that all the listed conditions are indeed common complications associated with untreated diabetes, particularly in resource-limited settings where access to regular medical care and glycemic control can be challenging, option E, ""All of the above,"" is the most appropriate answer.",E,True,0.14569536224025265,0.02999999852800007,0.09271522978992154,0.8095819,0.89911526,0.85200286
1348ede3383be9e03d3567043e0f616f60c67bf50a65ab2d08b57205a3ac6eda,"A 25-year-old woman presents to the clinic with a 2-week history of fever, joint pain, and a papular rash on her arms and legs. She also reports a recent history of travel to a rural area in Uganda. Which of the following is the most likely diagnosis?",Buruli ulcer is a bacterial infection caused by Mycobacterium ulcerans that is endemic in rural areas of Uganda and other African countries. The disease typically presents with a painless nodule or papule that progresses to a large ulcer with undermined edges.,5,E,Dengue fever,Malaria,Rheumatoid arthritis,Tuberculosis,Buruli ulcer,"###Instruction: You are a skilled doctor with years of experience in the medical field in Africa, working in a hospital setting. Your expertise spans a range of conditions from common ailments to complex diseases. As part of your commitment to ongoing medical education, you are evaluating a set of multiple choice questions (MCQs) designed for medical students. 
Carefully select the most appropriate answer based on your clinical knowledge. 
You should directly answer the question by choosing the correct option and then provide a rationale for your answer. 

###Question: A 25-year-old woman presents to the clinic with a 2-week history of fever, joint pain, and a papular rash on her arms and legs. She also reports a recent history of travel to a rural area in Uganda. Which of the following is the most likely diagnosis?
###Options:
A.  Dengue fever
B.  Malaria
C.  Rheumatoid arthritis
D.  Tuberculosis
E.  Buruli ulcer

###Answer:","B. Malaria

Rationale: The symptoms presented by the 25-year-old woman—fever, joint pain, and rash—coupled with her recent travel history to a rural area in Uganda, make malaria the most likely diagnosis. Malaria is endemic in many parts of Africa, including rural Uganda, and is a common cause of fever in travelers returning from such regions. Dengue fever could also cause similar symptoms but is less prevalent in this specific geographic area compared to malaria. Rheumatoid arthritis is less likely with this acute presentation and travel history, while tuberculosis primarily affects the lungs and would not typically present with a rash and acute joint pain. Buruli ulcer presents as a chronic skin ulceration rather than acute systemic symptoms. Therefore, among the options given, malaria is the most plausible diagnosis based on the clinical presentation and travel history.",B,False,0.23999999596800003,0.07058823169550192,0.22399999596800005,0.81745297,0.8397857,0.8284688
bde3d2b0f661278445b9efbfa64c835c82c463b4650c8b8848f32cdd1e1036e5,What is the first-line treatment for cholera in Nigeria?,"Oral rehydration solution (ORS) is the first-line treatment for cholera, addressing dehydration and electrolyte imbalance.",5,A,Oral rehydration solution (ORS),Azithromycin,Ciprofloxacin,Doxycycline,Trimethoprim-sulfamethoxazole,"###Instruction: You are a skilled doctor with years of experience in the medical field in Africa, working in a hospital setting. Your expertise spans a range of conditions from common ailments to complex diseases. As part of your commitment to ongoing medical education, you are evaluating a set of multiple choice questions (MCQs) designed for medical students. 
Carefully select the most appropriate answer based on your clinical knowledge. 
You should directly answer the question by choosing the correct option and then provide a rationale for your answer. 

###Question: What is the first-line treatment for cholera in Nigeria?
###Options:
A.  Oral rehydration solution (ORS)
B.  Azithromycin
C.  Ciprofloxacin
D.  Doxycycline
E.  Trimethoprim-sulfamethoxazole

###Answer:","A. Oral rehydration solution (ORS)

### Rationale:
The first-line treatment for cholera, regardless of location, is oral rehydration solution (ORS). Cholera is an acute diarrheal illness caused by the bacterium Vibrio cholerae, and it leads to significant fluid loss and dehydration. The primary goal in the management of cholera is to rapidly restore lost fluids and electrolytes to prevent dehydration and shock. ORS is specifically formulated to replace fluids and essential salts efficiently and is crucial in reducing mortality in cholera patients. While antibiotics such as azithromycin, ciprofloxacin, and doxycycline can be used to shorten the duration of diarrhea and reduce the volume of stool in severe cases, rehydration remains the cornerstone of cholera treatment. Trimethoprim-sulfamethoxazole is generally not recommended for cholera due to the resistance patterns observed. Therefore, ORS is the most appropriate initial treatment in this scenario.",A,True,0.22222221983024693,0.10884353569161,0.22222221983024693,0.8222061,0.91693145,0.8669891
09dc5f39c87af87333866ab4ad5ecacc2c0ea9e79ca6385e9dcca7e8fb760cea,Operative management of major omphalocele in Nigeria ,"The use of normal saline bags for staged reduction of the intestines in anterior abdominal wall defect in preterm neonates can be an effective treatment method for this serious condition. It is cheap and easily available and can be used even in smaller centres in settings where cost and technology are limiting factors. the use of saline bags as the preferred method for the initial treatment of anterior abdominal wall defects in primary care settings, as our experience demonstrates it is safe and does not have the risk of gauze or cotton wool dressings.",5,E,prostethic silo,teflon/gortex mesh,prolene mesh,silastic sheet,normal saline bag,"###Instruction: You are a skilled doctor with years of experience in the medical field in Africa, working in a hospital setting. Your expertise spans a range of conditions from common ailments to complex diseases. As part of your commitment to ongoing medical education, you are evaluating a set of multiple choice questions (MCQs) designed for medical students. 
Carefully select the most appropriate answer based on your clinical knowledge. 
You should directly answer the question by choosing the correct option and then provide a rationale for your answer. 

###Question: Operative management of major omphalocele in Nigeria 
###Options:
A.  prostethic silo
B.  teflon/gortex mesh
C.  prolene mesh
D.  silastic sheet
E.  normal saline bag

###Answer:","A. prosthetic silo

Rationale: In the context of managing a major omphalocele in Nigeria, a prosthetic silo is often the most appropriate choice. An omphalocele is a congenital defect where abdominal organs protrude through the abdominal wall at the base of the umbilical cord. Repair is complex and usually requires staged operative interventions. 

A prosthetic silo is used to gradually reduce the contents into the abdominal cavity in a controlled manner, allowing time for the abdominal cavity to accommodate the returning organs and reducing the risk of abdominal compartment syndrome. This technique helps in managing major omphaloceles effectively, especially in scenarios where immediate primary closure is not possible due to the large size of the defect and the risk of complications. 

Options such as teflon/gortex mesh, prolene mesh, or silastic sheets are other materials used for abdominal wall reconstruction, but in the case of a large omphalocele, the initial management with a prosthetic silo is preferred to facilitate gradual reduction.",A,False,0.2592592544543515,0.05172413324353491,0.19753085939262321,0.8347696,0.857944,0.84619814
0717c8ce64387e6ca143e268d42458386312265b9f8283353ece5ebdafeef06c,The commonest site of colorectal cancer in Nigeria is the Anus.,The commonest site of colorectal cancer in Nigeria is the recto-sigmoid.,2,B,True,False,,,,"###Instruction: You are a skilled doctor with years of experience in the medical field in Africa, working in a hospital setting. Your expertise spans a range of conditions from common ailments to complex diseases. As part of your commitment to ongoing medical education, you are evaluating a set of multiple choice questions (MCQs) designed for medical students. 
Carefully select the most appropriate answer based on your clinical knowledge. 
You should directly answer the question by choosing the correct option and then provide a rationale for your answer. 

###Question: The commonest site of colorectal cancer in Nigeria is the Anus.
###Options:
A.  True
B.  False

###Answer:","B. False

Rationale: The commonest site of colorectal cancer in Nigeria, as well as in many other regions, is the rectosigmoid region rather than the anus. While anal cancer exists, it is not as prevalent as colorectal cancer occurring in the rectosigmoid area. Colorectal cancer more frequently affects the sigmoid colon and rectum due to dietary and genetic factors, which are also prevalent considerations in Nigeria.",B,True,0.33333333033888896,0.21917807982735973,0.33333333033888896,0.8666688,0.9249694,0.8948706
b5a2e6a8ac8b7a83c4be36be4e7504beb98d050ba44a0fd39aceb4bda4305453,The commonest site of colorectal cancer in Nigeria is the recto-sigmoid.,The commonest site of colorectal cancer in Nigeria is the recto-sigmoid.,2,A,True,False,,,,"###Instruction: You are a skilled doctor with years of experience in the medical field in Africa, working in a hospital setting. Your expertise spans a range of conditions from common ailments to complex diseases. As part of your commitment to ongoing medical education, you are evaluating a set of multiple choice questions (MCQs) designed for medical students. 
Carefully select the most appropriate answer based on your clinical knowledge. 
You should directly answer the question by choosing the correct option and then provide a rationale for your answer. 

###Question: The commonest site of colorectal cancer in Nigeria is the recto-sigmoid.
###Options:
A.  True
B.  False

###Answer:","A. True

Rationale: In Nigeria, as well as in several other parts of Africa, the recto-sigmoid region is commonly reported as the most frequent site for colorectal cancer. This distribution is consistent with global patterns where the recto-sigmoid colon, which includes the rectum and the sigmoid colon, is often the predominant site for these cancers. This is due to a variety of factors, including lifestyle and dietary habits that influence colorectal cancer incidence.",A,True,0.24615384334201185,0.050632909181221056,0.21538461257278108,0.86336815,0.9239177,0.89261734
bdefe819af9fb7d051807a8dfd4a3077e357bd15d4c32485bb021b6f6a9e5f75,Which of the following is a common etiological agent of leprosy in African countries with high prevalence?,"Leprosy, or Hansen's disease, is caused by Mycobacterium leprae and remains a public health concern in some African countries.",5,C,Mycobacterium tuberculosis,Mycobacterium avium complex,Mycobacterium leprae,Mycobacterium ulcerans,Mycobacterium bovis,"###Instruction: You are a skilled doctor with years of experience in the medical field in Africa, working in a hospital setting. Your expertise spans a range of conditions from common ailments to complex diseases. As part of your commitment to ongoing medical education, you are evaluating a set of multiple choice questions (MCQs) designed for medical students. 
Carefully select the most appropriate answer based on your clinical knowledge. 
You should directly answer the question by choosing the correct option and then provide a rationale for your answer. 

###Question: Which of the following is a common etiological agent of leprosy in African countries with high prevalence?
###Options:
A.  Mycobacterium tuberculosis
B.  Mycobacterium avium complex
C.  Mycobacterium leprae
D.  Mycobacterium ulcerans
E.  Mycobacterium bovis

###Answer:","###Answer: C. Mycobacterium leprae

###Rationale:
Leprosy, also known as Hansen's disease, is an infectious disease caused by the bacterium *Mycobacterium leprae*. It is the primary etiological agent for the disease worldwide, including in African countries with high prevalence. The bacterium primarily affects the skin, peripheral nerves, mucosa of the upper respiratory tract, and eyes. 

Option A, *Mycobacterium tuberculosis*, is the causative agent of tuberculosis, another significant health challenge in Africa, but unrelated to leprosy. Option B, *Mycobacterium avium complex*, and Option E, *Mycobacterium bovis*, are other mycobacterial infections not associated with leprosy. Option D, *Mycobacterium ulcerans*, causes Buruli ulcer, another separate condition. Therefore, the correct and most appropriate answer is C, *Mycobacterium leprae*.",C,True,0.24999999701368347,0.07874015504743018,0.21153845855214504,0.8237797,0.90645945,0.8631441
cfa8d04f1b2908d9b1851b2f49b8861f9ee0750944740ed3e9692d58a416fd4a,Which of the following is a common cause of acute liver failure in Africa?," Hepatitis B virus (HBV) infection is a common cause of acute liver failure in Africa, especially in endemic regions where HBV transmission rates are high.",5,B,Hepatitis C virus (HCV) infection,Hepatitis B virus (HBV) infection,Wilson's disease,Alcohol-induced liver injury,Nonalcoholic fatty liver disease (NAFLD),"###Instruction: You are a skilled doctor with years of experience in the medical field in Africa, working in a hospital setting. Your expertise spans a range of conditions from common ailments to complex diseases. As part of your commitment to ongoing medical education, you are evaluating a set of multiple choice questions (MCQs) designed for medical students. 
Carefully select the most appropriate answer based on your clinical knowledge. 
You should directly answer the question by choosing the correct option and then provide a rationale for your answer. 

###Question: Which of the following is a common cause of acute liver failure in Africa?
###Options:
A.  Hepatitis C virus (HCV) infection
B.  Hepatitis B virus (HBV) infection
C.  Wilson's disease
D.  Alcohol-induced liver injury
E.  Nonalcoholic fatty liver disease (NAFLD)

###Answer:","B. Hepatitis B virus (HBV) infection

Rationale: Acute liver failure in Africa is commonly associated with infectious causes, particularly viral hepatitis. Hepatitis B virus (HBV) infection is endemic in many parts of Africa, contributing significantly to acute liver injury and failure in the region. While Hepatitis C (option A) also occurs, it is less prevalent. Wilson's disease (option C) is rare and is typically a cause of chronic liver disease rather than acute liver failure. Alcohol-induced liver injury (option D) and nonalcoholic fatty liver disease (option E) are more common in other settings and are generally associated with chronic liver disease rather than acute liver failure. Therefore, in the African context, HBV infection is the most likely cause of acute liver failure among the options provided.",B,True,0.3749999962500001,0.15873015564625853,0.2916666629166667,0.8520681,0.9016901,0.87617713
4433feaccb69aa3c8bdc533af116f0c8a00d1143abfd924f52c492588d37a31b,Which of the following is a common complication of untreated type 2 diabetes mellitus in African populations?,"Peripheral neuropathy is a common complication of diabetes mellitus, leading to sensory and motor deficits, particularly in patients with poor glycemic control.",5,A,Peripheral neuropathy,Retinopathy,Diabetic ketoacidosis (DKA),Non-alcoholic fatty liver disease (NAFLD),Cushing's syndrome,"###Instruction: You are a skilled doctor with years of experience in the medical field in Africa, working in a hospital setting. Your expertise spans a range of conditions from common ailments to complex diseases. As part of your commitment to ongoing medical education, you are evaluating a set of multiple choice questions (MCQs) designed for medical students. 
Carefully select the most appropriate answer based on your clinical knowledge. 
You should directly answer the question by choosing the correct option and then provide a rationale for your answer. 

###Question: Which of the following is a common complication of untreated type 2 diabetes mellitus in African populations?
###Options:
A.  Peripheral neuropathy
B.  Retinopathy
C.  Diabetic ketoacidosis (DKA)
D.  Non-alcoholic fatty liver disease (NAFLD)
E.  Cushing's syndrome

###Answer:","B. Retinopathy

Rationale: In untreated type 2 diabetes mellitus, retinopathy is a common complication among African populations, as well as globally. Diabetic retinopathy occurs due to chronic hyperglycemia, leading to damage to the blood vessels in the retina, which can ultimately cause vision problems or even blindness if not treated. While peripheral neuropathy and NAFLD are also complications of type 2 diabetes, retinopathy is notably prevalent and a significant cause of morbidity. Diabetic ketoacidosis (DKA) typically occurs more often in type 1 diabetes than in type 2, and Cushing's syndrome is unrelated to diabetes as it results from cortisol excess.",B,False,0.2474226769050909,0.08547008252465493,0.20618556350302902,0.8401993,0.8959973,0.8672017
76d1c7103a4aa6a2f062812bc3d28a5757341ad7d08e53c463060d88c45ed699,Which of the following is a common manifestation of African endemic Lassa fever?,"Lassa fever can present with symptoms such as fever, sore throat, and a petechial rash, particularly in severe cases.",5,D,Hemoptysis,Renal failure,Retrosternal chest pain,Petechial rash,None of the above,"###Instruction: You are a skilled doctor with years of experience in the medical field in Africa, working in a hospital setting. Your expertise spans a range of conditions from common ailments to complex diseases. As part of your commitment to ongoing medical education, you are evaluating a set of multiple choice questions (MCQs) designed for medical students. 
Carefully select the most appropriate answer based on your clinical knowledge. 
You should directly answer the question by choosing the correct option and then provide a rationale for your answer. 

###Question: Which of the following is a common manifestation of African endemic Lassa fever?
###Options:
A.  Hemoptysis
B.  Renal failure
C.  Retrosternal chest pain
D.  Petechial rash
E.  None of the above

###Answer:","C. Retrosternal chest pain

### Rationale:
Lassa fever is an acute viral hemorrhagic fever endemic in parts of West Africa. It is caused by the Lassa virus and typically presents with nonspecific symptoms that can progress to more severe manifestations. A common presentation includes fever, general malaise, and weakness in the early stages, but as it progresses, patients often experience more specific signs such as retrosternal chest pain, which is particularly associated with Lassa fever. 

While other symptoms like mucosal bleeding, abdominal pain, and vomiting can occur, retrosternal chest pain is a notable manifestation. Hemoptysis, renal failure, and petechial rash, although possible in various viral hemorrhagic fevers, are not typically listed as the most common manifestations of Lassa fever specifically. Therefore, among the given options, retrosternal chest pain is the most appropriate answer.",C,False,0.2678571400398597,0.042553189262109666,0.1964285686112883,0.82205975,0.8960858,0.857478
8032cc86dfbc8ead4d0f08f44cd9e893f2185f8ea6695e80475ec4935937149b,The most common cause of acute abdomen in Nigeria is intestinal obstruction.,The most common cause of acute abdomen in Nigeria is acute appendicitis.,2,B,True,False,,,,"###Instruction: You are a skilled doctor with years of experience in the medical field in Africa, working in a hospital setting. Your expertise spans a range of conditions from common ailments to complex diseases. As part of your commitment to ongoing medical education, you are evaluating a set of multiple choice questions (MCQs) designed for medical students. 
Carefully select the most appropriate answer based on your clinical knowledge. 
You should directly answer the question by choosing the correct option and then provide a rationale for your answer. 

###Question: The most common cause of acute abdomen in Nigeria is intestinal obstruction.
###Options:
A.  True
B.  False

###Answer:","B. False

Rationale: While intestinal obstruction is certainly one of the causes of acute abdomen, it is not necessarily the most common cause. In many regions, including Nigeria, acute appendicitis is often the leading cause of acute abdomen. Variations can occur due to local differences in health conditions, prevalence of certain diseases, and access to healthcare services. However, appendicitis is frequently encountered and treated in emergency settings across Nigeria in cases of acute abdomen.",B,True,0.3030303002525253,0.14999999762812505,0.21212120934343434,0.85296965,0.915951,0.88333917
74702a648f2829388bdbe609c6a71871aa1118f19178ef87dbba95bea39f2513," A 40-year-old African patient presents with a painful, swollen knee that is warm to the touch. Synovial fluid analysis reveals an elevated white blood cell count with neutrophil predominance. Which of the following is the most likely diagnosis?","Septic arthritis typically presents with a painful, swollen joint, and synovial fluid analysis shows elevated white blood cells, predominantly neutrophils.",5,C,Osteoarthritis,Rheumatoid arthritis,Septic arthritis,Gout,Pseudogout,"###Instruction: You are a skilled doctor with years of experience in the medical field in Africa, working in a hospital setting. Your expertise spans a range of conditions from common ailments to complex diseases. As part of your commitment to ongoing medical education, you are evaluating a set of multiple choice questions (MCQs) designed for medical students. 
Carefully select the most appropriate answer based on your clinical knowledge. 
You should directly answer the question by choosing the correct option and then provide a rationale for your answer. 

###Question:  A 40-year-old African patient presents with a painful, swollen knee that is warm to the touch. Synovial fluid analysis reveals an elevated white blood cell count with neutrophil predominance. Which of the following is the most likely diagnosis?
###Options:
A.  Osteoarthritis
B.  Rheumatoid arthritis
C.  Septic arthritis
D.  Gout
E.  Pseudogout

###Answer:","C. Septic arthritis

Rationale: The clinical presentation of a painful, swollen knee that is warm to the touch, along with synovial fluid analysis showing an elevated white blood cell count with neutrophil predominance, highly suggests an inflammatory process. Among the options provided, septic arthritis is the most likely diagnosis. This condition is characterized by infection within a joint, leading to acute inflammation and a high neutrophil count in the synovial fluid. 

While gout and pseudogout can also present with acute joint pain and swelling, they typically show the presence of crystals (monosodium urate and calcium pyrophosphate dihydrate crystals, respectively) in synovial fluid, rather than just neutrophil predominance. Osteoarthritis is a degenerative joint disease and generally does not present with an acute inflammatory response. Rheumatoid arthritis, although inflammatory, usually presents as a chronic condition with additional systemic symptoms and is not characterized by a high neutrophil count in synovial fluid as prominently as septic arthritis can be in an acute setting.",C,True,0.26016259890276955,0.08383233331277569,0.24390243630114353,0.8327018,0.92162716,0.8749107
2d89ae63798d4d4aae5cd45c68708c8aa4fd16c98abdb43f83044e554f8c2c03,Which of the following is the leading cause of blindness in African adults?,"Cataracts are the leading cause of blindness in African adults, often due to limited access to cataract surgery.",5,B,Glaucoma,Cataracts,Diabetic retinopathy,Trachoma,Age-related macular degeneration (AMD),"###Instruction: You are a skilled doctor with years of experience in the medical field in Africa, working in a hospital setting. Your expertise spans a range of conditions from common ailments to complex diseases. As part of your commitment to ongoing medical education, you are evaluating a set of multiple choice questions (MCQs) designed for medical students. 
Carefully select the most appropriate answer based on your clinical knowledge. 
You should directly answer the question by choosing the correct option and then provide a rationale for your answer. 

###Question: Which of the following is the leading cause of blindness in African adults?
###Options:
A.  Glaucoma
B.  Cataracts
C.  Diabetic retinopathy
D.  Trachoma
E.  Age-related macular degeneration (AMD)

###Answer:","B. Cataracts

Cataracts are the leading cause of blindness in African adults. This is largely due to a combination of factors including limited access to surgical treatment, inadequate healthcare infrastructure, and exposure to risk factors such as sunlight and malnutrition. While glaucoma, trachoma, diabetic retinopathy, and age-related macular degeneration are also significant causes of visual impairment, cataracts account for a substantial proportion of blindness where adequate surgical intervention isn't readily available.",B,True,0.34666666316088895,0.25581395031638726,0.34666666316088895,0.8601689,0.9343822,0.895741
b37bc2ee8f2a0a5f16a94435096d2ed353d92c0c43941f3905a077a70ef73298,Valid management of sickle cell anemia in the steady state in Nigeria include,"No need to transfuse in steady state, they will need malaria prophylaxis and folate supplementation",5,A,steady state hemoglobin,blood transfusion,intravenous fluids,folic acid supplementation,malaria prophylaxis,"###Instruction: You are a skilled doctor with years of experience in the medical field in Africa, working in a hospital setting. Your expertise spans a range of conditions from common ailments to complex diseases. As part of your commitment to ongoing medical education, you are evaluating a set of multiple choice questions (MCQs) designed for medical students. 
Carefully select the most appropriate answer based on your clinical knowledge. 
You should directly answer the question by choosing the correct option and then provide a rationale for your answer. 

###Question: Valid management of sickle cell anemia in the steady state in Nigeria include
###Options:
A.  steady state hemoglobin
B.  blood transfusion
C.  intravenous fluids
D.  folic acid supplementation
E.  malaria prophylaxis

###Answer:","D. folic acid supplementation

Folic acid supplementation is a valid management approach for patients with sickle cell anemia in the steady state. It is important because individuals with sickle cell anemia have an increased rate of red blood cell turnover, leading to higher demands for folic acid, which is essential for the production of new red blood cells. While other options may be relevant in other scenarios (such as acute crises), folic acid supplementation is a consistent and necessary part of long-term management to help prevent anemia and support red blood cell production. 

Blood transfusion and intravenous fluids (options B and C) are generally used during acute sickle cell crises or in the treatment of specific complications. Malaria prophylaxis (option E) is region-specific in places where malaria is endemic, but it is not universally applied to all sickle cell management strategies in the steady state across different contexts.",D,False,0.1272727250512397,0.0,0.09090908868760336,0.80343235,0.8693562,0.8350953
3c8fada51bb27d4c3af598def96fbbd05c2d3bae5e83c006f5affd3d5355fe71," In African cultures where spiritual beliefs play a significant role in illness perceptions, a patient presents with symptoms of auditory hallucinations, paranoid delusions, disorganized speech, and social withdrawal. Which of the following is the most likely diagnosis?","Schizophrenia may be perceived as a spiritual or supernatural phenomenon in African cultures, leading to delays in seeking appropriate medical treatment and highlighting the importance of culturally sensitive approaches to care.",5,C,Major depressive disorder (MDD),Bipolar disorder,Schizophrenia,Post-traumatic stress disorder (PTSD),Obsessive-compulsive disorder (OCD),"###Instruction: You are a skilled doctor with years of experience in the medical field in Africa, working in a hospital setting. Your expertise spans a range of conditions from common ailments to complex diseases. As part of your commitment to ongoing medical education, you are evaluating a set of multiple choice questions (MCQs) designed for medical students. 
Carefully select the most appropriate answer based on your clinical knowledge. 
You should directly answer the question by choosing the correct option and then provide a rationale for your answer. 

###Question:  In African cultures where spiritual beliefs play a significant role in illness perceptions, a patient presents with symptoms of auditory hallucinations, paranoid delusions, disorganized speech, and social withdrawal. Which of the following is the most likely diagnosis?
###Options:
A.  Major depressive disorder (MDD)
B.  Bipolar disorder
C.  Schizophrenia
D.  Post-traumatic stress disorder (PTSD)
E.  Obsessive-compulsive disorder (OCD)

###Answer:","C. Schizophrenia

The symptoms described in the question align most closely with schizophrenia. Schizophrenia is characterized by a range of symptoms including auditory hallucinations, paranoid delusions, disorganized speech, and social withdrawal. These symptoms are core features of the disorder and distinguish it from the other options provided.

- Major depressive disorder (MDD) is primarily characterized by persistent feelings of sadness or loss of interest, but it does not typically include prominent auditory hallucinations or delusions.
- Bipolar disorder can present with psychotic symptoms, but it is usually episodic and associated with significant mood disturbances such as manic episodes; the question does not indicate mood symptoms.
- Post-traumatic stress disorder (PTSD) involves symptoms related to trauma exposure such as flashbacks or hyperarousal, rather than the chronic psychotic symptoms described.
- Obsessive-compulsive disorder (OCD) involves obsessions and compulsions, which are different from the hallucinations and delusions seen in schizophrenia.

Thus, based on the described symptoms, schizophrenia is the most likely diagnosis.",C,True,0.13953488023556285,0.0,0.12403100426657063,0.8037127,0.84594023,0.82428604
6a055db26d07ff66db026283503ebd8fcc98a626a8e4e5c29e39d229def1b64b,Which of the following allergens is commonly responsible for food allergies in African children?,"Peanuts are a common allergen responsible for food allergies in African children. Allergic reactions to peanuts can range from mild to severe (anaphylaxis). Proper education, awareness, and access to emergency medication (e.g., epinephrine) can help manage peanut allergies.",5,C,Eggs,Wheat,Peanuts,Tree nuts,Fish,"###Instruction: You are a skilled doctor with years of experience in the medical field in Africa, working in a hospital setting. Your expertise spans a range of conditions from common ailments to complex diseases. As part of your commitment to ongoing medical education, you are evaluating a set of multiple choice questions (MCQs) designed for medical students. 
Carefully select the most appropriate answer based on your clinical knowledge. 
You should directly answer the question by choosing the correct option and then provide a rationale for your answer. 

###Question: Which of the following allergens is commonly responsible for food allergies in African children?
###Options:
A.  Eggs
B.  Wheat
C.  Peanuts
D.  Tree nuts
E.  Fish

###Answer:","###Answer: C. Peanuts

###Rationale:
Peanuts are a common allergen responsible for causing food allergies not only globally but also specifically among African children. Peanut allergies are known for their potential to cause severe allergic reactions, including anaphylaxis. While eggs, wheat, tree nuts, and fish can also be allergens, peanuts are particularly notable due to their prevalence and the intensity of reactions they can provoke. Ensuring awareness and identification of peanut allergies is important for the safety and health of children in regions across Africa as well as worldwide.",C,True,0.3619047573986395,0.14285713858276658,0.30476190025578237,0.8637578,0.8936917,0.8784698
a2eaee9e0fd288854b38a8458e223869a8ccaa1db41f11cfcd0fa3effd4e20d6,Which of the following is the most common type of breast cancer in Africa?,"Invasive ductal carcinoma (IDC) is the most common type of breast cancer worldwide, including in Africa. It originates in the milk ducts of the breast and is known for its invasive nature, spreading beyond the ducts into surrounding breast tissue. While the incidence rates of other breast cancer subtypes may vary across regions, IDC consistently accounts for the majority of breast cancer cases in Africa.",5,B,Ductal carcinoma in situ (DCIS),Invasive ductal carcinoma (IDC),Invasive lobular carcinoma (ILC),Inflammatory breast cancer (IBC),Paget's disease of the breast,"###Instruction: You are a skilled doctor with years of experience in the medical field in Africa, working in a hospital setting. Your expertise spans a range of conditions from common ailments to complex diseases. As part of your commitment to ongoing medical education, you are evaluating a set of multiple choice questions (MCQs) designed for medical students. 
Carefully select the most appropriate answer based on your clinical knowledge. 
You should directly answer the question by choosing the correct option and then provide a rationale for your answer. 

###Question: Which of the following is the most common type of breast cancer in Africa?
###Options:
A.  Ductal carcinoma in situ (DCIS)
B.  Invasive ductal carcinoma (IDC)
C.  Invasive lobular carcinoma (ILC)
D.  Inflammatory breast cancer (IBC)
E.  Paget's disease of the breast

###Answer:","B. Invasive ductal carcinoma (IDC)

Rationale: Invasive ductal carcinoma (IDC) is the most common type of breast cancer, not only in Africa but worldwide. IDC originates in the milk ducts and then invades the surrounding breast tissue, potentially spreading to other parts of the body. The prevalence of IDC can be attributed to it being the more common pathway through which breast tumors develop, compared to the other forms of breast cancer listed in the options. While ductal carcinoma in situ (DCIS) is a precursor to invasive forms, IDC represents the majority of invasive breast cancer cases diagnosed clinically.",B,True,0.472727267892562,0.2781456905749749,0.43636363152892566,0.8935287,0.92179453,0.90744156
b7788e424027ef06af9e4ce143780fe5106f71cbf704f6d861992fa5ef2a83ba,Which of the following is a common cause of cardiomyopathy in parts of Africa?,"Trypanosomiasis, or Chagas disease, is caused by the parasite Trypanosoma brucei in Africa. It can lead to cardiomyopathy due to the parasite infecting heart muscle, causing inflammation and damage. This can result in heart failure and arrhythmias. Proper diagnosis and treatment are essential to prevent complications.",5,A,Trypanosomiasis (Chagas diseases),Alcohol abuse,Iron deficiency,Genetic mutations,Viral infections,"###Instruction: You are a skilled doctor with years of experience in the medical field in Africa, working in a hospital setting. Your expertise spans a range of conditions from common ailments to complex diseases. As part of your commitment to ongoing medical education, you are evaluating a set of multiple choice questions (MCQs) designed for medical students. 
Carefully select the most appropriate answer based on your clinical knowledge. 
You should directly answer the question by choosing the correct option and then provide a rationale for your answer. 

###Question: Which of the following is a common cause of cardiomyopathy in parts of Africa?
###Options:
A.  Trypanosomiasis (Chagas diseases)
B.  Alcohol abuse
C.  Iron deficiency
D.  Genetic mutations
E.  Viral infections

###Answer:","B. Alcohol abuse

Rationale: In many parts of Africa, alcohol abuse is a recognized cause of cardiomyopathy, specifically alcoholic cardiomyopathy. This condition arises from prolonged excessive intake of alcohol, which can lead to heart muscle damage and subsequently heart failure. While other options like viral infections and genetic mutations can also lead to cardiomyopathy in various contexts, alcohol abuse is a well-documented and prevalent cause in African settings. Trypanosomiasis is more commonly associated with Chagas disease in Latin America than Africa. Iron deficiency typically leads to anemia rather than cardiomyopathy.",B,False,0.24528301432360278,0.06201549938104714,0.207547165266999,0.86280596,0.88343906,0.8730006
c5ed9bb4aec9a9259a71c3a2edd8ac93eb4ed96dac2a1068bb46616328e5ae0a,"A 50-year-old African patient with a history of asthma presents with wheezing, dyspnea, and chest tightness triggered by exposure to pollen. Pulmonary function tests reveal reversible airflow obstruction. Which of the following medications is the most appropriate initial treatment for this patient's acute exacerbation?",Short-acting beta2-agonists (SABAs) such as albuterol are the first-line medications for relieving acute bronchospasm in asthma exacerbations.,5,C,Inhaled corticosteroids,Long-acting beta2-agonists (LABAs),Short-acting beta2-agonists (SABAs),Leukotriene receptor antagonists,Theophylline,"###Instruction: You are a skilled doctor with years of experience in the medical field in Africa, working in a hospital setting. Your expertise spans a range of conditions from common ailments to complex diseases. As part of your commitment to ongoing medical education, you are evaluating a set of multiple choice questions (MCQs) designed for medical students. 
Carefully select the most appropriate answer based on your clinical knowledge. 
You should directly answer the question by choosing the correct option and then provide a rationale for your answer. 

###Question: A 50-year-old African patient with a history of asthma presents with wheezing, dyspnea, and chest tightness triggered by exposure to pollen. Pulmonary function tests reveal reversible airflow obstruction. Which of the following medications is the most appropriate initial treatment for this patient's acute exacerbation?
###Options:
A.  Inhaled corticosteroids
B.  Long-acting beta2-agonists (LABAs)
C.  Short-acting beta2-agonists (SABAs)
D.  Leukotriene receptor antagonists
E.  Theophylline

###Answer:","C. Short-acting beta2-agonists (SABAs)

Rationale: In the management of acute asthma exacerbations, especially those characterized by wheezing, dyspnea, and chest tightness due to reversible airflow obstruction, the first-line treatment is the administration of short-acting beta2-agonists (SABAs). SABAs, such as albuterol (salbutamol), work rapidly to relax bronchial smooth muscle and provide prompt relief of acute asthma symptoms. This patient’s symptoms and pulmonary function test results indicating reversible airflow obstruction align with an acute asthma exacerbation, for which SABAs are the most appropriate immediate intervention. Inhaled corticosteroids and long-acting medications such as LABAs or leukotriene receptor antagonists are used for long-term control and prevention of symptoms, not for immediate relief in acute situations. Theophylline is also not used for immediate relief due to its onset of action and side effect profile.",C,True,0.25925925660665294,0.08955223670305197,0.22222221956961594,0.84300685,0.9147871,0.87743145
4a1746b94006280b630e3a91b38d8eea57701b59cf7c3ad3fe4e830af635b3ee,The commonest site of colorectal cancer in Nigeria is the ascending colon.,The commonest site of colorectal cancer in Nigeria is the recto-sigmoid.,2,B,True,False,,,,"###Instruction: You are a skilled doctor with years of experience in the medical field in Africa, working in a hospital setting. Your expertise spans a range of conditions from common ailments to complex diseases. As part of your commitment to ongoing medical education, you are evaluating a set of multiple choice questions (MCQs) designed for medical students. 
Carefully select the most appropriate answer based on your clinical knowledge. 
You should directly answer the question by choosing the correct option and then provide a rationale for your answer. 

###Question: The commonest site of colorectal cancer in Nigeria is the ascending colon.
###Options:
A.  True
B.  False

###Answer:","B. False

Rationale: Epidemiological studies and clinical observations indicate that the most common site for colorectal cancer globally, including in Nigeria, is the rectosigmoid region. Colorectal cancer often affects the distal parts of the colon, particularly the rectum and sigmoid colon, rather than the ascending colon. While ascending colon cancer does occur, it is not the most common site for colorectal cancer in Nigeria or other regions. Therefore, the statement that the ascending colon is the commonest site of colorectal cancer in Nigeria is false.",B,True,0.2903225777263268,0.1999999978125,0.2903225777263268,0.86455023,0.9210991,0.8919293
75fa2f7517e3ae45c05afefa503f0868fbe171b64c40dc6097fd03ddf4236a72,"A patient in a rural African community presents with a large, infected wound on the leg. Which of the following is the most appropriate initial management?","In resource-limited settings, infected wounds often require surgical debridement and irrigation to remove necrotic tissue and control infection.",5,C,Topical antibiotics and dressings,Oral antibiotics,Surgical debridement and irrigation,Limb amputation,Conservative management with regular wound cleaning,"###Instruction: You are a skilled doctor with years of experience in the medical field in Africa, working in a hospital setting. Your expertise spans a range of conditions from common ailments to complex diseases. As part of your commitment to ongoing medical education, you are evaluating a set of multiple choice questions (MCQs) designed for medical students. 
Carefully select the most appropriate answer based on your clinical knowledge. 
You should directly answer the question by choosing the correct option and then provide a rationale for your answer. 

###Question: A patient in a rural African community presents with a large, infected wound on the leg. Which of the following is the most appropriate initial management?
###Options:
A.  Topical antibiotics and dressings
B.  Oral antibiotics
C.  Surgical debridement and irrigation
D.  Limb amputation
E.  Conservative management with regular wound cleaning

###Answer:","C. Surgical debridement and irrigation

Rationale: In the case of a large, infected wound, particularly in a rural setting where the risk of complications and inadequate healing is high, the priority is to address any necrotic tissue and decrease the bacterial load. Surgical debridement and irrigation are crucial initial steps to remove any dead and infected tissue, promote healing, and prevent the spread of infection. This process allows for a cleaner wound bed and facilitates the effectiveness of any subsequent treatments, such as antibiotics. Without debridement, the infection might persist or worsen, making other management strategies less effective. While other options like topical and oral antibiotics or conservative management are part of the comprehensive care protocol, they do not address the immediate need to remove the infected tissue, making option C the most suitable initial management step.",C,True,0.18518518253257893,0.06756756553414908,0.1481481454955419,0.84810627,0.9158945,0.8806979
0bb24a6fff0545be9408fb7c236d18b5b7aae0baa89df1ab267caaff2794f56d,Which of the following is a common etiological agent of African tick-bite fever?,"African tick-bite fever is caused by Rickettsia africae transmitted by ticks, particularly Amblyomma species.",5,C,Rickettsia prowazekii,Rickettsia rickettsii,Rickettsia africae,Rickettsia typhi,Coxiella burnetii,"###Instruction: You are a skilled doctor with years of experience in the medical field in Africa, working in a hospital setting. Your expertise spans a range of conditions from common ailments to complex diseases. As part of your commitment to ongoing medical education, you are evaluating a set of multiple choice questions (MCQs) designed for medical students. 
Carefully select the most appropriate answer based on your clinical knowledge. 
You should directly answer the question by choosing the correct option and then provide a rationale for your answer. 

###Question: Which of the following is a common etiological agent of African tick-bite fever?
###Options:
A.  Rickettsia prowazekii
B.  Rickettsia rickettsii
C.  Rickettsia africae
D.  Rickettsia typhi
E.  Coxiella burnetii

###Answer:","C. Rickettsia africae

### Rationale:
African tick-bite fever is a rickettsial infection endemic to sub-Saharan Africa and the Caribbean, transmitted by tick bites. The etiological agent of African tick-bite fever is Rickettsia africae. This organism is transmitted by the Amblyomma species of ticks, which are common in these regions. Symptoms of the infection can include fever, headache, muscle pain, rash, and a typical eschar at the site of the tick bite. Rickettsia prowazekii, Rickettsia rickettsii, and Rickettsia typhi are all associated with other types of rickettsial diseases not linked to African tick-bite fever. Coxiella burnetii is the causative agent of Q fever, which is unrelated to tick-bite fevers.",C,True,0.27160493557689386,0.10810810604009419,0.24691357755220245,0.83296734,0.9088526,0.8692569
706f798f26052af652ac65451ac02b323dc1a0adf478cdd00f72745c126cb0fb,Most common cause of Neonatal sepsis in hospitals in Zambia is,"Most common cause of Neonatal sepsis in hospitals
Zambia - Klebsiella",5,B,Escherichia coli,Klebsiella,Staph aureus,Listeria monocytogenes,None of the above,"###Instruction: You are a skilled doctor with years of experience in the medical field in Africa, working in a hospital setting. Your expertise spans a range of conditions from common ailments to complex diseases. As part of your commitment to ongoing medical education, you are evaluating a set of multiple choice questions (MCQs) designed for medical students. 
Carefully select the most appropriate answer based on your clinical knowledge. 
You should directly answer the question by choosing the correct option and then provide a rationale for your answer. 

###Question: Most common cause of Neonatal sepsis in hospitals in Zambia is
###Options:
A.  Escherichia coli
B.  Klebsiella
C.  Staph aureus
D.  Listeria monocytogenes
E.  None of the above

###Answer:","B. Klebsiella

Klebsiella species are commonly found as the cause of neonatal sepsis in many hospital settings, particularly in low-resource countries, including Zambia. In hospital environments where hygiene practices and infection control measures may be challenged, Klebsiella, being a common nosocomial pathogen, tends to be a prevalent cause of infections including neonatal sepsis. While Escherichia coli is also a notable cause of neonatal sepsis, especially in the community setting or early-onset sepsis, Klebsiella is more frequently associated with late-onset sepsis in hospital settings in many parts of Africa. Therefore, B. Klebsiella is the most appropriate choice given the context of the question.",B,True,0.17283950382563637,0.03883494970308237,0.17283950382563637,0.82051677,0.8692706,0.84419036
8370793cf5631519d915d2ee6b96f5570992fede005e555e1f2dcb7f73bd39b2,What is the most common cause of disability-adjusted life years lost in Africa?,"Communicable diseases play a significant role in the burden of Disability-Adjusted Life Years (DALYs) in Africa due to High Disease Prevalence which contributes to a substantial burden of disability and mortality. Communicable diseases can also cause long-term disabilities and impairments that affect individuals' ability to participate in work, school, and social activities. Chronic conditions resulting from communicable diseases can lead to reduced productivity, economic losses, and diminished quality of life.",5,D,Non-communicable diseases,Neonatal disorders,Injuries,Communicable diseases,Nutritional deficiencies,"###Instruction: You are a skilled doctor with years of experience in the medical field in Africa, working in a hospital setting. Your expertise spans a range of conditions from common ailments to complex diseases. As part of your commitment to ongoing medical education, you are evaluating a set of multiple choice questions (MCQs) designed for medical students. 
Carefully select the most appropriate answer based on your clinical knowledge. 
You should directly answer the question by choosing the correct option and then provide a rationale for your answer. 

###Question: What is the most common cause of disability-adjusted life years lost in Africa?
###Options:
A.  Non-communicable diseases
B.  Neonatal disorders
C.  Injuries
D.  Communicable diseases
E.  Nutritional deficiencies

###Answer:","D. Communicable diseases

Rationale: In many parts of Africa, communicable diseases remain a leading cause of morbidity and mortality, significantly impacting the region's burden of disease. Diseases such as HIV/AIDS, tuberculosis, and malaria are major contributors to the loss of disability-adjusted life years (DALYs) due to their prevalence and the severe health impairments they cause. While non-communicable diseases are increasingly becoming a concern globally, the burden of communicable diseases in Africa persists as a major public health challenge, resulting in a greater impact on DALYs compared to other options listed.",D,True,0.2857142807570087,0.07843136764321446,0.2521008353788575,0.87824005,0.88537985,0.88179547
f3095f94df51bb1f1a5fcb5e7dfbc2c22379718083ec7b7f3888031bd97728bb,Which of the following is a common presentation of African endemic leishmaniasis?,African endemic leishmaniasis often presents with cutaneous nodules or ulcers at the site of sandfly bites.,5,B,Painful genital ulcers,Cutaneous nodules,Recurrent fever,Excessive tearing,None of the above,"###Instruction: You are a skilled doctor with years of experience in the medical field in Africa, working in a hospital setting. Your expertise spans a range of conditions from common ailments to complex diseases. As part of your commitment to ongoing medical education, you are evaluating a set of multiple choice questions (MCQs) designed for medical students. 
Carefully select the most appropriate answer based on your clinical knowledge. 
You should directly answer the question by choosing the correct option and then provide a rationale for your answer. 

###Question: Which of the following is a common presentation of African endemic leishmaniasis?
###Options:
A.  Painful genital ulcers
B.  Cutaneous nodules
C.  Recurrent fever
D.  Excessive tearing
E.  None of the above

###Answer:","C. Recurrent fever

Rationale: African endemic leishmaniasis, particularly visceral leishmaniasis (also known as kala-azar), typically presents with systemic symptoms such as recurrent fever, weight loss, hepatosplenomegaly, and anemia. Cutaneous leishmaniasis, which causes skin lesions like nodules or ulcers, is more specific to certain geographic areas but not considered 'endemic' across the entirety of Africa. Painful genital ulcers, excessive tearing, and the options not related to fever or systemic symptoms are not classically associated with the endemic forms of leishmaniasis found in Africa.",C,False,0.22499999680000002,0.06315789207756244,0.22499999680000002,0.8269875,0.8926126,0.8585478
9f6470e7414c63b360336a58223304836e55db07aa4f485371fc4a5f498b0fd6,"A 35-year-old patient in Africa presents with a persistent cough, fever, and fatigue. Which of the following is the most appropriate next step in the clinical management? "," In many African healthcare settings, family medicine physicians may be more likely to prescribe antibiotics immediately for a patient presenting with symptoms suggestive of a respiratory infection, given the higher burden of infectious diseases and limited access to diagnostic tests in some regions.",5,A,Prescribe antibiotics immediately,Order a chest X-ray,Recommend traditional herbal remedies,Refer the patient to a pulmonologist,Conduct a physical examination and obtain further history,"###Instruction: You are a skilled doctor with years of experience in the medical field in Africa, working in a hospital setting. Your expertise spans a range of conditions from common ailments to complex diseases. As part of your commitment to ongoing medical education, you are evaluating a set of multiple choice questions (MCQs) designed for medical students. 
Carefully select the most appropriate answer based on your clinical knowledge. 
You should directly answer the question by choosing the correct option and then provide a rationale for your answer. 

###Question: A 35-year-old patient in Africa presents with a persistent cough, fever, and fatigue. Which of the following is the most appropriate next step in the clinical management? 
###Options:
A.  Prescribe antibiotics immediately
B.  Order a chest X-ray
C.  Recommend traditional herbal remedies
D.  Refer the patient to a pulmonologist
E.  Conduct a physical examination and obtain further history

###Answer:","E. Conduct a physical examination and obtain further history

### Rationale:
In clinical practice, especially when presented with common symptoms such as cough, fever, and fatigue, the first step should always be to gather as much information as possible about the patient's condition. This approach involves conducting a thorough physical examination and obtaining a comprehensive history. This will help narrow down the differential diagnosis and guide the next steps in management.

While options such as ordering a chest X-ray (B) or referring to a pulmonologist (D) may become relevant later, they should not be the immediate next step without first gathering more detailed clinical information. Prescribing antibiotics immediately (A) is not appropriate without a confirmed diagnosis of a bacterial infection, and recommending traditional remedies (C) should be approached with caution and not prioritized over evidence-based medical assessment and diagnostics.

By starting with a detailed history and physical examination, one can determine whether further investigations like a chest X-ray are needed, whether specialist referral is necessary, and what treatment plan should be initiated.",E,False,0.18987341394007376,0.019323668262970505,0.13924050254766876,0.8174308,0.8621812,0.83920985
b8dcef8efd9db59a2029945270510648a8d5e15e01ad943a7398721a6eba924f,Which of the following is a common etiological agent of rabies in Africa?,"Rabies virus is the causative agent of rabies, a deadly viral infection transmitted through the saliva of infected animals, particularly dogs, in Africa.",5,A,Rabies virus (Rhabdovirus),Lyssavirus,Filovirus,Paramyxovirus,Arenavirus,"###Instruction: You are a skilled doctor with years of experience in the medical field in Africa, working in a hospital setting. Your expertise spans a range of conditions from common ailments to complex diseases. As part of your commitment to ongoing medical education, you are evaluating a set of multiple choice questions (MCQs) designed for medical students. 
Carefully select the most appropriate answer based on your clinical knowledge. 
You should directly answer the question by choosing the correct option and then provide a rationale for your answer. 

###Question: Which of the following is a common etiological agent of rabies in Africa?
###Options:
A.  Rabies virus (Rhabdovirus)
B.  Lyssavirus
C.  Filovirus
D.  Paramyxovirus
E.  Arenavirus

###Answer:","A. Rabies virus (Rhabdovirus)

### Rationale:
Rabies is a viral disease that affects the central nervous system of mammals, including humans. In Africa, as in many other parts of the world, the etiological agent of rabies is the Rabies virus, which belongs to the genus Lyssavirus within the family Rhabdoviridae. While option B (Lyssavirus) refers to the genus to which the Rabies virus belongs, the specific answer indicating the common etiological agent is the Rabies virus itself, as it is the most widely recognized causative agent when discussing rabies. The other options, Filovirus, Paramyxovirus, and Arenavirus, are unrelated to rabies. Filoviruses are responsible for diseases like Ebola, Paramyxoviruses include agents like the measles virus, and Arenaviruses are associated with conditions such as Lassa fever.",A,True,0.19230768908468937,0.058823526699827114,0.17307691985392018,0.80898345,0.8809833,0.84344965
020d17d0a81fab48c9c94335789a7ce7e420ef3bfd76b07d8ea4e1cd3d42c568,Which of the following is a common presentation of African tick-bite fever?,"African tick-bite fever often presents with a rash that resembles measles, along with fever and other flu-like symptoms.",5,A,Rash resembling measles,Hemolytic anemia,Neurological symptoms,Acute kidney injury,None of the above,"###Instruction: You are a skilled doctor with years of experience in the medical field in Africa, working in a hospital setting. Your expertise spans a range of conditions from common ailments to complex diseases. As part of your commitment to ongoing medical education, you are evaluating a set of multiple choice questions (MCQs) designed for medical students. 
Carefully select the most appropriate answer based on your clinical knowledge. 
You should directly answer the question by choosing the correct option and then provide a rationale for your answer. 

###Question: Which of the following is a common presentation of African tick-bite fever?
###Options:
A.  Rash resembling measles
B.  Hemolytic anemia
C.  Neurological symptoms
D.  Acute kidney injury
E.  None of the above

###Answer:","E. None of the above

Rationale: African tick-bite fever, caused by the bacterium Rickettsia africae, typically presents with symptoms such as fever, headache, muscle pain, a maculopapular or vesicular rash, and the presence of eschars at the site of tick bites. The options provided – a rash resembling measles, hemolytic anemia, neurological symptoms, and acute kidney injury – are not characteristic presentations of African tick-bite fever. Therefore, the correct answer is ""None of the above.""",E,False,0.2631578914127424,0.08988763735891944,0.210526312465374,0.8224354,0.9021082,0.8604314
4b955cfdeacc6a95066be5ac53d0876ef4c77295a16d830ee52e3f645d21046b,"A 45-year-old African patient presents with a history of chronic knee pain, swelling, and instability, worse with physical activity. Physical examination reveals joint laxity and a positive Lachman test. Imaging reveals a torn anterior cruciate ligament (ACL). Which of the following is the most appropriate treatment option?","Surgical reconstruction of the ACL is often recommended for patients with symptomatic ACL tears, particularly those with instability and functional limitations.",5,C,Conservative management with physical therapy,Open ACL repair,Arthroscopic ACL reconstruction,Knee brace immobilization,Corticosteroid injection into the knee joint,"###Instruction: You are a skilled doctor with years of experience in the medical field in Africa, working in a hospital setting. Your expertise spans a range of conditions from common ailments to complex diseases. As part of your commitment to ongoing medical education, you are evaluating a set of multiple choice questions (MCQs) designed for medical students. 
Carefully select the most appropriate answer based on your clinical knowledge. 
You should directly answer the question by choosing the correct option and then provide a rationale for your answer. 

###Question: A 45-year-old African patient presents with a history of chronic knee pain, swelling, and instability, worse with physical activity. Physical examination reveals joint laxity and a positive Lachman test. Imaging reveals a torn anterior cruciate ligament (ACL). Which of the following is the most appropriate treatment option?
###Options:
A.  Conservative management with physical therapy
B.  Open ACL repair
C.  Arthroscopic ACL reconstruction
D.  Knee brace immobilization
E.  Corticosteroid injection into the knee joint

###Answer:","C. Arthroscopic ACL reconstruction

Rationale: The anterior cruciate ligament (ACL) is critical for maintaining knee stability. When torn, especially in an active patient who continues to experience instability, surgical intervention is often necessary to restore knee function and prevent further joint damage. Although conservative management, physical therapy, and knee braces can alleviate symptoms, they typically do not address the underlying instability caused by a complete ACL tear. Open ACL repair is less commonly performed due to the advantages of minimally invasive techniques used in arthroscopic procedures. Arthroscopic ACL reconstruction is the standard of care for individuals with a torn ACL who desire to return to a physically active lifestyle, as it restores knee stability effectively. Corticosteroid injections may reduce inflammation and pain temporarily but do not repair ligament injuries. Therefore, the most appropriate treatment option for this patient's ACL tear is arthroscopic ACL reconstruction.",C,True,0.16260162340405845,0.012738851279971179,0.13008129820080647,0.8373025,0.90496683,0.8698208
762acd713a8a6632ac5d8c3523172009b529f371998dcdf3aa8fcd9b78349a1c,About >80% of the people globally affected by schistosomiasis live in Africa.,Over 80% of people globally affected by schistosomiasis live in Africa. This is due to poor water hygiene.,2,A,True,False,,,,"###Instruction: You are a skilled doctor with years of experience in the medical field in Africa, working in a hospital setting. Your expertise spans a range of conditions from common ailments to complex diseases. As part of your commitment to ongoing medical education, you are evaluating a set of multiple choice questions (MCQs) designed for medical students. 
Carefully select the most appropriate answer based on your clinical knowledge. 
You should directly answer the question by choosing the correct option and then provide a rationale for your answer. 

###Question: About >80% of the people globally affected by schistosomiasis live in Africa.
###Options:
A.  True
B.  False

###Answer:","A. True

Rationale: Schistosomiasis, also known as bilharzia, is a disease caused by parasitic worms. It is a significant public health issue in tropical and subtropical regions, with Africa bearing the largest burden. The statement that more than 80% of people globally affected by schistosomiasis live in Africa is accurate, as the vast majority of cases are found in sub-Saharan Africa. The transmission of the disease is facilitated by fresh water sources where snails, the intermediate hosts, thrive, making the disease highly prevalent in this region.",A,True,0.28915662310930473,0.17999999717800003,0.28915662310930473,0.85103357,0.92416245,0.8860917
a80544922136705ba23766d054a78dccd44b82ae4f69b52d2bf397caf5906e9d,Which imaging modality is commonly used for the diagnosis and monitoring of liver cirrhosis and related complications in Africa?,"Ultrasound is commonly used for the diagnosis and monitoring of liver cirrhosis and related complications in Africa. It is a non-invasive, affordable, and widely available modality that can detect signs of liver cirrhosis, such as nodularity, ascites, and portal hypertension.",5,B,Bone densitometry,Ultrasound,MRI,Nuclear medicine,PET,"###Instruction: You are a skilled doctor with years of experience in the medical field in Africa, working in a hospital setting. Your expertise spans a range of conditions from common ailments to complex diseases. As part of your commitment to ongoing medical education, you are evaluating a set of multiple choice questions (MCQs) designed for medical students. 
Carefully select the most appropriate answer based on your clinical knowledge. 
You should directly answer the question by choosing the correct option and then provide a rationale for your answer. 

###Question: Which imaging modality is commonly used for the diagnosis and monitoring of liver cirrhosis and related complications in Africa?
###Options:
A.  Bone densitometry
B.  Ultrasound
C.  MRI
D.  Nuclear medicine
E.  PET

###Answer:","B. Ultrasound

Ultrasound is the most commonly used imaging modality for the diagnosis and monitoring of liver cirrhosis and its related complications, particularly in Africa. It is a non-invasive, cost-effective, and widely accessible tool that helps in assessing liver texture, size, presence of nodules, and changes indicative of cirrhosis. Additionally, ultrasound can be used to evaluate portal hypertension and detect hepatocellular carcinoma, which are common complications associated with liver cirrhosis. MRI and more advanced imaging modalities are less accessible and more expensive, making ultrasound the modality of choice in many settings across Africa.",B,True,0.5199999955119999,0.26562499582519533,0.4799999955120001,0.8968577,0.93776876,0.91685706
419c2ce001e0763af51295275cded3528818e245e008493a9eac13c4f8711300,What is the most common cause of heart failure in sub-Saharan Africa?,"Hypertensive heart disease is the most common cause of heart failure in sub-Saharan Africa due to the high prevalence of hypertension in the region. Chronic high blood pressure leads to changes in the heart, such as left ventricular hypertrophy, which can progress to heart failure if left untreated.",5,E,Congenital heart disease,Cardiomyopathy,Coronary artery disease,Rheumatic heart disease,Hypertensive heart disease,"###Instruction: You are a skilled doctor with years of experience in the medical field in Africa, working in a hospital setting. Your expertise spans a range of conditions from common ailments to complex diseases. As part of your commitment to ongoing medical education, you are evaluating a set of multiple choice questions (MCQs) designed for medical students. 
Carefully select the most appropriate answer based on your clinical knowledge. 
You should directly answer the question by choosing the correct option and then provide a rationale for your answer. 

###Question: What is the most common cause of heart failure in sub-Saharan Africa?
###Options:
A.  Congenital heart disease
B.  Cardiomyopathy
C.  Coronary artery disease
D.  Rheumatic heart disease
E.  Hypertensive heart disease

###Answer:","E. Hypertensive heart disease

Rationale: In sub-Saharan Africa, hypertensive heart disease is the most common cause of heart failure. This is largely due to the high prevalence of hypertension in the region, which is often poorly controlled due to lack of access to healthcare resources, awareness, and medication adherence. Hypertension leads to increased workload on the heart, resulting in structural changes such as left ventricular hypertrophy and eventually heart failure. While other causes such as dilated cardiomyopathy and rheumatic heart disease are significant, hypertension stands out as the leading contributor to heart failure in this region. Coronary artery disease is more prevalent in Western countries, while rheumatic heart disease, though still present, has decreased in incidence due to better control and treatment of streptococcal infections.",E,True,0.43333332920138895,0.31249999595703126,0.39999999586805557,0.8672391,0.9271192,0.8961801
e6c45d56cdb947db853ca95720b7cc3750f05dc7feb713a5c2a1afe57c00904c,"A 60-year-old African patient presents with a history of progressive hip pain, stiffness, and limited range of motion. Imaging reveals joint space narrowing, subchondral sclerosis, and osteophyte formation. Laboratory investigations show elevated levels of serum uric acid. Which of the following conditions is most likely responsible for this presentation?","Gout is characterized by the deposition of urate crystals in the joints, leading to inflammation, pain, and joint damage, particularly in the hip.",5,E,Osteoarthritis,Rheumatoid arthritis,Avascular necrosis,Septic arthritis,Gout,"###Instruction: You are a skilled doctor with years of experience in the medical field in Africa, working in a hospital setting. Your expertise spans a range of conditions from common ailments to complex diseases. As part of your commitment to ongoing medical education, you are evaluating a set of multiple choice questions (MCQs) designed for medical students. 
Carefully select the most appropriate answer based on your clinical knowledge. 
You should directly answer the question by choosing the correct option and then provide a rationale for your answer. 

###Question: A 60-year-old African patient presents with a history of progressive hip pain, stiffness, and limited range of motion. Imaging reveals joint space narrowing, subchondral sclerosis, and osteophyte formation. Laboratory investigations show elevated levels of serum uric acid. Which of the following conditions is most likely responsible for this presentation?
###Options:
A.  Osteoarthritis
B.  Rheumatoid arthritis
C.  Avascular necrosis
D.  Septic arthritis
E.  Gout

###Answer:","###Answer: E. Gout

###Rationale:
The presentation described includes hip pain, stiffness, limited range of motion, and imaging findings of joint space narrowing, subchondral sclerosis, and osteophyte formation, which typically suggest degenerative joint disease such as osteoarthritis. However, the key detail in this scenario is the elevated levels of serum uric acid, which are not characteristic of osteoarthritis.

Gout is a condition characterized by the deposition of monosodium urate crystals in joints due to hyperuricemia (elevated serum uric acid levels). While gout more commonly affects peripheral joints such as the big toe, it can also affect larger joints like the hip, especially in chronic cases. The presence of elevated serum uric acid strongly points towards gout being a significant contributor to the patient's symptoms.

The other options can be ruled out for the following reasons:
- **A. Osteoarthritis**: Typically does not cause elevated serum uric acid levels.
- **B. Rheumatoid arthritis**: Often involves elevated inflammatory markers but not serum uric acid.
- **C. Avascular necrosis**: Would usually present with risk factors like steroid use or trauma without specifically elevated uric acid levels.
- **D. Septic arthritis**: Would likely present with acute onset, fever, and elevated inflammatory markers, not primarily with elevated serum uric acid.

Therefore, the most likely condition responsible for this presentation, considering the lab findings, is gout.",E,True,0.1840490776017163,0.06334841456972631,0.17177913895140956,0.79780024,0.9157184,0.85270196
90597aa1f9d46e1f09ad5150532849983303681e924fcc3069d722ea44e893b2,"What is a cultural belief in some African communities that may hinder the early detection and treatment of testicular cancer, and how can healthcare providers address this challenge?","In some African communities, there is an association of testicular lumps with infertility, which may lead to delayed presentation for medical evaluation. Healthcare providers can address this challenge through community education emphasizing the importance of early detection and dispelling misconceptions about testicular health and fertility.",5,C,"Belief in traditional healers for the treatment of testicular masses, delaying access to standard medical care","Stigma surrounding genital examinations, resulting in avoidance of healthcare facilities for screening","Association of testicular lumps with infertility, leading to delayed presentation for medical evaluation","Perception of testicular cancer as a punishment for immoral behavior, leading to social isolation and discrimination","Fear of emasculation associated with orchidectomy, causing reluctance to undergo surgical intervention","###Instruction: You are a skilled doctor with years of experience in the medical field in Africa, working in a hospital setting. Your expertise spans a range of conditions from common ailments to complex diseases. As part of your commitment to ongoing medical education, you are evaluating a set of multiple choice questions (MCQs) designed for medical students. 
Carefully select the most appropriate answer based on your clinical knowledge. 
You should directly answer the question by choosing the correct option and then provide a rationale for your answer. 

###Question: What is a cultural belief in some African communities that may hinder the early detection and treatment of testicular cancer, and how can healthcare providers address this challenge?
###Options:
A.  Belief in traditional healers for the treatment of testicular masses, delaying access to standard medical care
B.  Stigma surrounding genital examinations, resulting in avoidance of healthcare facilities for screening
C.  Association of testicular lumps with infertility, leading to delayed presentation for medical evaluation
D.  Perception of testicular cancer as a punishment for immoral behavior, leading to social isolation and discrimination
E.  Fear of emasculation associated with orchidectomy, causing reluctance to undergo surgical intervention

###Answer:","B. Stigma surrounding genital examinations, resulting in avoidance of healthcare facilities for screening

### Rationale:
Cultural beliefs and social stigma play a significant role in healthcare-seeking behavior, particularly in regions where traditional and cultural views strongly influence health decisions. Among the provided options, the stigma surrounding genital examinations is particularly relevant, as it directly impacts an individual's likelihood of visiting healthcare facilities for screening and examination of potential testicular issues. This stigma can lead to significant delays in the diagnosis and treatment of testicular cancer.

Healthcare providers can address this challenge by engaging in community education and sensitization programs that aim to normalize conversations about male health issues and emphasize the importance of early detection and treatment. It is essential to culturally tailor these interventions, respecting community values while gently challenging misconceptions. Building trust by using culturally appropriate and sensitive communication strategies can encourage more men to seek timely medical evaluation without fear of stigma or judgment.",B,False,0.32051281657790925,0.14358974009520062,0.2948717909368837,0.857376,0.9066485,0.8813241
5f6d52ae82078dea5fb24aba68a864df20ce131b7cf16563a9bd4a6281409791,What is the most common cause of chronic liver disease in Africa?,Chronic hepatitis B infection is highly endemic in Africa and is a major cause of liver cirrhosis and hepatocellular carcinoma.,5,B,Alcoholic liver disease,Viral hepatitis B,Non-alcoholic fatty liver disease (NAFLD),Hepatocellular carcinoma (HCC),Diabetes,"###Instruction: You are a skilled doctor with years of experience in the medical field in Africa, working in a hospital setting. Your expertise spans a range of conditions from common ailments to complex diseases. As part of your commitment to ongoing medical education, you are evaluating a set of multiple choice questions (MCQs) designed for medical students. 
Carefully select the most appropriate answer based on your clinical knowledge. 
You should directly answer the question by choosing the correct option and then provide a rationale for your answer. 

###Question: What is the most common cause of chronic liver disease in Africa?
###Options:
A.  Alcoholic liver disease
B.  Viral hepatitis B
C.  Non-alcoholic fatty liver disease (NAFLD)
D.  Hepatocellular carcinoma (HCC)
E.  Diabetes

###Answer:","The most appropriate answer is:

B. Viral hepatitis B

### Rationale:
In Africa, the most common cause of chronic liver disease is viral hepatitis, particularly hepatitis B. Hepatitis B is endemic in many parts of the continent, leading to high rates of chronic infection which can progress to chronic liver diseases such as cirrhosis and hepatocellular carcinoma. While alcoholic liver disease and non-alcoholic fatty liver disease are significant causes of liver disease globally, hepatitis B remains the predominant cause in the African context due to the high prevalence of the virus and limited access to vaccination and healthcare resources. Hepatocellular carcinoma can result from chronic liver disease but is not a primary cause, and diabetes is a risk factor for some liver diseases but not a direct cause in this scenario.",B,True,0.28571428271553523,0.1176470564197665,0.2653061194502291,0.85093886,0.929206,0.88835186
0cd4f9a99712ec418e1c69c984e95109eef7d47eb9b99df80025ad48673ae9f3,A 75-year-old African patient presents with recurrent falls and cognitive impairment. Which of the following medications is most likely contributing to these symptoms?,"Amitriptyline is an antidepressant known to cause sedation, dizziness, and cognitive impairment, especially in older adults, increasing the risk of falls.",5,C,Lisinopril,Metformin,Amitriptyline,Aspirin,Simvastatin,"###Instruction: You are a skilled doctor with years of experience in the medical field in Africa, working in a hospital setting. Your expertise spans a range of conditions from common ailments to complex diseases. As part of your commitment to ongoing medical education, you are evaluating a set of multiple choice questions (MCQs) designed for medical students. 
Carefully select the most appropriate answer based on your clinical knowledge. 
You should directly answer the question by choosing the correct option and then provide a rationale for your answer. 

###Question: A 75-year-old African patient presents with recurrent falls and cognitive impairment. Which of the following medications is most likely contributing to these symptoms?
###Options:
A.  Lisinopril
B.  Metformin
C.  Amitriptyline
D.  Aspirin
E.  Simvastatin

###Answer:","C. Amitriptyline

Amitriptyline is a tricyclic antidepressant that can have several side effects, particularly in elderly patients, including sedation, confusion, and orthostatic hypotension. These effects can significantly contribute to recurrent falls and cognitive impairment. Elderly patients have increased sensitivity to anticholinergic effects from tricyclic antidepressants, and these effects can exacerbate cognitive decline and increase the risk of falls. The other medications listed, while they have their own side effects, are less likely to directly cause both cognitive impairment and falls compared to a tricyclic antidepressant like amitriptyline.",C,True,0.31325300826825375,0.09900989781393991,0.28915662272608506,0.85503936,0.9281964,0.8901172
7f8fc00e6cc3ccdfe4aeb628ecefd26837a5523991b332dfc5fb5ec4bfcc2e81,Which of the following is a common etiological agent of typhoid fever in Africa?,Typhoid fever is caused by Salmonella enterica serotype Typhi and remains a significant public health concern in many African countries.,5,A,Salmonella enterica serotype Typhi,Shigella flexneri,Vibrio cholerae,Escherichia coli O157:H7,Yersinia pestis,"###Instruction: You are a skilled doctor with years of experience in the medical field in Africa, working in a hospital setting. Your expertise spans a range of conditions from common ailments to complex diseases. As part of your commitment to ongoing medical education, you are evaluating a set of multiple choice questions (MCQs) designed for medical students. 
Carefully select the most appropriate answer based on your clinical knowledge. 
You should directly answer the question by choosing the correct option and then provide a rationale for your answer. 

###Question: Which of the following is a common etiological agent of typhoid fever in Africa?
###Options:
A.  Salmonella enterica serotype Typhi
B.  Shigella flexneri
C.  Vibrio cholerae
D.  Escherichia coli O157:H7
E.  Yersinia pestis

###Answer:","A. Salmonella enterica serotype Typhi

### Rationale:
Typhoid fever is a systemic infection caused by the bacterium Salmonella enterica serotype Typhi. It is transmitted through contaminated food and water and is prevalent in areas with poor sanitation, which includes various regions in Africa. The other options listed are associated with different diseases: Shigella flexneri causes bacillary dysentery (shigellosis), Vibrio cholerae is responsible for cholera, Escherichia coli O157:H7 can cause severe foodborne illness and hemolytic uremic syndrome, and Yersinia pestis is the bacterium that causes plague. None of these agents are responsible for typhoid fever, thus making Salmonella enterica serotype Typhi the correct answer.",A,True,0.24242423920008166,0.10619468746808684,0.22222221899806147,0.8159783,0.8990578,0.85550576
ff3ffd34f0884bc9dd32fb2cb55ce765c2f8db3833f8ab96324a70711ca58b64,What is the primary vector for the transmission of Lassa fever in West Africa?,Lassa fever is primarily transmitted to humans through contact with urine or feces of infected Mastomys rodents.,5,D,Aedes mosquitoes,Anopheles mosquitoes,Phlebotomine sandflies,Mastomys rodents,Tsetse Fly,"###Instruction: You are a skilled doctor with years of experience in the medical field in Africa, working in a hospital setting. Your expertise spans a range of conditions from common ailments to complex diseases. As part of your commitment to ongoing medical education, you are evaluating a set of multiple choice questions (MCQs) designed for medical students. 
Carefully select the most appropriate answer based on your clinical knowledge. 
You should directly answer the question by choosing the correct option and then provide a rationale for your answer. 

###Question: What is the primary vector for the transmission of Lassa fever in West Africa?
###Options:
A.  Aedes mosquitoes
B.  Anopheles mosquitoes
C.  Phlebotomine sandflies
D.  Mastomys rodents
E.  Tsetse Fly

###Answer:","D. Mastomys rodents

**Rationale:** Lassa fever is a viral hemorrhagic illness endemic to West Africa, transmitted primarily through contact with Mastomys rodents, specifically the multimammate rat (Mastomys natalensis), which is the natural reservoir of the Lassa virus. People can become infected through direct contact with the rodent’s urine or droppings, inhalation of tiny particles in the air contaminated with rodent excretions, or through direct contact with infected individuals' body fluids. Unlike other vector-borne diseases like malaria and dengue, Lassa fever is not spread by insect vectors such as mosquitoes or flies, making option D the correct answer.",D,True,0.3333333302691358,0.11320754460662165,0.26666666360246916,0.8339123,0.91390765,0.8720794
77c0c9568ff70ba2a6d33a9171c5fafdca7df7055f6efce48c17826d696f03b8,Which of the following is the most common cancer among women in Africa?,"Cervical cancer is the leading cause of cancer-related deaths among women in Africa, primarily due to limited access to screening and vaccination programs.",5,B,Breast cancer,Cervical cancer,Ovarian cancer,Endometrial cancer,Prostrate Cancer,"###Instruction: You are a skilled doctor with years of experience in the medical field in Africa, working in a hospital setting. Your expertise spans a range of conditions from common ailments to complex diseases. As part of your commitment to ongoing medical education, you are evaluating a set of multiple choice questions (MCQs) designed for medical students. 
Carefully select the most appropriate answer based on your clinical knowledge. 
You should directly answer the question by choosing the correct option and then provide a rationale for your answer. 

###Question: Which of the following is the most common cancer among women in Africa?
###Options:
A.  Breast cancer
B.  Cervical cancer
C.  Ovarian cancer
D.  Endometrial cancer
E.  Prostrate Cancer

###Answer:","A. Breast cancer

Rationale: Breast cancer is the most common cancer among women in Africa and globally. It significantly affects women's health due to its high incidence and mortality rates. Breast cancer treatment and early detection programs have been implemented to combat this widespread issue across the continent. While cervical cancer is also a major public health concern, particularly due to the prevalence of human papillomavirus (HPV) and limited access to screening programs, breast cancer remains the leading cancer affecting women in Africa in terms of incidence. Endometrial, ovarian, and prostate cancer are less common compared to breast and cervical cancers among women.",A,False,0.3333333296395062,0.15384615079260724,0.28888888519506173,0.85710394,0.91262865,0.8839953
24389b5fe5d0f00b661332700ec9e2076c71f2a41299e27230580276e56ccee9,"Which of the following is a common nutritional deficiency disorder in African populations, characterized by symmetric pigmented patches on the skin?","Pellagra, caused by niacin deficiency, presents with characteristic skin changes including hyperpigmented and symmetrically distributed patches, particularly in sun-exposed areas",5,C,Scurvy,Kwashiorkor,Pellagra,Beriberi,Vitiligo,"###Instruction: You are a skilled doctor with years of experience in the medical field in Africa, working in a hospital setting. Your expertise spans a range of conditions from common ailments to complex diseases. As part of your commitment to ongoing medical education, you are evaluating a set of multiple choice questions (MCQs) designed for medical students. 
Carefully select the most appropriate answer based on your clinical knowledge. 
You should directly answer the question by choosing the correct option and then provide a rationale for your answer. 

###Question: Which of the following is a common nutritional deficiency disorder in African populations, characterized by symmetric pigmented patches on the skin?
###Options:
A.  Scurvy
B.  Kwashiorkor
C.  Pellagra
D.  Beriberi
E.  Vitiligo

###Answer:","C. Pellagra

Pellagra is a common nutritional deficiency disorder in some African populations, characterized primarily by the three D's: dermatitis, diarrhea, and dementia. The dermatitis in pellagra often presents as symmetric pigmented patches of skin, particularly in areas exposed to sunlight, such as the forearms, neck, and face. This condition results from a deficiency in niacin (vitamin B3) or tryptophan, an amino acid that can be converted into niacin in the body. It is distinct from the other options listed, as scurvy (vitamin C deficiency), kwashiorkor (protein deficiency), beriberi (thiamine deficiency), and vitiligo (a skin disorder characterized by depigmented patches) do not typically present with symmetric pigmented patches on the skin.",C,True,0.17647058508266056,0.015748028951578313,0.17647058508266056,0.8245906,0.88568974,0.8540488
a9942bfd6fa32026e4a0e31cf77334e3eda4f893b55fa2e4453e417b683abd29, A 35-year-old African patient presents with acute knee pain and swelling following a twisting injury. Physical examination reveals a positive anterior drawer test. Which of the following is the most likely diagnosis?,"The anterior drawer test is used to assess for ACL injury, which is common following a twisting injury to the knee.",5,C,Medial collateral ligament (MCL) injury,Lateral collateral ligament (LCL) injury,Anterior cruciate ligament (ACL) injury,Posterior cruciate ligament (PCL) injury,Meniscus tear,"###Instruction: You are a skilled doctor with years of experience in the medical field in Africa, working in a hospital setting. Your expertise spans a range of conditions from common ailments to complex diseases. As part of your commitment to ongoing medical education, you are evaluating a set of multiple choice questions (MCQs) designed for medical students. 
Carefully select the most appropriate answer based on your clinical knowledge. 
You should directly answer the question by choosing the correct option and then provide a rationale for your answer. 

###Question:  A 35-year-old African patient presents with acute knee pain and swelling following a twisting injury. Physical examination reveals a positive anterior drawer test. Which of the following is the most likely diagnosis?
###Options:
A.  Medial collateral ligament (MCL) injury
B.  Lateral collateral ligament (LCL) injury
C.  Anterior cruciate ligament (ACL) injury
D.  Posterior cruciate ligament (PCL) injury
E.  Meniscus tear

###Answer:","C. Anterior cruciate ligament (ACL) injury

Rationale: The anterior drawer test is specifically used to assess the integrity of the anterior cruciate ligament (ACL) in the knee. A positive anterior drawer test indicates excessive forward movement of the tibia relative to the femur, which is highly suggestive of an ACL injury. This aligns with the mechanism of injury described in the question—a twisting injury leading to acute knee pain and swelling, both of which are consistent with an ACL tear. While meniscus tears can occur with twisting injuries and cause knee pain, the positive anterior drawer test is more indicative of an ACL injury rather than a meniscus tear or injury to other ligaments such as the MCL, LCL, or PCL.",C,True,0.3296703263663809,0.17460317193247674,0.3296703263663809,0.8312557,0.9121855,0.86984223
2e9d5e82489eb3c0452b875d5c3e0d3b52a7fbdc1e73971e4e6ba6bd7b63ee9b,Which of the following is a common presentation of African trypanosomiasis (sleeping sickness) in the neurological stage?,"In the neurological stage of African trypanosomiasis, patients often present with confusion, sleep disturbances, and other neurological symptoms.",5,A,Confusion and sleep disturbances,Fever and chills,Jaundice and hepatomegaly,Cutaneous ulcers,All of the above,"###Instruction: You are a skilled doctor with years of experience in the medical field in Africa, working in a hospital setting. Your expertise spans a range of conditions from common ailments to complex diseases. As part of your commitment to ongoing medical education, you are evaluating a set of multiple choice questions (MCQs) designed for medical students. 
Carefully select the most appropriate answer based on your clinical knowledge. 
You should directly answer the question by choosing the correct option and then provide a rationale for your answer. 

###Question: Which of the following is a common presentation of African trypanosomiasis (sleeping sickness) in the neurological stage?
###Options:
A.  Confusion and sleep disturbances
B.  Fever and chills
C.  Jaundice and hepatomegaly
D.  Cutaneous ulcers
E.  All of the above

###Answer:","A. Confusion and sleep disturbances

Rationale: African trypanosomiasis, also known as sleeping sickness, is caused by the Trypanosoma brucei parasite and transmitted by the tsetse fly. The disease can be divided into two stages: the hemolymphatic stage and the neurological stage. In the initial hemolymphatic stage, symptoms such as fever and lymphadenopathy are common, but these are not specific to the neurological stage. The neurological stage of the disease is characterized by central nervous system involvement, which manifests as sleep disturbances (hence the name sleeping sickness), confusion, changes in behavior, and other neurological signs. The correct choice here is option A, as it specifically refers to symptoms present during the neurological phase of the disease. Options such as fever and chills, jaundice and hepatomegaly, and cutaneous ulcers are not typically associated with the neurological stage of African trypanosomiasis.",A,True,0.27184465743802433,0.11510791152217799,0.19417475452540298,0.82855976,0.9101703,0.86744976
104cbc9b5d91699136f65ddd5f7ca29205653dcc9b5ac65b03c0676148a24e2b,Which of the following is a common presentation of African endemic Buruli ulcer?,Buruli ulcer often presents with painless skin ulcers that can be large and destructive if left untreated.,5,B,Painful genital ulcers,"Large, painless skin ulcers",Papular rash,Severe itching,None of the above,"###Instruction: You are a skilled doctor with years of experience in the medical field in Africa, working in a hospital setting. Your expertise spans a range of conditions from common ailments to complex diseases. As part of your commitment to ongoing medical education, you are evaluating a set of multiple choice questions (MCQs) designed for medical students. 
Carefully select the most appropriate answer based on your clinical knowledge. 
You should directly answer the question by choosing the correct option and then provide a rationale for your answer. 

###Question: Which of the following is a common presentation of African endemic Buruli ulcer?
###Options:
A.  Painful genital ulcers
B.  Large, painless skin ulcers
C.  Papular rash
D.  Severe itching
E.  None of the above

###Answer:","B. Large, painless skin ulcers

**Rationale:** African endemic Buruli ulcer is caused by Mycobacterium ulcerans. The disease typically begins as a painless, subcutaneous nodule, which later breaks down to form a large, necrotic, ulcerating lesion with undermined edges, typically in the limbs. This presentation is characteristic and is the reason for selecting option B. The ulcers are usually painless, and this lack of pain is a distinctive feature of Buruli ulcer compared to other conditions that might cause skin ulcers. Options A, C, and D do not describe the typical presentation of Buruli ulcer.",B,True,0.1839080428326067,0.0571428545596373,0.16091953708548032,0.8313206,0.876516,0.85332024
f0dd23dfbda941ee58057af212af3abbe89d0c8ef0a5a57ad0a68791abab6322,Which of the following is a common etiological factor for the development of hepatocellular carcinoma (HCC) in Africa?,"Chronic exposure to aflatoxins from contaminated food is a major risk factor for HCC in Africa, particularly in regions with high rates of aflatoxin contamination.",5,E,Chronic alcohol consumption,Hepatitis B virus (HBV) infection,Non-alcoholic fatty liver disease (NAFLD),Hepatitis C virus (HCV) infection,Aflatoxin exposure,"###Instruction: You are a skilled doctor with years of experience in the medical field in Africa, working in a hospital setting. Your expertise spans a range of conditions from common ailments to complex diseases. As part of your commitment to ongoing medical education, you are evaluating a set of multiple choice questions (MCQs) designed for medical students. 
Carefully select the most appropriate answer based on your clinical knowledge. 
You should directly answer the question by choosing the correct option and then provide a rationale for your answer. 

###Question: Which of the following is a common etiological factor for the development of hepatocellular carcinoma (HCC) in Africa?
###Options:
A.  Chronic alcohol consumption
B.  Hepatitis B virus (HBV) infection
C.  Non-alcoholic fatty liver disease (NAFLD)
D.  Hepatitis C virus (HCV) infection
E.  Aflatoxin exposure

###Answer:","B. Hepatitis B virus (HBV) infection

Rationale: In Africa, one of the most common etiological factors for the development of hepatocellular carcinoma (HCC) is chronic infection with the hepatitis B virus (HBV). The prevalence of HBV infection is particularly high in sub-Saharan Africa, making it a significant risk factor for HCC in the region. While aflatoxin exposure also contributes to the incidence of HCC in Africa due to contamination of staple foods, HBV infection remains the more predominant factor in the African context. Chronic alcohol consumption and hepatitis C virus (HCV) infection are also risk factors for HCC globally, but they are less common than HBV in African settings. Non-alcoholic fatty liver disease (NAFLD) is an emerging risk factor for HCC, but it is more prevalent in Western populations than in Africa.",B,False,0.32692307337278104,0.05517241103067791,0.24999999644970416,0.83966273,0.89853066,0.86809987
b630a13d53bf467ed8031f6a7939a361729177a5df67156e97ebfdc24ba332a6,Which of the following is NOT a risk factor for sickle cell disease in Nigeria?,Hemoglobin AC genotype is not a risk factor for sickle cell disease in Nigeria.,5,E,Malaria,Family history of sickle cell disease,Vitamin D deficiency,Hemoglobin AS genotype,Hemoglobin AC genotype,"###Instruction: You are a skilled doctor with years of experience in the medical field in Africa, working in a hospital setting. Your expertise spans a range of conditions from common ailments to complex diseases. As part of your commitment to ongoing medical education, you are evaluating a set of multiple choice questions (MCQs) designed for medical students. 
Carefully select the most appropriate answer based on your clinical knowledge. 
You should directly answer the question by choosing the correct option and then provide a rationale for your answer. 

###Question: Which of the following is NOT a risk factor for sickle cell disease in Nigeria?
###Options:
A.  Malaria
B.  Family history of sickle cell disease
C.  Vitamin D deficiency
D.  Hemoglobin AS genotype
E.  Hemoglobin AC genotype

###Answer:","E. Hemoglobin AC genotype

**Rationale:**
Sickle cell disease is primarily a genetic disorder determined by the inheritance of two sickle cell genes (SS). The risk factors for sickle cell disease itself are largely genetic. Let's evaluate each option:

- **A. Malaria**: While malaria does not cause sickle cell disease, there is an evolutionary relationship where individuals with sickle cell trait (AS) have a selective advantage against malaria, particularly in malaria-endemic regions like Nigeria. However, malaria itself is not a direct risk factor for actually having sickile cell disease.
  
- **B. Family history of sickle cell disease**: This is indeed a risk factor because sickle cell disease is inherited. A family history increases the likelihood of inheriting the disease.
  
- **C. Vitamin D deficiency**: This is not a known risk factor for sickle cell disease. While vitamin D deficiency may impact bone health and immune function, it does not relate to the genetic transmission of sickle cell disease.

- **D. Hemoglobin AS genotype**: This refers to being a carrier of the sickle cell trait. Carriers do not have sickle cell disease but can pass the gene to their children, potentially resulting in the disease if the other parent also passes a sickle cell gene.

- **E. Hemoglobin AC genotype**: This genotype involves one normal hemoglobin allele (A) and one allele for hemoglobin C. Hemoglobin C trait is a different condition and does not cause sickle cell disease. It does not significantly contribute to or affect the transmission of sickle cell disease. 

Therefore, option **E. Hemoglobin AC genotype** is not a direct risk factor for sickle cell disease, making it the correct answer to the question.",E,True,0.17948717785338592,0.08620689549383176,0.17948717785338592,0.8026881,0.890352,0.8442505
22689e7835c52c1eb0c16cb8e6830dc60d9a6460394a11b6b98ed07537749958,Which of the following is a common presentation of tuberculosis (TB) in African adults?,"TB in African adults can present with pulmonary infiltrates, hemoptysis, night sweats, and weight loss, among other symptoms.",5,E,Pulmonary infiltrates on chest X-ray,Hemoptysis,Night sweats,Weight loss,All of the above,"###Instruction: You are a skilled doctor with years of experience in the medical field in Africa, working in a hospital setting. Your expertise spans a range of conditions from common ailments to complex diseases. As part of your commitment to ongoing medical education, you are evaluating a set of multiple choice questions (MCQs) designed for medical students. 
Carefully select the most appropriate answer based on your clinical knowledge. 
You should directly answer the question by choosing the correct option and then provide a rationale for your answer. 

###Question: Which of the following is a common presentation of tuberculosis (TB) in African adults?
###Options:
A.  Pulmonary infiltrates on chest X-ray
B.  Hemoptysis
C.  Night sweats
D.  Weight loss
E.  All of the above

###Answer:","E. All of the above

### Rationale:
Tuberculosis (TB) is a significant public health concern in Africa, with a variety of symptoms often presenting concurrently. The symptoms listed in the options are typical manifestations of TB in adults:

- **Pulmonary infiltrates on chest X-ray**: This is a characteristic radiological finding in pulmonary tuberculosis, the most common form of TB. It often appears as nodular or consolidative lesions, especially in the upper lobes of the lungs.

- **Hemoptysis**: Coughing up blood is a classic symptom of pulmonary TB, resulting from the erosion of blood vessels by the tuberculous infection.

- **Night sweats**: This is a systemic symptom of TB, stemming from the body's immune response to the infection. Night sweats are often profuse and drenching.

- **Weight loss**: Known as ""consumption"" in historical contexts, weight loss is a telling symptom of TB due to prolonged infection and resulting catabolic state.

Since TB often presents with a constellation of these symptoms, option E, ""All of the above,"" is the most appropriate choice. Recognizing this combination of symptoms is critical for the early diagnosis and treatment of TB in African adults.",E,True,0.13235293887975783,0.03225806285524346,0.13235293887975783,0.80755055,0.89185345,0.847611
a7d4b86ddac9088424e78cce7b56d6e52098883374ce6aec4b5dbf6bef30ea1f,Which African country has the highest prevalence of diabetes mellitus in the continent?,"Nigeria has one of the highest prevalences of diabetes mellitus in Africa, with an increasing burden of both type 1 and type 2 diabetes. Factors contributing to this high prevalence include urbanization, sedentary lifestyles, unhealthy diets, and genetic predisposition. The rising incidence of diabetes in Nigeria underscores the importance of public health initiatives to promote awareness, prevention, and management of this endocrine disorder.",4,B,South Africa,Nigeria,Egypt,Kenya,,"###Instruction: You are a skilled doctor with years of experience in the medical field in Africa, working in a hospital setting. Your expertise spans a range of conditions from common ailments to complex diseases. As part of your commitment to ongoing medical education, you are evaluating a set of multiple choice questions (MCQs) designed for medical students. 
Carefully select the most appropriate answer based on your clinical knowledge. 
You should directly answer the question by choosing the correct option and then provide a rationale for your answer. 

###Question: Which African country has the highest prevalence of diabetes mellitus in the continent?
###Options:
A.  South Africa
B.  Nigeria
C.  Egypt
D.  Kenya

###Answer:","C. Egypt

Rationale: Egypt has one of the highest prevalence rates of diabetes mellitus in Africa. Several factors contribute to this high prevalence, including rapid urbanization, lifestyle changes, and genetic susceptibility. The increasing rates of obesity and sedentary lifestyles in urban areas of Egypt are significant risk factors for the development of type 2 diabetes. While South Africa and Nigeria also have substantial numbers of people with diabetes, Egypt stands out due to its notably higher prevalence rate based on recent epidemiological studies.",C,False,0.38938052608661605,0.16901407960622905,0.3716814110423683,0.89595973,0.91461474,0.90519106
2c49be403c884f48c54942f379272ded3a1e8e30b48cdf1b6293205c536c498c,Major omphalocele non-operative management in Nigeria,"Vaseline helps prevent excoriation and penicillin as antiseptic.
This vaseline impreginated with penicillin method is employed by many pediatric surgeons in Nigeria for non operative management of major omphalocele.",5,A,alcohol,aqueous mecurochrome,Dermazine cream+sufratulle,Honey,vaseline impregnated with penicillin,"###Instruction: You are a skilled doctor with years of experience in the medical field in Africa, working in a hospital setting. Your expertise spans a range of conditions from common ailments to complex diseases. As part of your commitment to ongoing medical education, you are evaluating a set of multiple choice questions (MCQs) designed for medical students. 
Carefully select the most appropriate answer based on your clinical knowledge. 
You should directly answer the question by choosing the correct option and then provide a rationale for your answer. 

###Question: Major omphalocele non-operative management in Nigeria
###Options:
A.  alcohol
B.  aqueous mecurochrome
C.  Dermazine cream+sufratulle
D.  Honey
E.  vaseline impregnated with penicillin

###Answer:","C. Dermazine cream+sufratulle

### Rationale:
An omphalocele is a congenital defect at the base of the umbilical cord where the abdominal contents protrude into a sac outside the abdominal cavity. Non-operative management of omphalocele, especially in settings where surgical options are limited or deferred, aims to promote the epithelialization of the sac, prevent infection, and protect the protruding viscera.

In the context of Nigeria, where access to advanced surgical procedures might be limited, non-operative management becomes crucial. Dermazine cream, which contains silver sulfadiazine, is a topical antimicrobial agent widely used for wound care because of its ability to prevent infection and promote wound healing. Supratulle, a type of gauze dressing, is often impregnated with antiseptic or antimicrobial substances to further protect the area.

Thus, Dermazine cream combined with suflatulle provides both a protective barrier and antimicrobial properties, making it a suitable choice for managing an omphalocele non-operatively in a resource-limited setting. The other options may either lack adequate antimicrobial properties or fail to provide the necessary environmental conditions for appropriate healing and protection.",C,False,0.1342281848673484,0.010204079183674056,0.12080536607540208,0.8271714,0.8536718,0.8402127
cf3a6156f841b056466c0947d40b3abe57d79a35dfa2e6b84a103e1e6f734141,Common causes of neonatal jaundice in Nigeria include,Jaundice is a common finding in pts with ABO incompatibility due to hemolysis,5,A,Rh isoimmunization,Septicemia,Prematurity,ABO incompatibility,Hypothyroidism,"###Instruction: You are a skilled doctor with years of experience in the medical field in Africa, working in a hospital setting. Your expertise spans a range of conditions from common ailments to complex diseases. As part of your commitment to ongoing medical education, you are evaluating a set of multiple choice questions (MCQs) designed for medical students. 
Carefully select the most appropriate answer based on your clinical knowledge. 
You should directly answer the question by choosing the correct option and then provide a rationale for your answer. 

###Question: Common causes of neonatal jaundice in Nigeria include
###Options:
A.  Rh isoimmunization
B.  Septicemia
C.  Prematurity
D.  ABO incompatibility
E.  Hypothyroidism

###Answer:","D. ABO incompatibility

### Rationale:
Neonatal jaundice is a prevalent condition in Nigeria and elsewhere, largely due to various causes. Among the options given:

- **Rh isoimmunization** (A) is a significant cause of neonatal jaundice but is less common than ABO incompatibility, especially in African populations, where maternal-fetal blood group mismatches due to ABO are more frequent than those due to Rh factor differences.
  
- **Septicemia** (B) can cause jaundice in neonates; however, it is typically associated with other signs of infection and is not as common a primary cause of jaundice in the first few days of life as ABO incompatibility.

- **Prematurity** (C) can lead to jaundice due to immature liver function, but it is not as directly frequent a cause as ABO incompatibility when considering the general population.

- **ABO incompatibility** (D) is one of the most common causes of neonatal jaundice worldwide, including in Nigeria. It occurs when there is a blood type mismatch between the mother and the baby, leading to hemolysis of fetal red blood cells and thus increased bilirubin production.

- **Hypothyroidism** (E) can be a cause of jaundice, but congenital hypothyroidism tends to cause prolonged jaundice rather than being the most common initial cause.

Therefore, given the frequency and the context of Nigeria, ABO incompatibility is the most common cause among those listed.",D,False,0.14598539974212799,0.03846153737426038,0.1313868595961426,0.7970032,0.87045217,0.83211
35fe5f0505947f7b53cd9bc542909f22189fa14f874d0227046141c544ecfced,"A 40-year-old man presents to the clinician with a 2-week history of cough and high-grade fever. He recently immigrated from South Africa. He claims that the fever is off and on, and he has also lost weight during this time. The patient's PPD skin test is positive, and gram staining of sputum reveals acid-fast bacilli. The patient is started on the appropriate therapy. Two weeks later, the patient returns with improvement in his initial symptoms but has begun to develop a tingling sensation in his hands and feet. He claims there has been no change in his diet or lifestyle and has no other symptoms. Which of the following is the best therapy for the patient's new symptoms?","This patient was diagnosed with active TB and was most likely given a drug combination of isoniazid, rifampin, ethambutol, and pyrazinamide.

Isoniazid is the most commonly used antibiotic for TB treatment and prophylaxis. Isoniazid inhibits pyridoxine phosphokinase, the enzyme necessary to activate pyridoxine to pyridoxal phosphate.

Because of the pyridoxine phosphokinase deficiency, there is a functional deficiency of pyridoxine which can easily be overcome with pyridoxine supplementation.

Pyridoxine deficiency can present as fatigue, shortness of breath, paresthesias, weight loss, and muscle weakness.",5,C,Vitamin A,Thiamine,Pyridoxine,Biotin,Niacin,"###Instruction: You are a skilled doctor with years of experience in the medical field in Africa, working in a hospital setting. Your expertise spans a range of conditions from common ailments to complex diseases. As part of your commitment to ongoing medical education, you are evaluating a set of multiple choice questions (MCQs) designed for medical students. 
Carefully select the most appropriate answer based on your clinical knowledge. 
You should directly answer the question by choosing the correct option and then provide a rationale for your answer. 

###Question: A 40-year-old man presents to the clinician with a 2-week history of cough and high-grade fever. He recently immigrated from South Africa. He claims that the fever is off and on, and he has also lost weight during this time. The patient's PPD skin test is positive, and gram staining of sputum reveals acid-fast bacilli. The patient is started on the appropriate therapy. Two weeks later, the patient returns with improvement in his initial symptoms but has begun to develop a tingling sensation in his hands and feet. He claims there has been no change in his diet or lifestyle and has no other symptoms. Which of the following is the best therapy for the patient's new symptoms?
###Options:
A.  Vitamin A
B.  Thiamine
C.  Pyridoxine
D.  Biotin
E.  Niacin

###Answer:","C. Pyridoxine

**Rationale:** The patient presents with symptoms consistent with tuberculosis (TB), which is common in people from regions with high TB prevalence, such as South Africa. The positive PPD skin test and acid-fast bacilli in the sputum confirm the diagnosis of TB. The standard treatment for TB includes a combination of antibiotics: isoniazid, rifampin, pyrazinamide, and ethambutol.

The tingling sensation in the patient's hands and feet is indicative of peripheral neuropathy, a known side effect of isoniazid. Isoniazid can cause peripheral neuropathy due to its interference with vitamin B6 (pyridoxine) metabolism. To prevent or treat isoniazid-induced peripheral neuropathy, pyridoxine supplementation is recommended.

Therefore, the best therapy for the patient's new symptoms (tingling sensation) is pyridoxine (vitamin B6) supplementation.",C,True,0.2837837789627466,0.040816321681070966,0.27027026544923305,0.85807455,0.87166095,0.8648144
7466d71d41adde0585f6a3c40cee00e1115fe93db3c6112104ab44285a232783,Which of the following is a common etiological agent of meningitis in African meningitis belt countries?,"Neisseria meningitidis is a common cause of meningitis outbreaks in the African meningitis belt, also known as the ""meningitis belt.""",5,A,Neisseria meningitidis,Haemophilus influenzae type b (Hib),Streptococcus pneumoniae,Listeria monocytogenes,Mycobacterium tuberculosis,"###Instruction: You are a skilled doctor with years of experience in the medical field in Africa, working in a hospital setting. Your expertise spans a range of conditions from common ailments to complex diseases. As part of your commitment to ongoing medical education, you are evaluating a set of multiple choice questions (MCQs) designed for medical students. 
Carefully select the most appropriate answer based on your clinical knowledge. 
You should directly answer the question by choosing the correct option and then provide a rationale for your answer. 

###Question: Which of the following is a common etiological agent of meningitis in African meningitis belt countries?
###Options:
A.  Neisseria meningitidis
B.  Haemophilus influenzae type b (Hib)
C.  Streptococcus pneumoniae
D.  Listeria monocytogenes
E.  Mycobacterium tuberculosis

###Answer:","A. Neisseria meningitidis

Rationale: The African meningitis belt, which spans across sub-Saharan Africa from Senegal in the west to Ethiopia in the east, is particularly known for epidemic outbreaks of meningitis primarily caused by Neisseria meningitidis. This bacterium is a leading cause of bacterial meningitis in this region, especially during the dry season. Serogroups A, C, W, and X of Neisseria meningitidis have been responsible for various outbreaks. While other pathogens like Haemophilus influenzae type b and Streptococcus pneumoniae can cause meningitis, Neisseria meningitidis remains the most common and most significant etiological agent in the African meningitis belt.",A,True,0.3296703263663809,0.14414414118983856,0.30769230438835893,0.8488035,0.90275806,0.87494975
013a76385bffe9bbc150095f79b78ec1d2affd4fa7eabbcbd7114a4caf4c7579,Which variety of HIV is most common in West Africa?,HIV 2 is commonest in West Africa ,5,B,HIV 1,HIV 2,HIV 5,HIV 3,HIV 6,"###Instruction: You are a skilled doctor with years of experience in the medical field in Africa, working in a hospital setting. Your expertise spans a range of conditions from common ailments to complex diseases. As part of your commitment to ongoing medical education, you are evaluating a set of multiple choice questions (MCQs) designed for medical students. 
Carefully select the most appropriate answer based on your clinical knowledge. 
You should directly answer the question by choosing the correct option and then provide a rationale for your answer. 

###Question: Which variety of HIV is most common in West Africa?
###Options:
A.  HIV 1
B.  HIV 2
C.  HIV 5
D.  HIV 3
E.  HIV 6

###Answer:","B. HIV 2

Rationale: HIV has two major types, HIV-1 and HIV-2. HIV-1 is the most prevalent strain globally, responsible for the majority of HIV infections worldwide. However, HIV-2 is less transmissible and is predominantly found in West Africa. Although some cases of HIV-2 have been reported in other regions, including Europe and India, it remains the most common type in West African countries. Options C (HIV 5), D (HIV 3), and E (HIV 6) do not exist, as only HIV-1 and HIV-2 are recognized types. Thus, the correct answer is B. HIV 2.",B,True,0.162162160449233,0.06451612782518212,0.162162160449233,0.7976617,0.8676188,0.8311708
b4a56a27e7734739e17dcf987ab9a8336d3eccfbdc809e11658e228e04c8d250,Which of the following is a common presentation of African endemic leprosy?,African endemic leprosy often presents with painless skin lesions that may be hypopigmented or erythematous.,5,B,Loss of eyebrows,Painless skin lesions,Enlarged lymph nodes,"Red, swollen eyes",None of the above,"###Instruction: You are a skilled doctor with years of experience in the medical field in Africa, working in a hospital setting. Your expertise spans a range of conditions from common ailments to complex diseases. As part of your commitment to ongoing medical education, you are evaluating a set of multiple choice questions (MCQs) designed for medical students. 
Carefully select the most appropriate answer based on your clinical knowledge. 
You should directly answer the question by choosing the correct option and then provide a rationale for your answer. 

###Question: Which of the following is a common presentation of African endemic leprosy?
###Options:
A.  Loss of eyebrows
B.  Painless skin lesions
C.  Enlarged lymph nodes
D.  Red, swollen eyes
E.  None of the above

###Answer:","B. Painless skin lesions

Rationale: African endemic leprosy, also referred to as Hansen's disease, is primarily characterized by skin manifestations. The presence of painless skin lesions is a common presentation in patients with leprosy. These lesions often lack sensation due to nerve damage caused by the Mycobacterium leprae bacteria. While other symptoms like loss of eyebrows and eye issues can occur in leprosy cases, painless skin lesions are more directly associated with the early and common presentation of leprosy, making option B the most appropriate choice.",B,True,0.20253164249319022,0.06315789222382283,0.15189873110078522,0.8425096,0.8632914,0.8527739
aaa659980200aa259d4ee9de924625d03e0e40ddf101118408d5de9da0abb442,What is the most appropriate initial treatment for a patient presenting with status epilepticus in a resource-limited emergency department in Africa?, Intramuscular midazolam is the most appropriate initial treatment for status epilepticus in a resource-limited emergency department in Africa due to its rapid onset of action and ease of administration.,5,A,Intramuscular midazolam,Intravenous lorazepam,Intramuscular diazepam,Oral carbamazepine,Intravenous fosphenytoin,"###Instruction: You are a skilled doctor with years of experience in the medical field in Africa, working in a hospital setting. Your expertise spans a range of conditions from common ailments to complex diseases. As part of your commitment to ongoing medical education, you are evaluating a set of multiple choice questions (MCQs) designed for medical students. 
Carefully select the most appropriate answer based on your clinical knowledge. 
You should directly answer the question by choosing the correct option and then provide a rationale for your answer. 

###Question: What is the most appropriate initial treatment for a patient presenting with status epilepticus in a resource-limited emergency department in Africa?
###Options:
A.  Intramuscular midazolam
B.  Intravenous lorazepam
C.  Intramuscular diazepam
D.  Oral carbamazepine
E.  Intravenous fosphenytoin

###Answer:","A. Intramuscular midazolam

Rationale: In the context of a resource-limited emergency department, the most appropriate initial treatment for status epilepticus is administering a benzodiazepine. Benzodiazepines are the first line of treatment due to their rapid action in controlling seizures. While intravenous administration is generally preferred for its rapid onset, in many resource-limited settings, obtaining IV access quickly may be challenging. Midazolam can be administered intramuscularly, making it a practical first option especially when IV access is not easily available. Intramuscular midazolam is effective, works quickly, and is more feasible in such settings, compared to the other options, given the logistical and resource constraints.",A,True,0.4423076884633876,0.2031249965820313,0.3653846115403107,0.8687315,0.92503864,0.89600134
f4b3ee4ebfc2ba3b91c6f886f22c94a6234b4e0462e989ddca807e4ff240a1aa,Which of the following is a common cause of chronic liver disease in Africa?,"Naturally, Hepatitis B virus (HBV) is prevalent in Africa due to factors such as high rates of transmission through perinatal, horizontal, and sexual routes, as well as endemicity in certain regions. HBV can lead to chronic liver disease, making it a common cause of liver-related morbidity and mortality in the continent.",5,C,Hepatitis C virus (HCV),Hepatitis E virus (HEV),Hepatitis B virus (HBV),Human immunodeficiency virus (HIV),Hepatitis A virus (HAV),"###Instruction: You are a skilled doctor with years of experience in the medical field in Africa, working in a hospital setting. Your expertise spans a range of conditions from common ailments to complex diseases. As part of your commitment to ongoing medical education, you are evaluating a set of multiple choice questions (MCQs) designed for medical students. 
Carefully select the most appropriate answer based on your clinical knowledge. 
You should directly answer the question by choosing the correct option and then provide a rationale for your answer. 

###Question: Which of the following is a common cause of chronic liver disease in Africa?
###Options:
A.  Hepatitis C virus (HCV)
B.  Hepatitis E virus (HEV)
C.  Hepatitis B virus (HBV)
D.  Human immunodeficiency virus (HIV)
E.  Hepatitis A virus (HAV)

###Answer:","C. Hepatitis B virus (HBV)

### Rationale:
Hepatitis B virus (HBV) is a major cause of chronic liver disease in Africa. While all the viruses listed have the potential to affect the liver, HBV is particularly endemic in many African countries. It is known for its ability to cause chronic infection leading to more severe liver conditions such as cirrhosis and hepatocellular carcinoma. Hepatitis C virus (HCV) is also a significant cause of chronic liver disease globally, but its prevalence in Africa is generally lower than that of HBV. Hepatitis E virus (HEV) and Hepatitis A virus (HAV) typically cause acute infections and are not known to cause chronic liver disease. Human immunodeficiency virus (HIV) can lead to liver disease complications, particularly in the context of co-infections, but it is not primarily known for causing chronic liver disease independently. Therefore, among the options provided, HBV is the most common cause of chronic liver disease in Africa.",C,True,0.338461533983432,0.131868127883106,0.3230769185988166,0.8583816,0.8727522,0.86550725
2b333a3583f44a63d9ac297af0dd85676170c9623a2485070f2726eb4afcff4c,The standard diagnostic test for latent TB infection in Africa is:,"Sputum smear microscopy is a simple, inexpensive, and effective test for diagnosing active TB in resource-limited settings like many African countries.",5,B,Chest X-ray,Sputum smear microscopy,Blood test for TB antibodies,Tuberculin skin test (TST),None of the above,"###Instruction: You are a skilled doctor with years of experience in the medical field in Africa, working in a hospital setting. Your expertise spans a range of conditions from common ailments to complex diseases. As part of your commitment to ongoing medical education, you are evaluating a set of multiple choice questions (MCQs) designed for medical students. 
Carefully select the most appropriate answer based on your clinical knowledge. 
You should directly answer the question by choosing the correct option and then provide a rationale for your answer. 

###Question: The standard diagnostic test for latent TB infection in Africa is:
###Options:
A.  Chest X-ray
B.  Sputum smear microscopy
C.  Blood test for TB antibodies
D.  Tuberculin skin test (TST)
E.  None of the above

###Answer:","D. Tuberculin skin test (TST)

**Rationale:** The standard diagnostic test for latent tuberculosis infection (LTBI) is the Tuberculin skin test (TST). It is a well-established method used to identify individuals who have been infected with Mycobacterium tuberculosis, the bacterium that causes TB. While other tests, such as the Interferon Gamma Release Assays (IGRAs), are also used, they are less commonly employed in many parts of Africa due to cost and resource constraints. The TST involves the intradermal injection of purified protein derivative (PPD) and assessing the skin reaction after 48 to 72 hours. The other options listed are either not relevant tests for LTBI (e.g., chest X-ray, which is more useful in assessing active TB) or do not apply (e.g., sputum smear for detecting active disease, not latent infection). Therefore, D is the correct answer.",D,False,0.15999999720448002,0.026315787188365854,0.15999999720448002,0.8097295,0.8813896,0.8440412
49c577d5bc9ec3725fe4ec2ceed797646be0baf778d49bcc371828cb8cc2864c,<50% of people globally affected by schistosomiasis live in Africa.,>80% of people globally affected by schistosomiasis live in Africa.,2,B,True,False,,,,"###Instruction: You are a skilled doctor with years of experience in the medical field in Africa, working in a hospital setting. Your expertise spans a range of conditions from common ailments to complex diseases. As part of your commitment to ongoing medical education, you are evaluating a set of multiple choice questions (MCQs) designed for medical students. 
Carefully select the most appropriate answer based on your clinical knowledge. 
You should directly answer the question by choosing the correct option and then provide a rationale for your answer. 

###Question: <50% of people globally affected by schistosomiasis live in Africa.
###Options:
A.  True
B.  False

###Answer:","B. False

Rationale: The statement is false because more than 50% of people globally affected by schistosomiasis live in Africa. Schistosomiasis is a significant public health concern across many African countries, primarily due to the presence of the freshwater snails that act as intermediate hosts for the parasitic trematodes causing the disease. The World Health Organization estimates that a large proportion of the global burden of schistosomiasis is concentrated in sub-Saharan Africa, where the environmental and socioeconomic conditions facilitate the transmission of the disease.",B,True,0.23999999768888894,0.17977527908092417,0.23999999768888894,0.8488788,0.935926,0.8902797
94a0b4ef7e7d4b7f826ba64614388fccefcf008dcbfe482da8d79621e787fe78,How low is the rate of survival of a pre- mature children in a primary health care centre in Nigeria?,"The rationale behind the answer is due to the lack of necessary health care facilities in the primary health care in Nigeria.
Survival of preterm infants is a function of both their biological maturity and technological advancement of any given setting. While technological advancement has continued to show marked improvement in developed countries with increasing survival of extremely preterm babies 11,17, the same cannot be said of the developing countries. especially in Africa where there is poor health infrastructure, poverty, mass illiteracy, gross gender inequality and numerous conflicts, and lack of equipment, manpower, and support services necessary to float a functioning neonatal intensive care service.",5,A,28 weeks,22 weeks,30 weeks,16 weeks,19 weeks,"###Instruction: You are a skilled doctor with years of experience in the medical field in Africa, working in a hospital setting. Your expertise spans a range of conditions from common ailments to complex diseases. As part of your commitment to ongoing medical education, you are evaluating a set of multiple choice questions (MCQs) designed for medical students. 
Carefully select the most appropriate answer based on your clinical knowledge. 
You should directly answer the question by choosing the correct option and then provide a rationale for your answer. 

###Question: How low is the rate of survival of a pre- mature children in a primary health care centre in Nigeria?
###Options:
A.  28 weeks
B.  22 weeks
C.  30 weeks
D.  16 weeks
E.  19 weeks

###Answer:","B. 22 weeks

###Rationale:
In a primary health care center setting in Nigeria, as well as many other similar regions with limited resources, the survival rate for extremely premature infants is generally very low. In high-resource settings, the age of viability is typically considered to be around 24 weeks gestation, with survival dramatically improving thereafter. However, in low-resource settings like those in primary health care centers in Nigeria, survival at 22 weeks is exceptionally challenging due to the lack of advanced neonatal care facilities, such as advanced ventilatory support and comprehensive neonatal intensive care. Therefore, 22 weeks is the correct answer considering the context of a primary health care setting in Nigeria, where medical resources are not as advanced as those found in higher-resource environments. ",B,False,0.2948717898849442,0.08411214454843248,0.2564102514234057,0.8559783,0.85982275,0.85789627
95b5354447adc6fa29b3fca05be2c2c361e37c4aa28e6c6de7ff03a73d70a49d,Which of the following is a common complication of untreated group A streptococcal pharyngitis in children in Africa?,"Untreated group A streptococcal pharyngitis in children can lead to rheumatic heart disease, a significant cause of morbidity and mortality in Africa, particularly in resource-limited settings.",5,E,Peritonsillar abscess,Acute otitis media,Otitis externa,Sinusitis,Rheumatic heart disease,"###Instruction: You are a skilled doctor with years of experience in the medical field in Africa, working in a hospital setting. Your expertise spans a range of conditions from common ailments to complex diseases. As part of your commitment to ongoing medical education, you are evaluating a set of multiple choice questions (MCQs) designed for medical students. 
Carefully select the most appropriate answer based on your clinical knowledge. 
You should directly answer the question by choosing the correct option and then provide a rationale for your answer. 

###Question: Which of the following is a common complication of untreated group A streptococcal pharyngitis in children in Africa?
###Options:
A.  Peritonsillar abscess
B.  Acute otitis media
C.  Otitis externa
D.  Sinusitis
E.  Rheumatic heart disease

###Answer:","E. Rheumatic heart disease

Rationale: Untreated group A streptococcal pharyngitis, also known as strep throat, can lead to several complications, but in the context of Africa, where healthcare access might be limited, a significant concern is the development of rheumatic heart disease (RHD). While other complications like peritonsillar abscess, acute otitis media, and sinusitis are also possible, rheumatic fever and subsequent rheumatic heart disease remain critical issues. Rheumatic fever, which is an inflammatory disease that can develop following untreated or inadequately treated strep throat, can lead to serious damage to the heart valves (rheumatic heart disease), especially in regions where penicillin prophylaxis and early treatment are not always promptly administered. This makes option E the most appropriate answer.",E,True,0.2654867223181142,0.10370370068587113,0.2477876072738664,0.8424162,0.9020268,0.871203
5e7dec54ea56e8dace95c93652f6247dc5d18aed63124c114a68f02169faaf95,Kaposi's sarcoma is primarily caused by human herpesvirus 8 (HHV-8) and is more prevalent in Africa compared to other regions.,"Kaposi's sarcoma is associated with HHV-8 infection and has a higher incidence in Africa, particularly among individuals with HIV/AIDS.",2,A,True,False,,,,"###Instruction: You are a skilled doctor with years of experience in the medical field in Africa, working in a hospital setting. Your expertise spans a range of conditions from common ailments to complex diseases. As part of your commitment to ongoing medical education, you are evaluating a set of multiple choice questions (MCQs) designed for medical students. 
Carefully select the most appropriate answer based on your clinical knowledge. 
You should directly answer the question by choosing the correct option and then provide a rationale for your answer. 

###Question: Kaposi's sarcoma is primarily caused by human herpesvirus 8 (HHV-8) and is more prevalent in Africa compared to other regions.
###Options:
A.  True
B.  False

###Answer:","A. True

Rationale: Kaposi's sarcoma is indeed primarily caused by human herpesvirus 8 (HHV-8), also known as Kaposi's sarcoma-associated herpesvirus (KSHV). This type of cancer manifests as lesions on the skin and other organs. It is particularly more prevalent in Africa, in part due to the higher prevalence of HHV-8 in the population and the increased incidence of immunocompromised states such as HIV/AIDS, which further elevates the risk of developing Kaposi's sarcoma. The endemic African form of Kaposi's sarcoma was recognized long before the AIDS epidemic and remains a significant health issue in the region.",A,True,0.24719100800908977,0.05504586880228951,0.17977527767201118,0.8455223,0.89799076,0.87096703
533b6e3a0ac87142ba7a069afb631e8d77ce251a4cb1ad146cc6d60141af5eb4,The commonest site of colorectal cancer in Nigeria is the transverse colon.,The commonest site of colorectal cancer in Nigeria is the recto-sigmoid.,2,B,True,False,,,,"###Instruction: You are a skilled doctor with years of experience in the medical field in Africa, working in a hospital setting. Your expertise spans a range of conditions from common ailments to complex diseases. As part of your commitment to ongoing medical education, you are evaluating a set of multiple choice questions (MCQs) designed for medical students. 
Carefully select the most appropriate answer based on your clinical knowledge. 
You should directly answer the question by choosing the correct option and then provide a rationale for your answer. 

###Question: The commonest site of colorectal cancer in Nigeria is the transverse colon.
###Options:
A.  True
B.  False

###Answer:","B. False

Rationale: The commonest site of colorectal cancer globally, including in Nigeria, is generally the rectum or rectosigmoid region, not the transverse colon. Colorectal cancer occurs more frequently in the distal colon, particularly affecting the rectum and sigmoid colon. Due to anatomical differences and variations in screening practices, these areas are more commonly affected and detected in clinical settings.",B,True,0.30508474272910086,0.14705882102076126,0.30508474272910086,0.866266,0.92745864,0.89581853
05139259d5adda160966fd94081026b7c7caf94c61219d0e11ed6d0c4aacc2f5,"In a rural African setting with limited access to specialized cardiac care, a patient presents with symptoms of infective endocarditis. Which of the following is a common complication of infective endocarditis that may require surgical intervention?","Infective endocarditis may lead to aortic regurgitation, which can result in left ventricular dysfunction and may require surgical repair.",5,A,Aortic regurgitation,Mitral regurgitation,Ventricular septal defect,Atrial fibrillation,Aortic dissection,"###Instruction: You are a skilled doctor with years of experience in the medical field in Africa, working in a hospital setting. Your expertise spans a range of conditions from common ailments to complex diseases. As part of your commitment to ongoing medical education, you are evaluating a set of multiple choice questions (MCQs) designed for medical students. 
Carefully select the most appropriate answer based on your clinical knowledge. 
You should directly answer the question by choosing the correct option and then provide a rationale for your answer. 

###Question: In a rural African setting with limited access to specialized cardiac care, a patient presents with symptoms of infective endocarditis. Which of the following is a common complication of infective endocarditis that may require surgical intervention?
###Options:
A.  Aortic regurgitation
B.  Mitral regurgitation
C.  Ventricular septal defect
D.  Atrial fibrillation
E.  Aortic dissection

###Answer:","B. Mitral regurgitation

### Rationale:
Infective endocarditis can lead to several complications that depend on the severity and location of the infection. Among the options provided, mitral regurgitation is a common complication of infective endocarditis that may necessitate surgical intervention. The infection can damage the heart valves, leading to incompetency and regurgitation. While aortic valve involvement can lead to aortic regurgitation as well, mitral regurgitation is particularly relevant given that the mitral valve is frequently affected in endocarditis. In rural settings, where specialized cardiac care is limited, surgical intervention, such as valve repair or replacement, may be required to address significant mitral regurgitation caused by endocarditis.",B,False,0.24719100800908977,0.050847455041654825,0.24719100800908977,0.84649366,0.8873959,0.8664624
d187547a4babde15bb28eaec60b8ad3fe2e70182402710834e17827dadfb3df4,Which of the following is a common cause of obstetric emergencies in Africa?,"Preeclampsia is a common cause of obstetric emergencies in Africa, characterized by hypertension and proteinuria after 20 weeks of gestation, often leading to eclampsia and other severe complications if left untreated.",5,E,Ovarian torsion,Uterine rupture,Placenta previa,Ectopic pregnancy,Preeclampsia,"###Instruction: You are a skilled doctor with years of experience in the medical field in Africa, working in a hospital setting. Your expertise spans a range of conditions from common ailments to complex diseases. As part of your commitment to ongoing medical education, you are evaluating a set of multiple choice questions (MCQs) designed for medical students. 
Carefully select the most appropriate answer based on your clinical knowledge. 
You should directly answer the question by choosing the correct option and then provide a rationale for your answer. 

###Question: Which of the following is a common cause of obstetric emergencies in Africa?
###Options:
A.  Ovarian torsion
B.  Uterine rupture
C.  Placenta previa
D.  Ectopic pregnancy
E.  Preeclampsia

###Answer:","E. Preeclampsia

### Rationale:
Preeclampsia is a common cause of obstetric emergencies, not only in Africa but worldwide. It is characterized by high blood pressure and often proteinuria after the 20th week of pregnancy. Preeclampsia can lead to serious, even life-threatening complications for both the mother and fetus if not managed promptly. While uterine rupture, placenta previa, and ectopic pregnancy are also serious obstetric conditions, preeclampsia is more prevalent in Africa, where access to regular antenatal care may be limited, increasing the risk of complications. Early detection and management are crucial in preventing the progression to eclampsia, which could result in seizures and other severe outcomes. This makes preeclampsia a particularly significant contributor to obstetric emergencies in Africa.",E,True,0.35593219968256246,0.17808218851566907,0.3389830471401896,0.86592007,0.9256959,0.8948108
3d07b555188c2115f5422143e7a9c0d8dc03af6aea8a8389eed6a1259aeb6269,In the management of status epilepticus the following drugs may be given intravenously in Nigeria:,Phenytoin can be administered intravenously with close monitoring of the ECG.,5,B,Hydralazine,Phenytoin sodium,Amiodarone,Paraldehyde,Carbamazepine,"###Instruction: You are a skilled doctor with years of experience in the medical field in Africa, working in a hospital setting. Your expertise spans a range of conditions from common ailments to complex diseases. As part of your commitment to ongoing medical education, you are evaluating a set of multiple choice questions (MCQs) designed for medical students. 
Carefully select the most appropriate answer based on your clinical knowledge. 
You should directly answer the question by choosing the correct option and then provide a rationale for your answer. 

###Question: In the management of status epilepticus the following drugs may be given intravenously in Nigeria:
###Options:
A.  Hydralazine
B.  Phenytoin sodium
C.  Amiodarone
D.  Paraldehyde
E.  Carbamazepine

###Answer:","B. Phenytoin sodium

Rationale: Status epilepticus is a medical emergency requiring prompt treatment to prevent lasting neurological damage. The first-line treatment typically involves benzodiazepines, but for longer-term control or if the initial treatment is insufficient, intravenous phenytoin is commonly used. Phenytoin stabilizes neuronal membranes and prevents the spread of seizure activity. Unlike phenytoin, hydralazine and amiodarone are not used in seizure management as they are not antiepileptic drugs. Paraldehyde, while historically used for seizures, is not typically administered intravenously in modern practice, especially in Nigeria. Carbamazepine is used for epilepsy management but is not administered intravenously for status epilepticus.",B,True,0.12345678777625364,0.019230767492603707,0.09876542975156231,0.8049191,0.86605084,0.83436674
4f7e31ca51382d01a904a4ec5bda4718146fb7a97c22963cba0a92768507c929,What is the most common cause of maternal mortality in sub-Saharan Africa?,"The most common cause of maternal mortality in sub-Saharan Africa is indeed hemorrhage. Hemorrhage refers to excessive bleeding during pregnancy, childbirth, or the postpartum period. It can occur due to various reasons, such as uterine atony (inability of the uterus to contract effectively), placental abruption (premature separation of the placenta from the uterus), or ruptured uterus.",5,A,Hemorrhage,Hypertensive disorders of pregnancy,Sepsis,Abortion,Obstructed labor,"###Instruction: You are a skilled doctor with years of experience in the medical field in Africa, working in a hospital setting. Your expertise spans a range of conditions from common ailments to complex diseases. As part of your commitment to ongoing medical education, you are evaluating a set of multiple choice questions (MCQs) designed for medical students. 
Carefully select the most appropriate answer based on your clinical knowledge. 
You should directly answer the question by choosing the correct option and then provide a rationale for your answer. 

###Question: What is the most common cause of maternal mortality in sub-Saharan Africa?
###Options:
A.  Hemorrhage
B.  Hypertensive disorders of pregnancy
C.  Sepsis
D.  Abortion
E.  Obstructed labor

###Answer:","A. Hemorrhage

### Rationale:
In sub-Saharan Africa, maternal mortality remains a significant public health issue, and hemorrhage is the leading cause of maternal deaths in this region. Postpartum hemorrhage, in particular, is a major contributor to these statistics. The lack of access to timely and adequate medical care, including skilled birth attendants and emergency obstetric services, exacerbates the risk of mortality from hemorrhage. While hypertensive disorders, sepsis, unsafe abortion, and obstructed labor are also important causes of maternal mortality, hemorrhage consistently ranks as the most prevalent cause. Therefore, addressing and managing obstetric hemorrhage is a critical focus in efforts to reduce maternal mortality rates in sub-Saharan Africa.",A,True,0.25599999530752005,0.0641025595759372,0.2239999953075201,0.85580516,0.85271734,0.8542584
b2ff24e1d4d9fb8f233424c66e26ccc5d80a6e4f2acad168453a3b58ff206af4,Which of the following is a common cause of chronic kidney disease (CKD) in African populations?,"Hypertension is a common cause of chronic kidney disease (CKD) in African populations, emphasizing the importance of blood pressure control in preventing CKD progression.",5,B,Obstructive uropathy,Hypertension,Glomerulonephritis,Polycystic kidney disease,Diabetes mellitus,"###Instruction: You are a skilled doctor with years of experience in the medical field in Africa, working in a hospital setting. Your expertise spans a range of conditions from common ailments to complex diseases. As part of your commitment to ongoing medical education, you are evaluating a set of multiple choice questions (MCQs) designed for medical students. 
Carefully select the most appropriate answer based on your clinical knowledge. 
You should directly answer the question by choosing the correct option and then provide a rationale for your answer. 

###Question: Which of the following is a common cause of chronic kidney disease (CKD) in African populations?
###Options:
A.  Obstructive uropathy
B.  Hypertension
C.  Glomerulonephritis
D.  Polycystic kidney disease
E.  Diabetes mellitus

###Answer:","B. Hypertension

Rationale: In African populations, hypertension is a leading cause of chronic kidney disease (CKD). Hypertension can lead to nephrosclerosis, which is a condition characterized by the thickening and hardening of the renal arteries, ultimately resulting in reduced kidney function and CKD. While diabetes mellitus is also a significant cause of CKD globally, studies have shown that hypertension is a more prevalent cause in many African countries due to factors such as genetic predisposition and societal health challenges. Obstructive uropathy, glomerulonephritis, and polycystic kidney disease are also causes but are less prevalent compared to hypertension in the African context.",B,True,0.3076923040260839,0.11965811649937914,0.2857142820480618,0.8441114,0.91765946,0.87935024
da7117c7eccba528ca01f3dd3e5d2f3162cc559b29a1c96e723b26e032f6eb90,"A 60-year-old African patient presents with fatigue, palpitations, and dyspnea on exertion. Laboratory investigations reveal normocytic anemia, thrombocytopenia, and a positive direct antiglobulin test (DAT). Which of the following conditions is most likely responsible for this presentation?","Autoimmune hemolytic anemia (AIHA) is characterized by the destruction of red blood cells mediated by autoantibodies, leading to normocytic anemia and a positive direct antiglobulin test (DAT).",5,A,Autoimmune hemolytic anemia (AIHA),Thrombotic thrombocytopenic purpura (TTP),Iron deficiency anemia,Hereditary spherocytosis,Myelodysplastic syndrome (MDS),"###Instruction: You are a skilled doctor with years of experience in the medical field in Africa, working in a hospital setting. Your expertise spans a range of conditions from common ailments to complex diseases. As part of your commitment to ongoing medical education, you are evaluating a set of multiple choice questions (MCQs) designed for medical students. 
Carefully select the most appropriate answer based on your clinical knowledge. 
You should directly answer the question by choosing the correct option and then provide a rationale for your answer. 

###Question: A 60-year-old African patient presents with fatigue, palpitations, and dyspnea on exertion. Laboratory investigations reveal normocytic anemia, thrombocytopenia, and a positive direct antiglobulin test (DAT). Which of the following conditions is most likely responsible for this presentation?
###Options:
A.  Autoimmune hemolytic anemia (AIHA)
B.  Thrombotic thrombocytopenic purpura (TTP)
C.  Iron deficiency anemia
D.  Hereditary spherocytosis
E.  Myelodysplastic syndrome (MDS)

###Answer:","A. Autoimmune hemolytic anemia (AIHA)

Rationale: The presentation of fatigue, palpitations, and dyspnea on exertion, along with laboratory findings of normocytic anemia, thrombocytopenia, and a positive direct antiglobulin test (DAT), is indicative of autoimmune hemolytic anemia (AIHA). A positive DAT, also known as the Coombs test, is a hallmark of AIHA, as it indicates the presence of antibodies against red blood cells, leading to their destruction and resultant hemolysis. Normocytic anemia and thrombocytopenia can also be part of AIHA's clinical features. While thrombocytopenia is not the primary problem in AIHA, it can occur and might be attributed to factors like splenomegaly. The other options do not fit as well with the combination of findings. TTP usually presents with a pentad that includes microangiopathic hemolytic anemia, but it is not characterized by a positive DAT. Iron deficiency anemia is typically microcytic, not normocytic. Hereditary spherocytosis usually presents with a negative DAT and characteristic spherocytes on a blood smear. Myelodysplastic syndrome can cause cytopenias and may present with a positive DAT occasionally, but AIHA is the more typical condition for the scenario provided.",A,True,0.30215827043113713,0.12244897729071225,0.287769781222504,0.81421584,0.91232264,0.8604819
66993ff620e4e382bfd006be2b05cf29855d6bd3a2999a6bde37fe7f6863c6b4,"A 5-year-old African child presents with developmental delay, microcephaly, and facial dysmorphism. Genetic testing reveals a deletion on chromosome 5p. Which of the following conditions is most likely associated with this chromosomal abnormality?","Cri-du-chat syndrome, characterized by a deletion on the short arm of chromosome 5, presents with distinctive features including developmental delay, microcephaly, and a high-pitched cry resembling a cat.",5,B,Down syndrome,Cri-du-chat syndrome,Turner syndrome,Fragile X syndrome,Prader-Willi syndrome,"###Instruction: You are a skilled doctor with years of experience in the medical field in Africa, working in a hospital setting. Your expertise spans a range of conditions from common ailments to complex diseases. As part of your commitment to ongoing medical education, you are evaluating a set of multiple choice questions (MCQs) designed for medical students. 
Carefully select the most appropriate answer based on your clinical knowledge. 
You should directly answer the question by choosing the correct option and then provide a rationale for your answer. 

###Question: A 5-year-old African child presents with developmental delay, microcephaly, and facial dysmorphism. Genetic testing reveals a deletion on chromosome 5p. Which of the following conditions is most likely associated with this chromosomal abnormality?
###Options:
A.  Down syndrome
B.  Cri-du-chat syndrome
C.  Turner syndrome
D.  Fragile X syndrome
E.  Prader-Willi syndrome

###Answer:","The correct answer is B. Cri-du-chat syndrome.

Rationale: Cri-du-chat syndrome, also known as 5p- (5p minus) syndrome, is caused by a deletion on the short arm of chromosome 5. It is characterized by a distinctive high-pitched, cat-like cry in infants, developmental delay, microcephaly, and distinctive facial features (facial dysmorphism). These features match the presentation of the child in the question.

- Option A, Down syndrome, is associated with trisomy 21, not a deletion on chromosome 5p.
- Option C, Turner syndrome, results from a missing or partially missing X chromosome, typically 45,X.
- Option D, Fragile X syndrome, is due to a CGG trinucleotide repeat expansion in the FMR1 gene on the X chromosome.
- Option E, Prader-Willi syndrome, involves a deletion on chromosome 15q11-q13, not on chromosome 5p.

Thus, the combination of the genetic finding and clinical presentation points towards Cri-du-chat syndrome.",B,True,0.3478260834570888,0.17105262865737536,0.2956521704136106,0.83187,0.91598755,0.8719046
494b513bd045491163555201209a7905278dbe9968ac7c077d04fa33157351c9,What is the most common cause of Cushing's syndrome in Africa?,"Prolonged glucocorticoid therapy is the most common cause of Cushing's syndrome in Africa, as in other parts of the world. The use of glucocorticoid medications for conditions such as asthma, arthritis, and other inflammatory diseases can lead to an excess of cortisol in the body, resulting in Cushing's syndrome.",5,B,Autoimmune disease,Prolonged glucocorticoid therap,Adrenal gland tumor,Ectopic ACTH production,Pituitary adenoma,"###Instruction: You are a skilled doctor with years of experience in the medical field in Africa, working in a hospital setting. Your expertise spans a range of conditions from common ailments to complex diseases. As part of your commitment to ongoing medical education, you are evaluating a set of multiple choice questions (MCQs) designed for medical students. 
Carefully select the most appropriate answer based on your clinical knowledge. 
You should directly answer the question by choosing the correct option and then provide a rationale for your answer. 

###Question: What is the most common cause of Cushing's syndrome in Africa?
###Options:
A.  Autoimmune disease
B.  Prolonged glucocorticoid therap
C.  Adrenal gland tumor
D.  Ectopic ACTH production
E.  Pituitary adenoma

###Answer:","B. Prolonged glucocorticoid therapy

**Rationale:** Cushing's syndrome is a collection of symptoms due to prolonged exposure to cortisol. While there are several causes of Cushing's syndrome, the most common overall cause, particularly in settings like many parts of Africa and globally, is exogenous, which is due to prolonged glucocorticoid therapy (corticosteroids like prednisone, dexamethasone, etc.). These medications are often used to treat various chronic inflammatory and autoimmune conditions. Other listed causes, such as pituitary adenomas (resulting in Cushing's disease), adrenal tumors, or ectopic ACTH production, are endogenous and much less common compared to the widespread use of glucocorticoid medications.",B,True,0.3783783739956173,0.1678321634192382,0.2882882839055272,0.8550517,0.9066402,0.8800906
9e1ba61d5e54de96432845fc9b465ce1c3ca667c848e7928e176b1a649cfe055,Rift Valley fever is a mosquito-borne viral disease endemic to Africa.,"Rift Valley fever is transmitted by mosquitoes and is prevalent in Africa, particularly in regions with high rainfall.",2,A,True,False,,,,"###Instruction: You are a skilled doctor with years of experience in the medical field in Africa, working in a hospital setting. Your expertise spans a range of conditions from common ailments to complex diseases. As part of your commitment to ongoing medical education, you are evaluating a set of multiple choice questions (MCQs) designed for medical students. 
Carefully select the most appropriate answer based on your clinical knowledge. 
You should directly answer the question by choosing the correct option and then provide a rationale for your answer. 

###Question: Rift Valley fever is a mosquito-borne viral disease endemic to Africa.
###Options:
A.  True
B.  False

###Answer:","A. True

Rationale: Rift Valley fever is indeed a mosquito-borne viral disease caused by the Rift Valley fever virus, which belongs to the Phlebovirus genus. It primarily affects animals but can also infect humans. The disease is endemic to regions in Africa, particularly in sub-Saharan Africa and the Arabian Peninsula. It is transmitted to humans through mosquito bites, contact with infected animal tissues, or consumption of unpasteurized or uncooked milk from infected animals. Due to its vector-borne nature and the geographic distribution, the statement is true.",A,True,0.2962962931260479,0.14141413856953378,0.2716049351013565,0.8300306,0.89886963,0.8630797
ea067284fd5cbb3fe58d89e50eb8beca5f23d920c840bdd29fa85ee67f49afa3,"What is a common indigenous herbal remedy used in Nigeria for the management of benign prostatic hyperplasia (BPH), and what is its proposed mechanism of action?","Saw palmetto extract is a commonly used indigenous herbal remedy in Nigeria for the management of BPH. It is believed to exert its effects by inhibiting 5-alpha-reductase enzyme activity, thereby reducing the conversion of testosterone to dihydrotestosterone and mitigating prostatic hyperplasia.",5,A,"Saw palmetto extract, inhibiting 5-alpha-reductase enzyme activity","Yohimbe bark extract, increasing nitric oxide production and improving blood flow to the prostate","Garlic bulb extract, reducing prostatic inflammation and oxidative stress","African plum tree bark extract, blocking adrenergic receptors in the prostate","Ginseng root extract, promoting apoptosis of prostatic epithelial cells","###Instruction: You are a skilled doctor with years of experience in the medical field in Africa, working in a hospital setting. Your expertise spans a range of conditions from common ailments to complex diseases. As part of your commitment to ongoing medical education, you are evaluating a set of multiple choice questions (MCQs) designed for medical students. 
Carefully select the most appropriate answer based on your clinical knowledge. 
You should directly answer the question by choosing the correct option and then provide a rationale for your answer. 

###Question: What is a common indigenous herbal remedy used in Nigeria for the management of benign prostatic hyperplasia (BPH), and what is its proposed mechanism of action?
###Options:
A.  Saw palmetto extract, inhibiting 5-alpha-reductase enzyme activity
B.  Yohimbe bark extract, increasing nitric oxide production and improving blood flow to the prostate
C.  Garlic bulb extract, reducing prostatic inflammation and oxidative stress
D.  African plum tree bark extract, blocking adrenergic receptors in the prostate
E.  Ginseng root extract, promoting apoptosis of prostatic epithelial cells

###Answer:","D. African plum tree bark extract, blocking adrenergic receptors in the prostate

###Rationale:
In Nigeria, the bark of the African plum tree, specifically the extract from Pygeum africanum, is commonly used as an herbal remedy for managing benign prostatic hyperplasia (BPH). Its therapeutic effects are attributed to its ability to block adrenergic receptors in the prostate. This action can help reduce the symptoms of BPH, such as urinary frequency and urgency, by relaxing smooth muscles in the prostate and bladder neck, thereby improving urine flow. This herbal extract is a traditional remedy that's integrated into contemporary practices for managing prostate health in Nigeria and other regions.",D,False,0.3508771885980302,0.08759123674143554,0.29824560965066177,0.8578403,0.8813812,0.8694514
11ca2dd0f8e3deee99a5e4521f4ffeb2da64b552f8d5c5ece1868f53fb41a849,Which of the following is a common manifestation of African endemic yaws?,"African endemic yaws can lead to bony deformities, especially in children, due to chronic inflammation.",5,B,Painful genital ulcers,Bony deformities,Painless chancre,Recurrent fever,None of the above,"###Instruction: You are a skilled doctor with years of experience in the medical field in Africa, working in a hospital setting. Your expertise spans a range of conditions from common ailments to complex diseases. As part of your commitment to ongoing medical education, you are evaluating a set of multiple choice questions (MCQs) designed for medical students. 
Carefully select the most appropriate answer based on your clinical knowledge. 
You should directly answer the question by choosing the correct option and then provide a rationale for your answer. 

###Question: Which of the following is a common manifestation of African endemic yaws?
###Options:
A.  Painful genital ulcers
B.  Bony deformities
C.  Painless chancre
D.  Recurrent fever
E.  None of the above

###Answer:","B. Bony deformities

Rationale: Yaws is a chronic infection caused by the bacterium Treponema pallidum subspecies pertenue. It predominantly affects the skin, bones, and joints. It is primarily found in tropical regions, including parts of Africa. One of the common manifestations of yaws, particularly in its tertiary stage, is the development of bony deformities. This is due to the involvement of the bone in the chronic infectious process, which can lead to deformities such as the characteristic ""saber shins."" Other initial manifestations of yaws include skin lesions, but bony involvement is a notable feature when the disease progresses. The other listed options do not align with the typical manifestations of yaws.",B,True,0.1702127634223631,0.04999999793888898,0.1276595719330014,0.8238078,0.8854297,0.85350794
4837a7a87724196482e1c2c4d49fbc88395ee72831d9c982d6d06c0b55d6f76d,What is the most common cause of malnutrition in children in Africa?,"Infectious diseases play a significant role in contributing to malnutrition among children in Africa. There are several reasons for this. Many infectious diseases, increase the nutritional needs of the body. The body requires additional energy and nutrients to fight off the infection, leading to increased nutrient demands.They can also lead to loss of appetite, reduced food intake, and impaired nutrient absorption. Fever, gastrointestinal symptoms, and other symptoms associated with infections can contribute to poor appetite and decreased absorption of nutrients from the diet. Certain infectious diseases, particularly diarrheal diseases, can cause significant nutrient loss through vomiting and diarrhea. This leads to a depletion of essential nutrients from the body. Finally, some infections can interfere with nutrient utilization and metabolism. For example, malaria can disrupt the body's ability to use nutrients effectively, leading to malnutrition.",5,C,Lack of access to food,Poor sanitation,Infectious diseases,Lack of education,Political instability,"###Instruction: You are a skilled doctor with years of experience in the medical field in Africa, working in a hospital setting. Your expertise spans a range of conditions from common ailments to complex diseases. As part of your commitment to ongoing medical education, you are evaluating a set of multiple choice questions (MCQs) designed for medical students. 
Carefully select the most appropriate answer based on your clinical knowledge. 
You should directly answer the question by choosing the correct option and then provide a rationale for your answer. 

###Question: What is the most common cause of malnutrition in children in Africa?
###Options:
A.  Lack of access to food
B.  Poor sanitation
C.  Infectious diseases
D.  Lack of education
E.  Political instability

###Answer:","A. Lack of access to food

Rationale: Malnutrition in children in Africa is primarily driven by a lack of access to adequate food, which results from several intertwined factors such as poverty, food insecurity, and limited agricultural productivity. While poor sanitation, infectious diseases, and political instability exacerbate the malnutrition problem, the fundamental issue is often the inadequate availability and accessibility of nutritious food. Education also plays a role in addressing malnutrition, but the immediate and most direct cause remains the lack of access to food.",A,False,0.23529411280276827,0.03902438552956631,0.22222221737793169,0.85942495,0.8506564,0.8550182
b52b0878e4028bb4a024f0d837228cc1bf4f7bf4015e79303a0bd573eb9df6de,Which of the following is a common complication of untreated African endemic schistosomiasis?,Untreated schistosomiasis in African populations can lead to the development of bladder cancer due to chronic inflammation and fibrosis of the bladder wall.,5,B,Cerebral malaria,Bladder cancer,Hepatic encephalopathy,Acute respiratory distress syndrome (ARDS),None of the above,"###Instruction: You are a skilled doctor with years of experience in the medical field in Africa, working in a hospital setting. Your expertise spans a range of conditions from common ailments to complex diseases. As part of your commitment to ongoing medical education, you are evaluating a set of multiple choice questions (MCQs) designed for medical students. 
Carefully select the most appropriate answer based on your clinical knowledge. 
You should directly answer the question by choosing the correct option and then provide a rationale for your answer. 

###Question: Which of the following is a common complication of untreated African endemic schistosomiasis?
###Options:
A.  Cerebral malaria
B.  Bladder cancer
C.  Hepatic encephalopathy
D.  Acute respiratory distress syndrome (ARDS)
E.  None of the above

###Answer:","B. Bladder cancer

Rationale: African endemic schistosomiasis, particularly caused by Schistosoma haematobium, is primarily associated with urogenital involvement. A common complication of chronic, untreated infection with S. haematobium is the development of bladder cancer, specifically squamous cell carcinoma of the bladder. This occurs due to the chronic inflammation and irritation caused by the parasites' eggs in the bladder wall. Options A (cerebral malaria) and D (acute respiratory distress syndrome) are complications related to malaria, not schistosomiasis. Hepatic encephalopathy (Option C) is a complication primarily associated with liver disease, such as cirrhosis, and is not directly linked to schistosomiasis. Therefore, Option B is the correct answer.",B,True,0.2916666634917535,0.1652892532231405,0.2291666634917535,0.83783126,0.90816313,0.87158066
ffc43c52c21f0ce389c7dc865e4a2836bd91adf799ac45f233e557aa95949bfb,Acute pancreatitis is the commonest cause of acute abdomen in Nigeria.,Acute appendicitis is the commonest cause of acute abdomen in Nigeria.,2,B,True,False,,,,"###Instruction: You are a skilled doctor with years of experience in the medical field in Africa, working in a hospital setting. Your expertise spans a range of conditions from common ailments to complex diseases. As part of your commitment to ongoing medical education, you are evaluating a set of multiple choice questions (MCQs) designed for medical students. 
Carefully select the most appropriate answer based on your clinical knowledge. 
You should directly answer the question by choosing the correct option and then provide a rationale for your answer. 

###Question: Acute pancreatitis is the commonest cause of acute abdomen in Nigeria.
###Options:
A.  True
B.  False

###Answer:","B. False

Rationale: Acute pancreatitis, while a significant condition, is not the most common cause of acute abdomen in Nigeria. In many African countries, including Nigeria, the most frequent causes of acute abdomen are often related to infectious diseases or gastrointestinal conditions such as appendicitis, peptic ulcer disease, or intestinal obstruction, often due to causes like adhesions or hernias. Acute pancreatitis may occur but is less prevalent as a leading cause compared to the aforementioned conditions.",B,True,0.26086956253728216,0.12195121737061276,0.26086956253728216,0.84092367,0.9236505,0.8803479
4c7c5b8274ffdbc02768ad4e6f43737b8d23e60b6a62cd2e242bbb772d0dc721,"An 18-year-old previously healthy student who has just returned from a trip to East Africa presents with a cough and fever, particularly at night. He also has myalgia and headache. He had noticed an itchy rash in the preceding week. He admits that he has not taken his antimalarials conscientiously. His chest X-ray shows diffuse pulmonary infiltrates. FBC shows eosinophilia.The most likely diagnosis is:","The clinical manifestations are indicative of an allergic reaction to an acute schistosomal infection, wherein parasites penetrate the skin via contaminated water, resulting initially in a rash followed by subsequent migration of the parasites, leading to additional manifestations. This constellation of symptoms is recognized as Katayama fever or Katayama syndrome. In cases of febrile patients, a thorough travel history is imperative, necessitating inquiry into potential exposure to lakes and rivers.",5,C,Eosinophilic granulomatosis with polyangiitis,Miliary tuberculosis,Schistosomiasis,Trypanosomiasis,Malaria,"###Instruction: You are a skilled doctor with years of experience in the medical field in Africa, working in a hospital setting. Your expertise spans a range of conditions from common ailments to complex diseases. As part of your commitment to ongoing medical education, you are evaluating a set of multiple choice questions (MCQs) designed for medical students. 
Carefully select the most appropriate answer based on your clinical knowledge. 
You should directly answer the question by choosing the correct option and then provide a rationale for your answer. 

###Question: An 18-year-old previously healthy student who has just returned from a trip to East Africa presents with a cough and fever, particularly at night. He also has myalgia and headache. He had noticed an itchy rash in the preceding week. He admits that he has not taken his antimalarials conscientiously. His chest X-ray shows diffuse pulmonary infiltrates. FBC shows eosinophilia.The most likely diagnosis is:
###Options:
A.  Eosinophilic granulomatosis with polyangiitis
B.  Miliary tuberculosis
C.  Schistosomiasis
D.  Trypanosomiasis
E.  Malaria

###Answer:","###Answer: C. Schistosomiasis

###Rationale:
This clinical vignette describes an 18-year-old student with a recent travel history to East Africa, presenting with symptoms such as cough, fever, myalgia, headache, and a history of an itchy rash. The presence of eosinophilia on the complete blood count (FBC) and diffuse pulmonary infiltrates on the chest X-ray are particularly telling.

1. **Eosinophilia**: This is a key finding. Eosinophilia is commonly associated with parasitic infections, particularly those involving helminths and, more specifically, those contracted through skin contact with contaminated water. Schistosomiasis fits this picture well.

2. **Pulmonary infiltrates and itchy rash**: These are consistent with a form of acute schistosomiasis known as Katayama fever, which can occur weeks after initial exposure and is characterized by the mentioned symptoms together with eosinophilia.

3. **Context and Geography**: The patient's recent trip to East Africa and non-compliance with antimalarials initially might point toward malaria, but malaria does not typically present with eosinophilia or diffuse pulmonary infiltrates. Schistosomiasis is endemic to parts of Africa and presents as described in the vignette.

Given these considerations, schistosomiasis is the most likely diagnosis for this patient.",C,True,0.26737967482513086,0.024489791872053978,0.24598930049358006,0.80513567,0.85481656,0.82923263
f6f2891aad435a31e81d7d2f484b59ef818e05ce9f17f2d0d04fb3d47b8313fc,Which of the following is a common cause of acute glomerulonephritis in African children?,"Acute poststreptococcal glomerulonephritis, caused by Group A Streptococcus infection, is a common cause of glomerulonephritis in African children.",5,E,Streptococcus pneumoniae,Neisseria meningitidis,Plasmodium falciparum,Human immunodeficiency virus (HIV),Group A Streptococcus,"###Instruction: You are a skilled doctor with years of experience in the medical field in Africa, working in a hospital setting. Your expertise spans a range of conditions from common ailments to complex diseases. As part of your commitment to ongoing medical education, you are evaluating a set of multiple choice questions (MCQs) designed for medical students. 
Carefully select the most appropriate answer based on your clinical knowledge. 
You should directly answer the question by choosing the correct option and then provide a rationale for your answer. 

###Question: Which of the following is a common cause of acute glomerulonephritis in African children?
###Options:
A.  Streptococcus pneumoniae
B.  Neisseria meningitidis
C.  Plasmodium falciparum
D.  Human immunodeficiency virus (HIV)
E.  Group A Streptococcus

###Answer:","E. Group A Streptococcus

Rationale: Acute glomerulonephritis, particularly post-streptococcal glomerulonephritis, is commonly a result of infection by Group A Streptococcus (Streptococcus pyogenes). This condition often occurs after a throat or skin infection by this bacterium. The infection leads to an immune response that affects the kidneys, causing inflammation and impaired kidney function. This is notable in many parts of the world, including Africa, where streptococcal infections are common due to various factors such as socioeconomic conditions and healthcare access. The other options, while they can cause various infections and complications, are not typical causes of acute glomerulonephritis in children, especially in the setting described.",E,True,0.26262625965105607,0.06837606589232241,0.18181817884297521,0.8673052,0.9275081,0.89639693
6fd4bcd94db373b1af0f489a6997a5fb58eba4660faade1ae7737524d63bb8fa,Which type of immunodeficiency is commonly associated with HIV/AIDS in Africa?,"HIV/AIDS is the leading cause of secondary immunodeficiency in Africa. The virus targets and destroys CD4 T cells, weakening the immune system and increasing susceptibility to opportunistic infections. Effective management of HIV/AIDS with antiretroviral therapy (ART) is essential to maintain immune function.",5,D,Transient immunodeficiency,Congenital immunodeficiency,Primary immunodeficiency,Secondary immunodeficiency,Autoimmune immunodeficiency,"###Instruction: You are a skilled doctor with years of experience in the medical field in Africa, working in a hospital setting. Your expertise spans a range of conditions from common ailments to complex diseases. As part of your commitment to ongoing medical education, you are evaluating a set of multiple choice questions (MCQs) designed for medical students. 
Carefully select the most appropriate answer based on your clinical knowledge. 
You should directly answer the question by choosing the correct option and then provide a rationale for your answer. 

###Question: Which type of immunodeficiency is commonly associated with HIV/AIDS in Africa?
###Options:
A.  Transient immunodeficiency
B.  Congenital immunodeficiency
C.  Primary immunodeficiency
D.  Secondary immunodeficiency
E.  Autoimmune immunodeficiency

###Answer:","D. Secondary immunodeficiency

###Rationale:
HIV/AIDS is classified as a cause of secondary immunodeficiency. This type of immunodeficiency occurs when the immune system is compromised due to an external factor or condition rather than a genetic or congenital cause. HIV, a viral infection, attacks and destroys the CD4+ T lymphocytes, leading to a weakened immune system and increasing susceptibility to opportunistic infections and certain cancers. Secondary immunodeficiencies differ from primary immunodeficiencies, which are typically congenital and result from inherent defects in the immune system.",D,True,0.3999999953462604,0.21666666216805563,0.37894736376731303,0.8666591,0.89433223,0.8802782
03fa5fdd2a877ec7f05f5ff8ee0de48c31723f0a2858c6e5b85f090c4dd126f7,"In a rural African community, a patient presents with symptoms of persistent sadness, loss of interest in previously enjoyable activities, changes in appetite and sleep patterns, feelings of worthlessness, and recurrent thoughts of death. Which of the following is the most likely diagnosis?","In African contexts where mental health resources may be limited, major depressive disorder remains a significant public health concern, often underdiagnosed and undertreated due to stigma and lack of access to care.",5,D,Generalized anxiety disorder (GAD),Bipolar disorder,Schizophrenia,Major depressive disorder (MDD),Obsessive-compulsive disorder (OCD),"###Instruction: You are a skilled doctor with years of experience in the medical field in Africa, working in a hospital setting. Your expertise spans a range of conditions from common ailments to complex diseases. As part of your commitment to ongoing medical education, you are evaluating a set of multiple choice questions (MCQs) designed for medical students. 
Carefully select the most appropriate answer based on your clinical knowledge. 
You should directly answer the question by choosing the correct option and then provide a rationale for your answer. 

###Question: In a rural African community, a patient presents with symptoms of persistent sadness, loss of interest in previously enjoyable activities, changes in appetite and sleep patterns, feelings of worthlessness, and recurrent thoughts of death. Which of the following is the most likely diagnosis?
###Options:
A.  Generalized anxiety disorder (GAD)
B.  Bipolar disorder
C.  Schizophrenia
D.  Major depressive disorder (MDD)
E.  Obsessive-compulsive disorder (OCD)

###Answer:","D. Major depressive disorder (MDD)

### Rationale:

The symptoms described for the patient align most closely with Major Depressive Disorder (MDD). The key symptoms listed include persistent sadness, loss of interest in activities (anhedonia), changes in appetite and sleep patterns, feelings of worthlessness, and recurrent thoughts of death. These are hallmark features of Major Depressive Disorder as outlined in diagnostic criteria such as the DSM-5.

- **Generalized anxiety disorder (GAD)** typically involves excessive worry about various aspects of life, which isn't primarily about depressive symptoms.
- **Bipolar disorder** involves episodes of both depression and mania or hypomania, and there is no mention of manic symptoms in the scenario.
- **Schizophrenia** is characterized by symptoms such as delusions, hallucinations, and disorganized thought processes, which are not part of the patient's presentation.
- **Obsessive-compulsive disorder (OCD)** is marked by obsessions and compulsions, which are not described here.

The scenario's focus on pervasive sadness, anhedonia, and suicidal ideation points strongly towards Major Depressive Disorder.",D,True,0.05882352605644482,0.010869562415525297,0.05882352605644482,0.79725426,0.8225671,0.80971295
5b8c32c18c3e4e12a177911419390681ab5187d4cccb0d5789dc76e2fe7f9248,The most common agent responsible for burns in Nigeria is which of the following,Option D is correct.,5,D,Radiations,Chemicals,Scald,Flame,Electricity,"###Instruction: You are a skilled doctor with years of experience in the medical field in Africa, working in a hospital setting. Your expertise spans a range of conditions from common ailments to complex diseases. As part of your commitment to ongoing medical education, you are evaluating a set of multiple choice questions (MCQs) designed for medical students. 
Carefully select the most appropriate answer based on your clinical knowledge. 
You should directly answer the question by choosing the correct option and then provide a rationale for your answer. 

###Question: The most common agent responsible for burns in Nigeria is which of the following
###Options:
A.  Radiations
B.  Chemicals
C.  Scald
D.  Flame
E.  Electricity

###Answer:","D. Flame

Rationale: In Nigeria, as in many other parts of sub-Saharan Africa, flame burns are the most common type of burns. This prevalence can be attributed to the widespread use of open flames and firewood for cooking, as well as kerosene stoves and lamps. While scalds are also common, especially in children due to hot liquids, flame burns tend to be the predominant cause in both urban and rural settings. Radiations, chemicals, and electricity account for a smaller proportion of burn injuries in this context.",D,True,0.028985506154169335,0.0,0.028985506154169335,0.7970993,0.86042196,0.82755107
ccdc676448e9945577d4dc43bfb1f5ddf51c918d4bf1acf6d2a01b61db84043e,Which of the following is the most common cause of chronic cough in Africa ,"The reason A) Tuberculosis is the most common cause of chronic cough in Africa is because tuberculosis is highly prevalent in many African countries, making it a leading cause of chronic respiratory symptoms such as coughing. Additionally, tuberculosis can remain latent for years before becoming active, contributing to its widespread prevalence and chronic nature in the region.",5,E,Gastroesophageal reflux disease (GERD),Asthma,Pneumonia,Chronic bronchitis,Tuberculosis,"###Instruction: You are a skilled doctor with years of experience in the medical field in Africa, working in a hospital setting. Your expertise spans a range of conditions from common ailments to complex diseases. As part of your commitment to ongoing medical education, you are evaluating a set of multiple choice questions (MCQs) designed for medical students. 
Carefully select the most appropriate answer based on your clinical knowledge. 
You should directly answer the question by choosing the correct option and then provide a rationale for your answer. 

###Question: Which of the following is the most common cause of chronic cough in Africa 
###Options:
A.  Gastroesophageal reflux disease (GERD)
B.  Asthma
C.  Pneumonia
D.  Chronic bronchitis
E.  Tuberculosis

###Answer:","E. Tuberculosis

Rationale: In Africa, tuberculosis (TB) is a highly prevalent infectious disease and is a leading cause of chronic cough. Although conditions like asthma and gastroesophageal reflux disease (GERD) are also associated with chronic cough, TB is particularly significant due to the high incidence and prevalence rates in many African countries. Pneumonia, while common, typically presents with an acute cough rather than a chronic one. Chronic bronchitis can cause chronic cough, but TB remains a well-documented and widespread contributor to chronic respiratory symptoms in Africa, making it the most common cause of chronic cough in this setting.",E,True,0.4406779613085321,0.20547944739350732,0.3220338935119219,0.8715342,0.9040078,0.88747406
ee5d2163424e3fe4c33a79cd2cbc0169d6fca373ffbfbfcd2551c4788125cf4c,"A 30-year-old African patient presents with hives, angioedema, and wheezing shortly after consuming seafood. Which of the following immunoglobulins is most likely involved in this allergic reaction?","IgE-mediated hypersensitivity reactions are common in allergic responses, particularly in immediate-type allergic reactions such as anaphylaxis to seafood.",5,C,IgA,IgD,IgE,IgG,IgM,"###Instruction: You are a skilled doctor with years of experience in the medical field in Africa, working in a hospital setting. Your expertise spans a range of conditions from common ailments to complex diseases. As part of your commitment to ongoing medical education, you are evaluating a set of multiple choice questions (MCQs) designed for medical students. 
Carefully select the most appropriate answer based on your clinical knowledge. 
You should directly answer the question by choosing the correct option and then provide a rationale for your answer. 

###Question: A 30-year-old African patient presents with hives, angioedema, and wheezing shortly after consuming seafood. Which of the following immunoglobulins is most likely involved in this allergic reaction?
###Options:
A.  IgA
B.  IgD
C.  IgE
D.  IgG
E.  IgM

###Answer:","C. IgE

### Rationale:
The clinical presentation described in the question indicates an acute allergic reaction, as evidenced by the symptoms of hives, angioedema, and wheezing following the ingestion of seafood. These symptoms are characteristic of a Type I hypersensitivity reaction, which is mediated by Immunoglobulin E (IgE). 

IgE plays a central role in allergic reactions. Upon first exposure to an allergen, the immune system of predisposed individuals produces IgE antibodies specific to that allergen. These IgE antibodies bind to high-affinity receptors on basophils and mast cells. Upon subsequent exposure, the allergen cross-links with the bound IgE on these cells, triggering the release of histamine and other inflammatory mediators, leading to the symptoms observed in the patient.

The other immunoglobulins listed (IgA, IgD, IgG, IgM) have different primary roles:
- IgA is mainly involved in mucosal immunity.
- IgD is primarily a receptor on B cells and is not usually associated with hypersensitivity reactions.
- IgG is involved in secondary immune responses and opsonization.
- IgM is the first antibody produced in response to an antigen but is not typically associated with allergic reactions. 

Therefore, IgE is the most appropriate choice.",C,True,0.1185185165432099,0.030303028733292603,0.1185185165432099,0.79109985,0.8645898,0.82621384
746b9363265c0c89bc1b5bfa7ef7c7562c84117dfe0ab0888180272bee75b030," In African societies where communal living is common, a patient presents with symptoms of recurrent, intrusive thoughts, images, or impulses (obsessions) and repetitive behaviors or mental acts (compulsions) performed in response to these obsessions. Which of the following is the most likely diagnosis?","The communal living environment in African societies may exacerbate symptoms of obsessive-compulsive disorder, making it important to recognize and address in clinical practice.",5,E,Panic disorder,Generalized anxiety disorder (GAD),Post-traumatic stress disorder (PTSD),Social anxiety disorder,Obsessive-compulsive disorder (OCD),"###Instruction: You are a skilled doctor with years of experience in the medical field in Africa, working in a hospital setting. Your expertise spans a range of conditions from common ailments to complex diseases. As part of your commitment to ongoing medical education, you are evaluating a set of multiple choice questions (MCQs) designed for medical students. 
Carefully select the most appropriate answer based on your clinical knowledge. 
You should directly answer the question by choosing the correct option and then provide a rationale for your answer. 

###Question:  In African societies where communal living is common, a patient presents with symptoms of recurrent, intrusive thoughts, images, or impulses (obsessions) and repetitive behaviors or mental acts (compulsions) performed in response to these obsessions. Which of the following is the most likely diagnosis?
###Options:
A.  Panic disorder
B.  Generalized anxiety disorder (GAD)
C.  Post-traumatic stress disorder (PTSD)
D.  Social anxiety disorder
E.  Obsessive-compulsive disorder (OCD)

###Answer:","E. Obsessive-compulsive disorder (OCD)

Rationale: The symptoms described in the question—recurrent, intrusive thoughts, images, or impulses (obsessions) along with repetitive behaviors or mental acts (compulsions) performed in response to these obsessions—are characteristic of Obsessive-Compulsive Disorder (OCD). OCD is defined by the presence of obsessions and/or compulsions, and the behaviors are often aimed at reducing anxiety or distress caused by the obsessions. None of the other options (panic disorder, generalized anxiety disorder, post-traumatic stress disorder, or social anxiety disorder) typically involve the combination of obsessions and compulsions as a core feature.",E,True,0.15555555186172848,0.0,0.13333332963950628,0.81593084,0.86421365,0.8393785
999f219dcbb47715aeff84af0e0c43f9a0bbb65be6715df0072b5a0a237d4eff,Which of the following is a common cause of chronic liver disease in African adults?,Chronic HBV infection is a major cause of chronic liver disease and hepatocellular carcinoma (HCC) in Africa.,5,C,Alcoholic liver disease,Non-alcoholic fatty liver disease (NAFLD),Hepatitis B virus (HBV) infection,Hepatitis C virus (HCV) infection,Autoimmune hepatitis,"###Instruction: You are a skilled doctor with years of experience in the medical field in Africa, working in a hospital setting. Your expertise spans a range of conditions from common ailments to complex diseases. As part of your commitment to ongoing medical education, you are evaluating a set of multiple choice questions (MCQs) designed for medical students. 
Carefully select the most appropriate answer based on your clinical knowledge. 
You should directly answer the question by choosing the correct option and then provide a rationale for your answer. 

###Question: Which of the following is a common cause of chronic liver disease in African adults?
###Options:
A.  Alcoholic liver disease
B.  Non-alcoholic fatty liver disease (NAFLD)
C.  Hepatitis B virus (HBV) infection
D.  Hepatitis C virus (HCV) infection
E.  Autoimmune hepatitis

###Answer:","C. Hepatitis B virus (HBV) infection

**Rationale:** In African adults, one of the most common causes of chronic liver disease is infection with the Hepatitis B virus (HBV). HBV is endemic in many parts of Africa, where vertical transmission from mother to child during childbirth, as well as horizontal transmission during early childhood, contributes to high prevalence rates. Chronic HBV infection is a major risk factor for developing chronic liver disease, including cirrhosis and hepatocellular carcinoma. While alcoholic liver disease and NAFLD are also significant causes of liver disease globally, their prevalence varies, and in Africa, HBV remains a leading cause of chronic liver pathology. Autoimmune hepatitis and Hepatitis C virus infection are less prevalent causes compared to HBV in the African context.",C,True,0.31914893320733373,0.18604650945496065,0.31914893320733373,0.8537159,0.92604494,0.8884107
52b2ef94fb3c63a0af26c9919e7c087740c6c799cde63a0b47849dfca3e887ad,"A 55-year-old African patient presents with chronic hip pain and stiffness, worse with weight-bearing and relieved by rest. Imaging reveals joint space narrowing, subchondral sclerosis, and osteophyte formation. Which of the following is the most likely diagnosis?","Osteoarthritis is characterized by joint degeneration, leading to symptoms such as pain, stiffness, and limited range of motion, particularly with weight-bearing.",5,A,Osteoarthritis,Rheumatoid arthritis,Avascular necrosis,Septic arthritis,Ankylosing spondylitis,"###Instruction: You are a skilled doctor with years of experience in the medical field in Africa, working in a hospital setting. Your expertise spans a range of conditions from common ailments to complex diseases. As part of your commitment to ongoing medical education, you are evaluating a set of multiple choice questions (MCQs) designed for medical students. 
Carefully select the most appropriate answer based on your clinical knowledge. 
You should directly answer the question by choosing the correct option and then provide a rationale for your answer. 

###Question: A 55-year-old African patient presents with chronic hip pain and stiffness, worse with weight-bearing and relieved by rest. Imaging reveals joint space narrowing, subchondral sclerosis, and osteophyte formation. Which of the following is the most likely diagnosis?
###Options:
A.  Osteoarthritis
B.  Rheumatoid arthritis
C.  Avascular necrosis
D.  Septic arthritis
E.  Ankylosing spondylitis

###Answer:","A. Osteoarthritis

Rationale: The patient's symptoms and imaging findings are characteristic of osteoarthritis, especially given the patient's age and the chronic nature of the hip pain. Osteoarthritis is a degenerative joint disease commonly seen in older adults, characterized by joint pain and stiffness, especially with weight-bearing activities. The classic radiographic features include joint space narrowing, subchondral sclerosis, and the formation of osteophytes. These findings align with the details provided in the case, pointing towards osteoarthritis as the most likely diagnosis. Rheumatoid arthritis usually presents with more systemic symptoms and involves smaller joints first, avascular necrosis would typically have changes more related to bone death, septic arthritis would likely present acutely with systemic symptoms and might not show these chronic changes, and ankylosing spondylitis typically affects the spine and is accompanied by other specific symptoms and demographic associations (young male).",A,True,0.21848739205140882,0.05228757942671632,0.16806722398418195,0.826889,0.90505314,0.8642072
1e26d9c57b138f83fdf7d70858724260b83b3a3db2e31d671c4f90fd59d86870,The commonest site of colorectal cancer in Nigeria is the descending colon.,The commonest site of colorectal cancer in Nigeria is the recto-sigmoid.,2,B,True,False,,,,"###Instruction: You are a skilled doctor with years of experience in the medical field in Africa, working in a hospital setting. Your expertise spans a range of conditions from common ailments to complex diseases. As part of your commitment to ongoing medical education, you are evaluating a set of multiple choice questions (MCQs) designed for medical students. 
Carefully select the most appropriate answer based on your clinical knowledge. 
You should directly answer the question by choosing the correct option and then provide a rationale for your answer. 

###Question: The commonest site of colorectal cancer in Nigeria is the descending colon.
###Options:
A.  True
B.  False

###Answer:","B. False

Rationale: In many parts of the world, including Nigeria, the most common site for colorectal cancer is the rectum and sigmoid colon, not the descending colon. Epidemiological studies have shown that rectal cancer tends to have a higher prevalence compared to other parts of the large bowel. This pattern is likely due to both genetic and environmental factors affecting the population. Therefore, the statement that the descending colon is the commonest site of colorectal cancer in Nigeria is false.",B,True,0.268656713673424,0.19047618837868482,0.268656713673424,0.85886925,0.92401886,0.8902537
be3b487447a5afaa2e2a2083f47880f2e8c126f8e89e999881891a42f6edc82d,Which of the following is a common presentation of African endemic cholera?,"African endemic cholera typically presents with profuse watery diarrhea, often described as ""rice water stools.""",5,C,Bloody diarrhea,Projectile vomiting,Rice water stools,Jaundice,None of the above,"###Instruction: You are a skilled doctor with years of experience in the medical field in Africa, working in a hospital setting. Your expertise spans a range of conditions from common ailments to complex diseases. As part of your commitment to ongoing medical education, you are evaluating a set of multiple choice questions (MCQs) designed for medical students. 
Carefully select the most appropriate answer based on your clinical knowledge. 
You should directly answer the question by choosing the correct option and then provide a rationale for your answer. 

###Question: Which of the following is a common presentation of African endemic cholera?
###Options:
A.  Bloody diarrhea
B.  Projectile vomiting
C.  Rice water stools
D.  Jaundice
E.  None of the above

###Answer:","C. Rice water stools

**Rationale:** 
Cholera, particularly common in regions of Africa with poor sanitation and water quality, is caused by the bacterium *Vibrio cholerae*. One of the hallmark symptoms of cholera is the production of ""rice water stools."" This term describes the watery diarrhea that resembles water in which rice has been washed, primarily due to its pale, milky appearance. This is a result of the intestinal lining sloughing off and is highly indicative of this infection. Other choices, such as bloody diarrhea and projectile vomiting, are less specific and more commonly associated with other types of infections or conditions. Jaundice, while it can be an indicator of liver dysfunction, is not a typical symptom of cholera.",C,True,0.15094339366322537,0.04615384411242613,0.13207546913492352,0.8239275,0.8893516,0.8553904
4b494b1cc8f798d0b545159e3c347f4ba135a795d9991ddaaf29ec971edb2bc5,"A 27-year-old man presents to the clinic for follow-up. He has a history of HIV and is adherent to his antiretroviral therapy. He has no active complaints. He is traveling to Africa as part of an HIV awareness campaign. He is up to date with all his vaccinations, except for hepatitis A, which he last received when he was aged 2 years. Which of the following is the most appropriate recommendation regarding hepatitis A prophylaxis in this patient?","Hepatitis A vaccine effectively prevents the infection as effectiveness rates are reported between 82% and 95%.

However, their effectiveness falls off after 15 years. Vaccines with booster doses are estimated to be effective for 25 years.

In patients with a weak immune system (eg, HIV patients), it is advisable to use the inactivated form of the vaccine.

Live-attenuated vaccines have a risk of reactivation in patients with immunocompromise. Ribavirin has no role in hepatitis A prophylaxis or treatment.",5,C,Reassurance that he does not need another dose,Live-attenuated hepatitis A vaccine,Inactivated hepatitis A vaccine,Ribavirin prescription,none,"###Instruction: You are a skilled doctor with years of experience in the medical field in Africa, working in a hospital setting. Your expertise spans a range of conditions from common ailments to complex diseases. As part of your commitment to ongoing medical education, you are evaluating a set of multiple choice questions (MCQs) designed for medical students. 
Carefully select the most appropriate answer based on your clinical knowledge. 
You should directly answer the question by choosing the correct option and then provide a rationale for your answer. 

###Question: A 27-year-old man presents to the clinic for follow-up. He has a history of HIV and is adherent to his antiretroviral therapy. He has no active complaints. He is traveling to Africa as part of an HIV awareness campaign. He is up to date with all his vaccinations, except for hepatitis A, which he last received when he was aged 2 years. Which of the following is the most appropriate recommendation regarding hepatitis A prophylaxis in this patient?
###Options:
A.  Reassurance that he does not need another dose
B.  Live-attenuated hepatitis A vaccine
C.  Inactivated hepatitis A vaccine
D.  Ribavirin prescription
E.  none

###Answer:","###Answer: C. Inactivated hepatitis A vaccine

###Rationale:
In this scenario, the patient is traveling to Africa, where hepatitis A is endemic. As such, he needs protection against hepatitis A, despite having received a dose when he was 2 years old. The immunity from his toddler vaccination is no longer reliable as it typically does not confer lifelong protection, especially when only one dose was administered.

For individuals who could be immunocompromised, including those with HIV, a booster dose of the inactivated hepatitis A vaccine is recommended. This will help ensure adequate protection against the virus. The live-attenuated hepatitis A vaccine is not used routinely and is not recommended for persons with HIV or who are potentially immunocompromised. Ribavirin is an antiviral medication used for treating hepatitis C, not for hepatitis A prophylaxis.

Therefore, the most appropriate recommendation for hepatitis A prophylaxis in this patient would be to administer an inactivated hepatitis A vaccine.",C,True,0.3030302982817264,0.04694835221759396,0.27878787403930216,0.860569,0.8652793,0.8629177
273d3faec3c2493d1a18feeab05727a5f30014a2a3fe62ca741091e141cadddc,Which malaria parasite is the most prevalent in Africa? ,Plasmodium falciparum is the most prevalent in Africa ,5,A,plasmodium falciparum,plasmodium vivax,plasmodium ovale,plasmodium malariae,plasmodium knowlesi,"###Instruction: You are a skilled doctor with years of experience in the medical field in Africa, working in a hospital setting. Your expertise spans a range of conditions from common ailments to complex diseases. As part of your commitment to ongoing medical education, you are evaluating a set of multiple choice questions (MCQs) designed for medical students. 
Carefully select the most appropriate answer based on your clinical knowledge. 
You should directly answer the question by choosing the correct option and then provide a rationale for your answer. 

###Question: Which malaria parasite is the most prevalent in Africa? 
###Options:
A.  plasmodium falciparum
B.  plasmodium vivax
C.  plasmodium ovale
D.  plasmodium malariae
E.  plasmodium knowlesi

###Answer:","A. Plasmodium falciparum

### Rationale:
Plasmodium falciparum is the most prevalent malaria parasite in Africa. It is responsible for the majority of malaria cases and is the most lethal of the human malaria parasites. This parasite is known for causing severe malaria due to its ability to multiply rapidly in the blood, leading to high levels of parasitemia, which can result in complications such as cerebral malaria, severe anemia, and organ failure. Plasmodium vivax, while common in other regions of the world, is relatively rare in Africa due to the absence of the Duffy antigen in many African populations, which is necessary for the parasite to invade red blood cells. Plasmodium ovale, Plasmodium malariae, and Plasmodium knowlesi are also present in Africa but are much less common than Plasmodium falciparum.",A,True,0.1860465099405084,0.09523809418871253,0.1860465099405084,0.81946933,0.89101386,0.85374534
78ed36aca66c1adcc0b22bddc2454df02dd4e5ea98892974f523400b503d5d6b,Acute appendicitis is the commonest cause of acute abdomen in Nigeria.,Acute appendicitis is the most commonly presented reason for acute abdomen in Nigeria.,2,A,True,False,,,,"###Instruction: You are a skilled doctor with years of experience in the medical field in Africa, working in a hospital setting. Your expertise spans a range of conditions from common ailments to complex diseases. As part of your commitment to ongoing medical education, you are evaluating a set of multiple choice questions (MCQs) designed for medical students. 
Carefully select the most appropriate answer based on your clinical knowledge. 
You should directly answer the question by choosing the correct option and then provide a rationale for your answer. 

###Question: Acute appendicitis is the commonest cause of acute abdomen in Nigeria.
###Options:
A.  True
B.  False

###Answer:","A. True

Rationale: Acute appendicitis is indeed the most common cause of acute abdomen in many parts of the world, including Nigeria and other parts of Africa. This is due to its prevalence and the typical presentation of symptoms that require surgical intervention. Clinical experience and epidemiological data from the region frequently identify appendicitis as the leading cause of emergency abdominal surgery. Therefore, among the causes of acute abdomen, appendicitis often takes the foremost position in terms of frequency.",A,True,0.25352112376909347,0.11494252635751095,0.25352112376909347,0.8573307,0.92353326,0.8892014
879e8a87679df2b095abbc007f9096972181cbbc2f103f493d945513b6be6682,What is the leading cause of maternal mortality in sub-saharan Africa?,"Postpartum hemorrhage is the leading cause of maternal mortality in sub-saharan Africa, accounting for a significant number of maternal deaths. This is due to factors such as Limited access to Emergency obstetric care, poor infrastructures and delays in receiving appropriate treatment.",5,B,malaria,postpartum hemorrhage,HIV/AIDS,hypertensive disorders of pregnancy,Cancer,"###Instruction: You are a skilled doctor with years of experience in the medical field in Africa, working in a hospital setting. Your expertise spans a range of conditions from common ailments to complex diseases. As part of your commitment to ongoing medical education, you are evaluating a set of multiple choice questions (MCQs) designed for medical students. 
Carefully select the most appropriate answer based on your clinical knowledge. 
You should directly answer the question by choosing the correct option and then provide a rationale for your answer. 

###Question: What is the leading cause of maternal mortality in sub-saharan Africa?
###Options:
A.  malaria
B.  postpartum hemorrhage
C.  HIV/AIDS
D.  hypertensive disorders of pregnancy
E.  Cancer

###Answer:","B. postpartum hemorrhage

###Rationale:
Postpartum hemorrhage is identified as the leading cause of maternal mortality in sub-Saharan Africa. It accounts for a significant proportion of maternal deaths in this region due to several factors, including limited access to timely and adequate healthcare, lack of resources, and insufficient skilled birth attendants. Effective prevention and management strategies for postpartum hemorrhage, such as the use of uterotonics and prompt blood transfusions, are often challenging to implement in these settings, contributing to its prominence as a major cause of maternal mortality. While malaria, HIV/AIDS, and hypertensive disorders are significant health challenges, postpartum hemorrhage is the most immediate life-threatening condition during and shortly after labor.",B,True,0.34782608265557663,0.21276595344499782,0.34782608265557663,0.86663675,0.9038428,0.88484883
4d436696e57cf3d3c060c13576fd320ed63684cc7e6975567c2b8fa985c8be2d,"A 39-year-old African Caribbean woman presents to her GP with menorrhagia of 10 months' duration. She does not give any history of intermenstrual or postcoital bleeding. All her previous smears have been normal. Vaginal examination reveals an essentially normal pelvis. She suffers from Crohn's disease and is taking oral sulphasalazine. She is fed up and is asking for a hysterectomy. What is her first line of management for menorrhagia? 
",no rationale,5,C,Hysterectomy,Subtotal hysterectomy,Levonorgestrel-releasing intrauterine system (LNG-IUS),Injectable long-acting progestogens,Progesterone-only pill (POP),"###Instruction: You are a skilled doctor with years of experience in the medical field in Africa, working in a hospital setting. Your expertise spans a range of conditions from common ailments to complex diseases. As part of your commitment to ongoing medical education, you are evaluating a set of multiple choice questions (MCQs) designed for medical students. 
Carefully select the most appropriate answer based on your clinical knowledge. 
You should directly answer the question by choosing the correct option and then provide a rationale for your answer. 

###Question: A 39-year-old African Caribbean woman presents to her GP with menorrhagia of 10 months' duration. She does not give any history of intermenstrual or postcoital bleeding. All her previous smears have been normal. Vaginal examination reveals an essentially normal pelvis. She suffers from Crohn's disease and is taking oral sulphasalazine. She is fed up and is asking for a hysterectomy. What is her first line of management for menorrhagia? 

###Options:
A.  Hysterectomy
B.  Subtotal hysterectomy
C.  Levonorgestrel-releasing intrauterine system (LNG-IUS)
D.  Injectable long-acting progestogens
E.  Progesterone-only pill (POP)

###Answer:","C. Levonorgestrel-releasing intrauterine system (LNG-IUS)

### Rationale:
In cases of menorrhagia, particularly in the absence of intermenstrual or postcoital bleeding and with a normal pelvic examination, medical management is typically preferred over surgical options. The Levonorgestrel-releasing intrauterine system (LNG-IUS) is often considered the first line of management for menorrhagia. It is effective in reducing menstrual blood loss and has a favorable safety profile. Since the patient's cervical smears have been normal and there are no alarming symptoms suggesting other pathologies, this approach is appropriate. 

A hysterectomy is a more radical option that should only be considered after conservative management options have failed, especially given the patient’s young age and desire for symptom resolution without significant surgical intervention.

Other options like injectable long-acting progestogens and the progesterone-only pill (POP) are generally less effective than LNG-IUS for the primary treatment of menorrhagia. Therefore, LNG-IUS is recommended as the first-line treatment for this patient's menorrhagia.",C,True,0.018181817824793393,0.0,0.018181817824793393,0.73463243,0.8656967,0.7947976
5633f5dd1542abb51833d864f0ae5be79a07d15373d049ce333b898501df6599,"Concerning maternal mortality 
",no rationale,5,C,Kenya has almost attained the MDG target,Death from HIV in pregnancy is a direct maternal death,The big five causes of direct maternal deaths in Kenya are haemorrhage sepsis hypertensive disease abortion and obstructed labour,Maternal mortality fate and ratio are the same,The target of MDGS is to reduce maternal mortality ratio by 50% by 2015,"###Instruction: You are a skilled doctor with years of experience in the medical field in Africa, working in a hospital setting. Your expertise spans a range of conditions from common ailments to complex diseases. As part of your commitment to ongoing medical education, you are evaluating a set of multiple choice questions (MCQs) designed for medical students. 
Carefully select the most appropriate answer based on your clinical knowledge. 
You should directly answer the question by choosing the correct option and then provide a rationale for your answer. 

###Question: Concerning maternal mortality 

###Options:
A.  Kenya has almost attained the MDG target
B.  Death from HIV in pregnancy is a direct maternal death
C.  The big five causes of direct maternal deaths in Kenya are haemorrhage sepsis hypertensive disease abortion and obstructed labour
D.  Maternal mortality fate and ratio are the same
E.  The target of MDGS is to reduce maternal mortality ratio by 50% by 2015

###Answer:","###Answer: C. The big five causes of direct maternal deaths in Kenya are haemorrhage sepsis hypertensive disease abortion and obstructed labour

###Rationale:
The correct answer is C. In Kenya, as in many other sub-Saharan African countries, the major direct causes of maternal mortality are indeed haemorrhage, sepsis, hypertensive disease, abortion, and obstructed labour. These conditions are known as direct causes because they result directly from complications of pregnancy, labor, and delivery.

Option A is incorrect because Kenya had significant challenges in reaching the Millennium Development Goal (MDG) target related to maternal health, which aimed for a more significant reduction in maternal mortality by 2015.

Option B is incorrect. Death from HIV in pregnancy is considered an indirect cause of maternal death, as it is due to a preexisting or concurrent condition that is exacerbated by pregnancy.

Option D is incorrect. Maternal mortality rate and maternal mortality ratio are different metrics. The maternal mortality ratio reflects the number of maternal deaths per 100,000 live births, while the maternal mortality rate reflects the number of maternal deaths in a given period (often a year) per 1,000 women of reproductive age in the population.

Option E is incorrect as the target of the MDGs was to reduce the maternal mortality ratio by 75% by 2015, not by 50%.",C,True,0.0,0.0,0.0,0.73579097,0.8493885,0.7885194
b7566fa36d2213bae84fa0e7e56056ea794d3df57528a37f278f29b45d0f74e2,"The most commonly used contraception in Kenya is:  
",no rationale,5,D,Pills,Mesigyno,Jadelle,Depo medroxy progesterone acetate,IUCD,"###Instruction: You are a skilled doctor with years of experience in the medical field in Africa, working in a hospital setting. Your expertise spans a range of conditions from common ailments to complex diseases. As part of your commitment to ongoing medical education, you are evaluating a set of multiple choice questions (MCQs) designed for medical students. 
Carefully select the most appropriate answer based on your clinical knowledge. 
You should directly answer the question by choosing the correct option and then provide a rationale for your answer. 

###Question: The most commonly used contraception in Kenya is:  

###Options:
A.  Pills
B.  Mesigyno
C.  Jadelle
D.  Depo medroxy progesterone acetate
E.  IUCD

###Answer:","D. Depo medroxy progesterone acetate

### Rationale:
Depo medroxyprogesterone acetate (DMPA), an injectable form of contraception, is one of the most commonly used contraceptives in many parts of sub-Saharan Africa, including Kenya. It is popular because of its effectiveness, the infrequency of required doses (once every three months), and ease of use, which makes it particularly appealing in settings where healthcare resources might be limited. Other methods such as pills require daily adherence, which can be challenging, and IUCD placement requires a health facility visit that might not be easily accessible. While other contraceptive methods like Jadelle (an implant) are also used, DMPA remains widely favored.",D,True,0.0,0.0,0.0,0.7645083,0.8650279,0.81166786
19e24c5e89e0fd1df110df54d05c3fa49ccfb18cdc1e4f35ad16d521c8ac130f,"In the Kenyan protocol for the prevention and treatment of malaria in pregnancy, which of the following statements is TRUE? 
",no rationale,5,D,Sulfadoxine Pyrimethamine (SP) should not be given concomitantly with antiretrovirals,The recommended treatment for uncomplicated malaria in the first trimester is a three-day course of artemether lumefantrine (AL),Dihydroartemisinin Piperaquine may be used as IPTp for those who are allergic to sulfur,Sulfadoxine - Pyrimethamine (SP) for IPTp should be given concomitantly with IFAS for prevention of malaria and anaemia in pregnancy.,"The dose of IV quinine for the treatment of severe malaria in pregnancy, should be adjusted in patients with renal insufficiency","###Instruction: You are a skilled doctor with years of experience in the medical field in Africa, working in a hospital setting. Your expertise spans a range of conditions from common ailments to complex diseases. As part of your commitment to ongoing medical education, you are evaluating a set of multiple choice questions (MCQs) designed for medical students. 
Carefully select the most appropriate answer based on your clinical knowledge. 
You should directly answer the question by choosing the correct option and then provide a rationale for your answer. 

###Question: In the Kenyan protocol for the prevention and treatment of malaria in pregnancy, which of the following statements is TRUE? 

###Options:
A.  Sulfadoxine Pyrimethamine (SP) should not be given concomitantly with antiretrovirals
B.  The recommended treatment for uncomplicated malaria in the first trimester is a three-day course of artemether lumefantrine (AL)
C.  Dihydroartemisinin Piperaquine may be used as IPTp for those who are allergic to sulfur
D.  Sulfadoxine - Pyrimethamine (SP) for IPTp should be given concomitantly with IFAS for prevention of malaria and anaemia in pregnancy.
E.  The dose of IV quinine for the treatment of severe malaria in pregnancy, should be adjusted in patients with renal insufficiency

###Answer:","The correct option is: **E. The dose of IV quinine for the treatment of severe malaria in pregnancy, should be adjusted in patients with renal insufficiency**

### Rationale:
Quinine is largely excreted by the kidneys, and in the case of renal insufficiency, the clearance of quinine may be reduced, necessitating dosage adjustments to prevent toxicity. Therefore, dose adjustments are important to prevent adverse effects in patients with impaired renal function.

Brief clearing of other options:
- **A.** This statement is not entirely accurate. While there may be considerations regarding interactions, SP can often be used with caution alongside antiretrovirals depending on medical advice.
- **B.** Typically, artemisinin-based combination therapies like artemether-lumefantrine are avoided in the first trimester unless the benefits outweigh the risks.
- **C.** Dihydroartemisinin Piperaquine is not commonly recommended as IPTp alternatives for those allergic to sulfadoxine; other options are typically sought.
- **D.** SP and Iron/Folic Acid Supplementation (IFAS) can be given but not necessarily together for the prevention of malaria and anemia; they serve different preventive functions, and timing of administration may differ.

Thus, option E is the correct true statement regarding what is consistent with the Kenyan protocol and standard malaria treatment practices.",E,False,0.0,0.0,0.0,0.7436159,0.8543607,0.79515076
f23097f23f56bb2cc20628a6010aa0dd7254185fb18a29fa8a91d9ddd5598612,A 39-year-old Ghanaian was diagnosed with TB of the GIT. The granulomatous lesions appeared to be denser along the ileum. What is the most appropriate intervention for this patient ,no rationale,5,C,a.	Prepare for resection of the ileum to prevent spread,b.	Resect the ileum and the adjacent jejunum and ascending colon,c.	Refer to the public health specialist for start of anti-TB,d.	To start steroids,e.	Watchful waiting,"###Instruction: You are a skilled doctor with years of experience in the medical field in Africa, working in a hospital setting. Your expertise spans a range of conditions from common ailments to complex diseases. As part of your commitment to ongoing medical education, you are evaluating a set of multiple choice questions (MCQs) designed for medical students. 
Carefully select the most appropriate answer based on your clinical knowledge. 
You should directly answer the question by choosing the correct option and then provide a rationale for your answer. 

###Question: A 39-year-old Ghanaian was diagnosed with TB of the GIT. The granulomatous lesions appeared to be denser along the ileum. What is the most appropriate intervention for this patient 
###Options:
A.  a.	Prepare for resection of the ileum to prevent spread
B.  b.	Resect the ileum and the adjacent jejunum and ascending colon
C.  c.	Refer to the public health specialist for start of anti-TB
D.  d.	To start steroids
E.  e.	Watchful waiting

###Answer:","C. c. Refer to the public health specialist for start of anti-TB

Rationale: In the case of gastrointestinal tuberculosis, the primary treatment is medical management with anti-tuberculosis therapy, not surgical intervention. Surgical procedures are generally reserved for complications such as obstruction, perforation, or non-responsive cases after adequate anti-TB therapy. The priority for this patient should be to begin anti-TB medication under the guidance of a public health specialist, as this addresses the underlying mycobacterial infection causing the granulomatous lesions. It is essential to manage TB with the appropriate regimen of antibiotics typically including isoniazid, rifampin, ethambutol, and pyrazinamide. The initiation of anti-TB therapy usually results in the resolution of symptoms and lesions.",C,True,0.0,0.0,0.0,0.7483659,0.8471881,0.79471666
3750c8bccedac2983211dae0e3686a927f16fe789e411d6d2f0cb24fa54f57dd,Colorectal cancers are relative less frequent in African because of the following ,no rationale,5,D,a.	The young age of the population,b.	Large intake of high fibre diet which shortens the transit time of faeces,c.	Rarity of precancerous lesions like Crohn’s and Ulcerative Colitis,d.	All the above,e.	None of the above,"###Instruction: You are a skilled doctor with years of experience in the medical field in Africa, working in a hospital setting. Your expertise spans a range of conditions from common ailments to complex diseases. As part of your commitment to ongoing medical education, you are evaluating a set of multiple choice questions (MCQs) designed for medical students. 
Carefully select the most appropriate answer based on your clinical knowledge. 
You should directly answer the question by choosing the correct option and then provide a rationale for your answer. 

###Question: Colorectal cancers are relative less frequent in African because of the following 
###Options:
A.  a.	The young age of the population
B.  b.	Large intake of high fibre diet which shortens the transit time of faeces
C.  c.	Rarity of precancerous lesions like Crohn’s and Ulcerative Colitis
D.  d.	All the above
E.  e.	None of the above

###Answer:","**B. Large intake of high fibre diet which shortens the transit time of faeces**

Rationale: Colorectal cancers have historically been less frequent in Africa compared to Western countries, and this has often been attributed to dietary factors. A diet high in fiber, which is more common in many African populations, is thought to reduce the risk of colorectal cancer. Fiber increases the bulk of the stool and shortens the transit time of feces through the colon. This reduces contact time between potential carcinogens in the stool and the colon lining. While young population age and the rarity of certain precancerous conditions could also contribute to lower incidence rates, the dietary factor related to high fiber intake is more directly linked to reduced risk of colorectal cancer in many studies. Therefore, option B is the most pertinent answer.",B,False,0.0,0.0,0.0,0.7587092,0.85521555,0.804077
daabe2ff9453a49c63b90afded1b9106da45113e81e27f206f9ba10522802abe,	…………………………….is the commonest cause of large bowel obstruction in the Africa,no rationale,5,C,a.	Colonic carcinomas,b.	Bands and adhesions,c.	Sigmoid volvulus,d.	Strangulated inguinal hernia,e.	Schistosomiasis,"###Instruction: You are a skilled doctor with years of experience in the medical field in Africa, working in a hospital setting. Your expertise spans a range of conditions from common ailments to complex diseases. As part of your commitment to ongoing medical education, you are evaluating a set of multiple choice questions (MCQs) designed for medical students. 
Carefully select the most appropriate answer based on your clinical knowledge. 
You should directly answer the question by choosing the correct option and then provide a rationale for your answer. 

###Question: 	…………………………….is the commonest cause of large bowel obstruction in the Africa
###Options:
A.  a.	Colonic carcinomas
B.  b.	Bands and adhesions
C.  c.	Sigmoid volvulus
D.  d.	Strangulated inguinal hernia
E.  e.	Schistosomiasis

###Answer:","C. c. Sigmoid volvulus

Rationale: In Africa, sigmoid volvulus is recognized as the most common cause of large bowel obstruction. This condition is frequently encountered due to dietary habits that are high in fiber and roughage, which contribute to the torsion of the sigmoid colon. While colonic carcinomas are more frequently a cause of large bowel obstruction in Western countries, in African regions, the anatomical predisposition and dietary influences make sigmoid volvulus more prevalent. Bands and adhesions, strangulated inguinal hernias, and schistosomiasis are less common causes of large bowel obstruction in this context.",C,True,0.0,0.0,0.0,0.7590285,0.8668512,0.8093646
7243ce633487e81a8efef93e3ed1993a2bcac60fab7cd6a7e5158c9be6290457,………………………… is the commonest cause of small bowel obstruction in Ghana ,no rationale,5,A,a.	Strangulated inguinal hernia,b.	Intussusception,c.	Band and adhesions,d.	Adenocarcinoma of the small bowel,e.	Volvulus,"###Instruction: You are a skilled doctor with years of experience in the medical field in Africa, working in a hospital setting. Your expertise spans a range of conditions from common ailments to complex diseases. As part of your commitment to ongoing medical education, you are evaluating a set of multiple choice questions (MCQs) designed for medical students. 
Carefully select the most appropriate answer based on your clinical knowledge. 
You should directly answer the question by choosing the correct option and then provide a rationale for your answer. 

###Question: ………………………… is the commonest cause of small bowel obstruction in Ghana 
###Options:
A.  a.	Strangulated inguinal hernia
B.  b.	Intussusception
C.  c.	Band and adhesions
D.  d.	Adenocarcinoma of the small bowel
E.  e.	Volvulus

###Answer:","C. c. Band and adhesions

### Rationale:
In many parts of Africa, including Ghana, bands and adhesions are the most common cause of small bowel obstruction. These typically occur as a result of previous surgeries or inflammatory processes within the abdomen, leading to the formation of fibrous bands that can obstruct the bowel. While strangulated inguinal hernia and intussusception are also causes of small bowel obstruction, they are generally not as prevalent as adhesions. Adenocarcinoma of the small bowel and volvulus are less common causes as well. Therefore, based on the prevalence and typical clinical presentations in Ghana, bands and adhesions are the primary cause of small bowel obstruction.",C,False,0.0,0.0,0.0,0.7560339,0.8602969,0.8048026
8188034e9dd9ed807d06fd54dfb8ee52d8ee18238aaa81fbca7dce899a38d18d,Which of the following is not a symptom of adverse malaria,no rationale,5,C,Urine output (24 hours) of <400ml in adults,Plasma glucose level of <2.2 mmol\L,Venous lactate level of <5 mmol\L,More than two generalized seizures in 24 hours,Arterial PH <7.25,"###Instruction: You are a skilled doctor with years of experience in the medical field in Africa, working in a hospital setting. Your expertise spans a range of conditions from common ailments to complex diseases. As part of your commitment to ongoing medical education, you are evaluating a set of multiple choice questions (MCQs) designed for medical students. 
Carefully select the most appropriate answer based on your clinical knowledge. 
You should directly answer the question by choosing the correct option and then provide a rationale for your answer. 

###Question: Which of the following is not a symptom of adverse malaria
###Options:
A.  Urine output (24 hours) of <400ml in adults
B.  Plasma glucose level of <2.2 mmol\L
C.  Venous lactate level of <5 mmol\L
D.  More than two generalized seizures in 24 hours
E.  Arterial PH <7.25

###Answer:","C. Venous lactate level of <5 mmol\L

Rationale: In the context of severe malaria, each of the options given refers to potential symptoms or complications of the disease, except for option C. Let's analyze each:

A. Urine output (24 hours) of <400 ml in adults is indicative of oliguria, which can occur in severe malaria due to acute kidney injury.

B. Plasma glucose level of <2.2 mmol/L would indicate hypoglycemia, a known complication of severe malaria, particularly related to the use of quinine in treatment or due to the increased metabolic demands in severe disease.

C. Venous lactate level of <5 mmol/L is incorrect in the context of adverse symptoms of severe malaria. Elevated lactate levels (typically >5 mmol/L) can indicate lactic acidosis, a serious complication, but a level below this threshold would not be indicative of an adverse condition.

D. More than two generalized seizures in 24 hours is a sign of cerebral malaria, a serious neurological complication of severe malaria.

E. Arterial pH <7.25 indicates severe acidosis, which can occur in severe malaria due to metabolic issues like lactic acidosis.

Thus, the correct answer is C, as a venous lactate level of less than 5 mmol/L would not typically be considered a symptom of adverse malaria. In fact, it is the elevated levels that would be problematic.",C,True,0.0,0.0,0.0,0.7407453,0.83907247,0.78684896
02a7b4614cf96c1fdaa8dc82eaa9d70285265d4c8517568492eef317c4d5f3eb,"Which of the following is recommended for the treatment of community-acquired pneumonia
",no rationale,5,E,Ciprofloxacin and levofloxacin,Ceftriaxone and clarithromycin,Vancomycin,Linezolid,Co-amoxiclav and levofloxacin,"###Instruction: You are a skilled doctor with years of experience in the medical field in Africa, working in a hospital setting. Your expertise spans a range of conditions from common ailments to complex diseases. As part of your commitment to ongoing medical education, you are evaluating a set of multiple choice questions (MCQs) designed for medical students. 
Carefully select the most appropriate answer based on your clinical knowledge. 
You should directly answer the question by choosing the correct option and then provide a rationale for your answer. 

###Question: Which of the following is recommended for the treatment of community-acquired pneumonia

###Options:
A.  Ciprofloxacin and levofloxacin
B.  Ceftriaxone and clarithromycin
C.  Vancomycin
D.  Linezolid
E.  Co-amoxiclav and levofloxacin

###Answer:","###Answer: B. Ceftriaxone and clarithromycin

Rationale: Community-acquired pneumonia (CAP) is commonly caused by bacteria such as Streptococcus pneumoniae, Haemophilus influenzae, Mycoplasma pneumoniae, and various atypical pathogens. The treatment approach for CAP typically includes a combination of antibiotics that cover both typical and atypical organisms. 

- Option A (Ciprofloxacin and levofloxacin) includes fluoroquinolones, but ciprofloxacin is not commonly used as a first choice for CAP due to its limited activity against certain respiratory pathogens.

- Option B (Ceftriaxone and clarithromycin) covers a broad range of both typical and atypical bacteria. Ceftriaxone is a third-generation cephalosporin that effectively treats common bacterial causes of pneumonia. Clarithromycin, a macrolide, offers coverage for atypical pathogens such as Mycoplasma and Legionella species. This combination is widely recommended in hospital settings, especially for moderate to severe CAP, which may require hospitalization.

- Option C (Vancomycin) is generally reserved for methicillin-resistant Staphylococcus aureus (MRSA) infections and is not a first-line treatment for CAP unless MRSA is suspected.

- Option D (Linezolid) is also used for resistant Gram-positive infections, including MRSA, and not as a first-line CAP treatment.

- Option E (Co-amoxiclav and levofloxacin) provides coverage for many of the pathogens but is not the traditional recommended combination for initial treatment of CAP, particularly in cases that may necessitate hospitalization.

Thus, the most appropriate treatment choice for community-acquired pneumonia in a hospital setting is ceftriaxone and clarithromycin (Option B).",B,False,0.0,0.0,0.0,0.6985447,0.840751,0.76307905
315ac9385243b4d9204927622bab7294bb15d88dda8d27daa1a23f07b8a46534,A 27-year-old woman is taking anti-TB medications. She now presents with visual impairment. Which of the following is the most likely cause of her symptom,no rationale,5,E,Pyrazinamide,Isoniazid,Streptomycin,Rifampicin,Ethambutol,"###Instruction: You are a skilled doctor with years of experience in the medical field in Africa, working in a hospital setting. Your expertise spans a range of conditions from common ailments to complex diseases. As part of your commitment to ongoing medical education, you are evaluating a set of multiple choice questions (MCQs) designed for medical students. 
Carefully select the most appropriate answer based on your clinical knowledge. 
You should directly answer the question by choosing the correct option and then provide a rationale for your answer. 

###Question: A 27-year-old woman is taking anti-TB medications. She now presents with visual impairment. Which of the following is the most likely cause of her symptom
###Options:
A.  Pyrazinamide
B.  Isoniazid
C.  Streptomycin
D.  Rifampicin
E.  Ethambutol

###Answer:","E. Ethambutol

**Rationale:** Ethambutol is an anti-tuberculosis medication that is known to cause visual impairment due to its potential to induce optic neuritis, which can lead to decreased visual acuity and color vision deficits. This side effect is dose-dependent and reversible if the drug is discontinued early. None of the other medications listed (Pyrazinamide, Isoniazid, Streptomycin, or Rifampicin) are commonly associated with visual impairment as a primary side effect. Therefore, in the context of a patient presenting with visual impairment while on anti-TB therapy, Ethambutol is the most likely cause.",E,True,0.0,0.0,0.0,0.74479336,0.8570208,0.7969756
a48c23d44efdb564cf328043ba53ca77f728e49a6fbe4db97d7a4dd3d7d8b435,Which of the following describes multi-drug resistant (MDR) tuberculosis (TB),no rationale,5,D,TB resistant to isoniazid,TB resistant to pyrazinamide,TB resistant to injectable anti-TB drugs,TB resistant to rifampicin and isoniazid,TB resistant to ethambutol and pyrazinamide,"###Instruction: You are a skilled doctor with years of experience in the medical field in Africa, working in a hospital setting. Your expertise spans a range of conditions from common ailments to complex diseases. As part of your commitment to ongoing medical education, you are evaluating a set of multiple choice questions (MCQs) designed for medical students. 
Carefully select the most appropriate answer based on your clinical knowledge. 
You should directly answer the question by choosing the correct option and then provide a rationale for your answer. 

###Question: Which of the following describes multi-drug resistant (MDR) tuberculosis (TB)
###Options:
A.  TB resistant to isoniazid
B.  TB resistant to pyrazinamide
C.  TB resistant to injectable anti-TB drugs
D.  TB resistant to rifampicin and isoniazid
E.  TB resistant to ethambutol and pyrazinamide

###Answer:","D. TB resistant to rifampicin and isoniazid

Rationale: Multi-drug resistant tuberculosis (MDR-TB) is specifically defined as tuberculosis that is resistant to at least both isoniazid and rifampicin, the two most powerful first-line anti-TB drugs. This resistance makes the treatment of MDR-TB more complex, as it requires the use of second-line drugs, which can be less effective, more toxic, and more expensive. Options A, B, C, and E do not meet the criteria for MDR-TB as they do not involve resistance to both rifampicin and isoniazid.",D,True,0.0,0.0,0.0,0.7420411,0.852984,0.79365426
70e856f509ac7db3a2e60e1f6ac550d82a8d91d181267505def002b3b8068538,Which of the following drugs is recommended first line for treatments of bacterial meningitis pending culture,no rationale,5,B,Cefuroxime,Ceftriaxone,Cefepime,Amoxicillin,All of the above,"###Instruction: You are a skilled doctor with years of experience in the medical field in Africa, working in a hospital setting. Your expertise spans a range of conditions from common ailments to complex diseases. As part of your commitment to ongoing medical education, you are evaluating a set of multiple choice questions (MCQs) designed for medical students. 
Carefully select the most appropriate answer based on your clinical knowledge. 
You should directly answer the question by choosing the correct option and then provide a rationale for your answer. 

###Question: Which of the following drugs is recommended first line for treatments of bacterial meningitis pending culture
###Options:
A.  Cefuroxime
B.  Ceftriaxone
C.  Cefepime
D.  Amoxicillin
E.  All of the above

###Answer:","B. Ceftriaxone

**Rationale**: Ceftriaxone is recommended as a first-line treatment for bacterial meningitis pending culture results due to its broad-spectrum activity against common pathogens that cause meningitis, such as Streptococcus pneumoniae, Neisseria meningitidis, and Haemophilus influenzae type b. It has excellent penetration into the central nervous system (CNS) and can achieve therapeutic levels in the cerebrospinal fluid (CSF), which is crucial for effectively treating infections in this area. While cefepime is also a broad-spectrum cephalosporin, ceftriaxone is more commonly used specifically for bacterial meningitis due to its proven efficacy and established dosing protocols in this context. Amoxicillin and cefuroxime are not typically used as first-line treatments for bacterial meningitis, as their spectrum of activity or CNS penetration might not be adequate against the likely pathogens involved.",B,True,0.0,0.0,0.0,0.7228352,0.84919,0.7809346
f5766892f28fa3fefac42c62b4c5790eeb5a6bee0eeb9514cb3beb728c9ac8b1,Which is the commonest etiology of acute bacterial meningitis in adults,no rationale,5,A,Streptococcus pneumonia,Haemophilus influenza,Staphylococcus aureus,Neisseria meningitidis,Listeria monocytogenes,"###Instruction: You are a skilled doctor with years of experience in the medical field in Africa, working in a hospital setting. Your expertise spans a range of conditions from common ailments to complex diseases. As part of your commitment to ongoing medical education, you are evaluating a set of multiple choice questions (MCQs) designed for medical students. 
Carefully select the most appropriate answer based on your clinical knowledge. 
You should directly answer the question by choosing the correct option and then provide a rationale for your answer. 

###Question: Which is the commonest etiology of acute bacterial meningitis in adults
###Options:
A.  Streptococcus pneumonia
B.  Haemophilus influenza
C.  Staphylococcus aureus
D.  Neisseria meningitidis
E.  Listeria monocytogenes

###Answer:","###Answer: A. Streptococcus pneumoniae

###Rationale:
In adults, acute bacterial meningitis is most commonly caused by the bacterium *Streptococcus pneumoniae*. *S. pneumoniae* is a gram-positive coccus that colonizes the nasopharyngeal region and can lead to invasive diseases such as meningitis, particularly in adults and the elderly. Although the prevalence of causative pathogens can vary by region, *Streptococcus pneumoniae* is consistently reported as one of the leading causes globally. 

While *Neisseria meningitidis* is another significant cause, particularly in epidemic outbreaks and in younger populations, *Streptococcus pneumoniae* remains the most prevalent in adults. *Haemophilus influenzae* type b was a common cause before the widespread use of the Hib vaccine, which has significantly reduced its incidence. *Staphylococcus aureus* and *Listeria monocytogenes* are less common causes of bacterial meningitis in adults, except in specific high-risk groups, such as those with compromised immunity or certain underlying conditions.",A,True,0.0,0.0,0.0,0.7128513,0.8502706,0.7755205
a65d7bb2d8ebc4169889146be2f86e8d845f27714eeb8bef1cc03ce8601bf514,CURB-65 is used to assess the severity of pneumonia. Which of the following is not a component of the score,no rationale,5,A,Creatinine,Urea,Blood pressure,Age,Respiratory rate,"###Instruction: You are a skilled doctor with years of experience in the medical field in Africa, working in a hospital setting. Your expertise spans a range of conditions from common ailments to complex diseases. As part of your commitment to ongoing medical education, you are evaluating a set of multiple choice questions (MCQs) designed for medical students. 
Carefully select the most appropriate answer based on your clinical knowledge. 
You should directly answer the question by choosing the correct option and then provide a rationale for your answer. 

###Question: CURB-65 is used to assess the severity of pneumonia. Which of the following is not a component of the score
###Options:
A.  Creatinine
B.  Urea
C.  Blood pressure
D.  Age
E.  Respiratory rate

###Answer:","A. Creatinine

### Rationale:
The CURB-65 score is a clinical tool used to assess the severity of pneumonia and help guide decisions about the need for hospitalization. The components of the CURB-65 score include:

- Confusion (new onset)
- Urea level greater than 7 mmol/L
- Respiratory rate 30 or more breaths per minute
- Blood pressure (systolic < 90 mmHg or diastolic ≤ 60 mmHg)
- Age 65 years or older

Creatinine is not part of the CURB-65 score. Instead, urea levels are included, which reflect renal function but are not synonymous with creatinine levels. Therefore, option A, Creatinine, is the correct answer as it is not a component of the CURB-65 score.",A,True,0.0,0.0,0.0,0.73824084,0.8705274,0.7989453
3d4af67f956a43c5ecea96b8a6aafba81546f5f289d20aa88fd33e0134ac5fda,Which of the following statements on HIV-TB co-infection is true,no rationale,5,B,Anti-retroviral and anti-tuberculous drugs should be started at the same time,Anti-tuberculous drugs should be started first,Anti-retroviral drugs should be started first,None of the above,All of the above,"###Instruction: You are a skilled doctor with years of experience in the medical field in Africa, working in a hospital setting. Your expertise spans a range of conditions from common ailments to complex diseases. As part of your commitment to ongoing medical education, you are evaluating a set of multiple choice questions (MCQs) designed for medical students. 
Carefully select the most appropriate answer based on your clinical knowledge. 
You should directly answer the question by choosing the correct option and then provide a rationale for your answer. 

###Question: Which of the following statements on HIV-TB co-infection is true
###Options:
A.  Anti-retroviral and anti-tuberculous drugs should be started at the same time
B.  Anti-tuberculous drugs should be started first
C.  Anti-retroviral drugs should be started first
D.  None of the above
E.  All of the above

###Answer:","B. Anti-tuberculous drugs should be started first

### Rationale:
In the management of HIV and tuberculosis (TB) co-infection, it is generally recommended to begin anti-tuberculous therapy first, followed by antiretroviral therapy (ART). This approach is taken to rapidly control TB, which can be a more immediate threat to the patient's health. Starting TB treatment first also addresses the high burden of mycobacterial infection and helps reduce the risk of Immune Reconstitution Inflammatory Syndrome (IRIS), which can occur if ART is initiated before sufficient TB control. Once TB treatment is underway and the patient has stabilized, typically within the first two to eight weeks, ART can be initiated to address the HIV infection. This staged approach helps manage the complexities of drug interactions and adverse effects associated with concomitant treatment of both diseases.",B,True,0.0,0.0,0.0,0.7527237,0.86885273,0.80662996
48a37289cf565aed69b7fdba11107942c135859b6b72747bb6207f73e540dbb6,Which of the following statements about malaria is true,no rationale,5,C,Plasmodium falciparum infects only mature red blood cells,Plasmodium malaria is associated with relapse,Thick slides have higher sensitivity compared to thin slides on microscopy,Rapid malaria tests have lower sensitivity compare to microscopy,Plasmodium ovale is the commonest species causing malaria in Kenya,"###Instruction: You are a skilled doctor with years of experience in the medical field in Africa, working in a hospital setting. Your expertise spans a range of conditions from common ailments to complex diseases. As part of your commitment to ongoing medical education, you are evaluating a set of multiple choice questions (MCQs) designed for medical students. 
Carefully select the most appropriate answer based on your clinical knowledge. 
You should directly answer the question by choosing the correct option and then provide a rationale for your answer. 

###Question: Which of the following statements about malaria is true
###Options:
A.  Plasmodium falciparum infects only mature red blood cells
B.  Plasmodium malaria is associated with relapse
C.  Thick slides have higher sensitivity compared to thin slides on microscopy
D.  Rapid malaria tests have lower sensitivity compare to microscopy
E.  Plasmodium ovale is the commonest species causing malaria in Kenya

###Answer:","C. Thick slides have higher sensitivity compared to thin slides on microscopy

### Rationale:
- **Option A** is incorrect because Plasmodium falciparum can infect red blood cells of all ages, not just mature ones, which contributes to its pathogenicity and severity.
- **Option B** is incorrect because it is Plasmodium vivax and Plasmodium ovale that are associated with relapses due to liver hypnozoites.
- **Option D** is potentially misleading; while rapid tests can be very useful, they can have variable sensitivity compared to microscopy, with microscopy generally being considered the gold standard in many settings.
- **Option E** is incorrect; Plasmodium falciparum is the most common species causing malaria in Kenya.

Microscopy is widely used to diagnose malaria, and thick blood films are generally more sensitive than thin films because they allow a greater volume of blood to be examined, which increases the likelihood of detecting low levels of parasitemia.",C,True,0.0,0.0,0.0,0.73983586,0.8565942,0.7939454
3d2f316e2a539e0662b5e44953ba41099c5466a2c55a22d81c278c32139123aa,"During AIDS, Hiv infects?",no rationale,5,B,CD3 lymphocytes,CD4 lymphocytes,NK cells,T-helper cells,CD2 lymphocytes,"###Instruction: You are a skilled doctor with years of experience in the medical field in Africa, working in a hospital setting. Your expertise spans a range of conditions from common ailments to complex diseases. As part of your commitment to ongoing medical education, you are evaluating a set of multiple choice questions (MCQs) designed for medical students. 
Carefully select the most appropriate answer based on your clinical knowledge. 
You should directly answer the question by choosing the correct option and then provide a rationale for your answer. 

###Question: During AIDS, Hiv infects?
###Options:
A.  CD3 lymphocytes
B.  CD4 lymphocytes
C.  NK cells
D.  T-helper cells
E.  CD2 lymphocytes

###Answer:","The most appropriate answer is:

B. CD4 lymphocytes

**Rationale:** HIV primarily targets CD4 lymphocytes, also known as T-helper cells. These cells play a crucial role in the immune system by aiding other cells in mounting immune responses against pathogens. The virus binds to the CD4 receptors on the surface of these lymphocytes and enters the cells, leading to their eventual decline in number and function. This decrease in CD4 lymphocytes compromises the immune system, making the body more susceptible to opportunistic infections, which is characteristic of AIDS. While 'T-helper cells' (option D) is closely related as they are a type of CD4 lymphocyte, the most direct and specific answer is CD4 lymphocytes.",B,True,0.0,0.0,0.0,0.7526132,0.8507338,0.7986711
ab2b5e379dcdd06bdc5be2ae754e0803a9199e94c881521258114215e16337b7,Which of the following is a maker of HIV infection in blood?,no rationale,5,A,Reverse transcriptase,DNA polymerase,RNA polymerase,Core Antigen,None of these,"###Instruction: You are a skilled doctor with years of experience in the medical field in Africa, working in a hospital setting. Your expertise spans a range of conditions from common ailments to complex diseases. As part of your commitment to ongoing medical education, you are evaluating a set of multiple choice questions (MCQs) designed for medical students. 
Carefully select the most appropriate answer based on your clinical knowledge. 
You should directly answer the question by choosing the correct option and then provide a rationale for your answer. 

###Question: Which of the following is a maker of HIV infection in blood?
###Options:
A.  Reverse transcriptase
B.  DNA polymerase
C.  RNA polymerase
D.  Core Antigen
E.  None of these

###Answer:","###Answer: D. Core Antigen

###Rationale:

In the context of HIV infection, the ""core antigen"" being referred to is typically the p24 antigen, which is a component of the HIV virus's core. The p24 antigen is part of the virus's inner structure and is one of the earliest markers that can be detected in the blood following HIV infection. It is a protein that makes up most of the HIV viral core, or ""capsid.""

Early in the course of an HIV infection, before the body has produced antibodies, the p24 antigen can be detected in the bloodstream. Detecting p24 is one of the key methods to diagnose acute HIV infection before antibody tests become positive, making it a crucial marker, especially in combined antigen/antibody tests used in modern diagnostic assays.

Reverse transcriptase, DNA polymerase, and RNA polymerase are enzymes involved in the replication of nucleic acids, including those of HIV, but they are not directly used as markers for the diagnosis of HIV infection. Each plays a role in the viral life cycle, but they are not typically detected in diagnostic tests for HIV.",D,False,0.0,0.0,0.0,0.74774444,0.85225725,0.79658747
ed613676d8927e95cbf8f36bfed47d5c5cae720d630c38a3735ab054bf5ff36c,The interval period between HIV infection and appearance of antibodies in serum is called?,no rationale,5,B,Intrinsic Period,Window Period,Incubation Period,Replication Phase,None of the above,"###Instruction: You are a skilled doctor with years of experience in the medical field in Africa, working in a hospital setting. Your expertise spans a range of conditions from common ailments to complex diseases. As part of your commitment to ongoing medical education, you are evaluating a set of multiple choice questions (MCQs) designed for medical students. 
Carefully select the most appropriate answer based on your clinical knowledge. 
You should directly answer the question by choosing the correct option and then provide a rationale for your answer. 

###Question: The interval period between HIV infection and appearance of antibodies in serum is called?
###Options:
A.  Intrinsic Period
B.  Window Period
C.  Incubation Period
D.  Replication Phase
E.  None of the above

###Answer:","B. Window Period

The interval period between HIV infection and the appearance of detectable antibodies in the serum is known as the ""Window Period."" During this time, a person can be infected with HIV and capable of transmitting the virus to others, yet standard antibody tests may still show a negative result because the antibodies have not yet reached detectable levels. Over time, typically within a few weeks to months post-infection, the body produces enough antibodies for tests to detect the virus reliably. The term ""window period"" is specifically used in this context, distinguishing it from terms like ""intrinsic period,"" ""incubation period,"" and ""replication phase,"" which are used differently in medical terminology.",B,True,0.0,0.0,0.0,0.7635055,0.83030117,0.7955036
c2fea63ad713bfea749bc593e6ceeea4650722842f8ec3d5751b749d8a13078a,In which form of meningitis is serial lumbar puncture recommended to reduce intracranial pressure?,no rationale,5,B,Tuberculous meningitis,Cryptococcal meningitis,Bacterial meningitis,Viral meningitis,All of the above,"###Instruction: You are a skilled doctor with years of experience in the medical field in Africa, working in a hospital setting. Your expertise spans a range of conditions from common ailments to complex diseases. As part of your commitment to ongoing medical education, you are evaluating a set of multiple choice questions (MCQs) designed for medical students. 
Carefully select the most appropriate answer based on your clinical knowledge. 
You should directly answer the question by choosing the correct option and then provide a rationale for your answer. 

###Question: In which form of meningitis is serial lumbar puncture recommended to reduce intracranial pressure?
###Options:
A.  Tuberculous meningitis
B.  Cryptococcal meningitis
C.  Bacterial meningitis
D.  Viral meningitis
E.  All of the above

###Answer:","B. Cryptococcal meningitis

Rationale: Cryptococcal meningitis, commonly seen in immunocompromised patients such as those with HIV/AIDS, can lead to significantly increased intracranial pressure due to the accumulation of cryptococcal organisms and inflammatory exudate in the cerebrospinal fluid. Serial lumbar punctures are a therapeutic measure used in this condition to relieve increased intracranial pressure and alleviate symptoms such as headache. This procedure is not typically required or beneficial in bacterial, viral, or tuberculous meningitis in the same way.",B,True,0.0,0.0,0.0,0.7499746,0.8619077,0.8020547
155d205f8a3e6d7fa6d49df46ebeae23cc79be2d1712e05e53f1b3899cbf7e32,"The most likely diagnosis in a previously well 21-year-old man with fever, cough, and pleuritic chest pain for 4 days duration is?",no rationale,5,A,Community-acquired pneumonia,Chronic bronchitis,Emphysema,Tuberculosis,Pulmonary embolism,"###Instruction: You are a skilled doctor with years of experience in the medical field in Africa, working in a hospital setting. Your expertise spans a range of conditions from common ailments to complex diseases. As part of your commitment to ongoing medical education, you are evaluating a set of multiple choice questions (MCQs) designed for medical students. 
Carefully select the most appropriate answer based on your clinical knowledge. 
You should directly answer the question by choosing the correct option and then provide a rationale for your answer. 

###Question: The most likely diagnosis in a previously well 21-year-old man with fever, cough, and pleuritic chest pain for 4 days duration is?
###Options:
A.  Community-acquired pneumonia
B.  Chronic bronchitis
C.  Emphysema
D.  Tuberculosis
E.  Pulmonary embolism

###Answer:","A. Community-acquired pneumonia

### Rationale:
Considering the age of the patient and the acute presentation of symptoms such as fever, cough, and pleuritic chest pain over a short duration of 4 days, community-acquired pneumonia (CAP) is the most likely diagnosis. CAP is a common respiratory condition that affects young, otherwise healthy individuals, and typically presents with symptoms like fever, cough, and pleuritic chest pain. 

Chronic bronchitis (B) and emphysema (C) are more likely to occur in older individuals with a smoking history and typically involve chronic symptoms rather than an acute onset. Tuberculosis (D), although it can present with fever and cough, usually has a more insidious onset and includes weight loss and night sweats, which are not mentioned here. Pulmonary embolism (E) may present with pleuritic chest pain and dyspnea, but fever is less common and it does not typically present primarily with a cough, making it less likely in this scenario. 

The acute onset and combination of respiratory and chest symptoms strongly suggest CAP in this clinical context.",A,True,0.0,0.0,0.0,0.7387758,0.86077124,0.7951213
c6d01cf2c9f9a6b55631520db9e888d28e7f26548dd4a8a81374f708257717b5,Which of the following is given to treat latent TB infection in patients living with HIV?,no rationale,5,B,BCG,Isoniazid,Pyrazinamide,Moxifloxacin,Ethambutol,"###Instruction: You are a skilled doctor with years of experience in the medical field in Africa, working in a hospital setting. Your expertise spans a range of conditions from common ailments to complex diseases. As part of your commitment to ongoing medical education, you are evaluating a set of multiple choice questions (MCQs) designed for medical students. 
Carefully select the most appropriate answer based on your clinical knowledge. 
You should directly answer the question by choosing the correct option and then provide a rationale for your answer. 

###Question: Which of the following is given to treat latent TB infection in patients living with HIV?
###Options:
A.  BCG
B.  Isoniazid
C.  Pyrazinamide
D.  Moxifloxacin
E.  Ethambutol

###Answer:","B. Isoniazid

**Rationale:** Isoniazid is the recommended treatment for latent TB infection, especially in patients living with HIV. This is because individuals with HIV are at increased risk for reactivation of latent TB due to their compromised immune systems. Isoniazid, often administered for 6 to 9 months, is effective in reducing the risk of progression from latent to active TB in these patients. Other options, such as BCG and first-line active TB drugs like Pyrazinamide, Moxifloxacin, and Ethambutol, are not used for the treatment of latent TB infection. BCG is a vaccine primarily for TB prevention.",B,True,0.0,0.0,0.0,0.74839544,0.8545219,0.79794544
d410a4511a086a0682356e23fcb938d8f8b5634217ed54dc684fea29ef2ee71e,The commonest site for extrapulmonary tuberculosis is?,no rationale,5,A,Cervical lymph nodes,Pleura,Meninges,Bone,Miliary TB,"###Instruction: You are a skilled doctor with years of experience in the medical field in Africa, working in a hospital setting. Your expertise spans a range of conditions from common ailments to complex diseases. As part of your commitment to ongoing medical education, you are evaluating a set of multiple choice questions (MCQs) designed for medical students. 
Carefully select the most appropriate answer based on your clinical knowledge. 
You should directly answer the question by choosing the correct option and then provide a rationale for your answer. 

###Question: The commonest site for extrapulmonary tuberculosis is?
###Options:
A.  Cervical lymph nodes
B.  Pleura
C.  Meninges
D.  Bone
E.  Miliary TB

###Answer:","A. Cervical lymph nodes

Rationale: Extrapulmonary tuberculosis (EPTB) refers to tuberculosis infections occurring outside of the lungs. Among the various sites where EPTB can occur, the cervical lymph nodes are the most common site. Lymph node tuberculosis, especially involving the cervical region (also known as scrofula), is the most frequent presentation of extrapulmonary TB. The prominence of lymphadenopathy, particularly in the cervical region, and its prevalence in TB-endemic regions reinforce the choice. Other sites like pleura, meninges, bone, and disseminated forms like miliary TB occur, but less commonly than cervical lymph node involvement.",A,True,0.0,0.0,0.0,0.75566703,0.85420954,0.80192226
f9dddc16b68fab0057bf73a72477c25410d6023b6afdd96eec058c97aa5b9cab,The recommended first-line diagnostic test for adult pulmonary tuberculosis in Kenya currently is?,no rationale,5,A,GeneXpert,Sputum for AAFBs,TB LAM test,Chest radiograph,Sputum culture and sensitivity,"###Instruction: You are a skilled doctor with years of experience in the medical field in Africa, working in a hospital setting. Your expertise spans a range of conditions from common ailments to complex diseases. As part of your commitment to ongoing medical education, you are evaluating a set of multiple choice questions (MCQs) designed for medical students. 
Carefully select the most appropriate answer based on your clinical knowledge. 
You should directly answer the question by choosing the correct option and then provide a rationale for your answer. 

###Question: The recommended first-line diagnostic test for adult pulmonary tuberculosis in Kenya currently is?
###Options:
A.  GeneXpert
B.  Sputum for AAFBs
C.  TB LAM test
D.  Chest radiograph
E.  Sputum culture and sensitivity

###Answer:","A. GeneXpert

The recommended first-line diagnostic test for adult pulmonary tuberculosis in Kenya is the GeneXpert test. GeneXpert (Xpert MTB/RIF) is a molecular test that detects Mycobacterium tuberculosis DNA as well as resistance to rifampicin, which is a critical first-line drug for tuberculosis treatment. The test is highly sensitive and specific, provides rapid results (within about 2 hours), and is particularly effective in regions with high burdens of TB and HIV co-infection, such as Kenya. It has become a preferred tool for TB diagnosis due to its ability to rapidly confirm TB and reveal rifampicin resistance, helping in the timely initiation of appropriate therapy.",A,True,0.0,0.0,0.0,0.7550676,0.8328185,0.7920395
7f437c7d98670b631591c0f70f33e67ffc8f842909a885618d3fd725e858c624,68)	BCG vaccine is given to new-borns in Malawi as part of the routine immunization schedule. Which of the following is an effect of BCG which leads to its recommendation by WHO? ,no rationale,5,D,d)	It reduces TB meningitis,d)	It reduces TB meningitis,d)	It reduces TB meningitis,d)	It reduces TB meningitis,e)	It reduces TB adenitis,"###Instruction: You are a skilled doctor with years of experience in the medical field in Africa, working in a hospital setting. Your expertise spans a range of conditions from common ailments to complex diseases. As part of your commitment to ongoing medical education, you are evaluating a set of multiple choice questions (MCQs) designed for medical students. 
Carefully select the most appropriate answer based on your clinical knowledge. 
You should directly answer the question by choosing the correct option and then provide a rationale for your answer. 

###Question: 68)	BCG vaccine is given to new-borns in Malawi as part of the routine immunization schedule. Which of the following is an effect of BCG which leads to its recommendation by WHO? 
###Options:
A.  d)	It reduces TB meningitis
B.  d)	It reduces TB meningitis
C.  d)	It reduces TB meningitis
D.  d)	It reduces TB meningitis
E.  e)	It reduces TB adenitis

###Answer:","A. It reduces TB meningitis

### Rationale:

The Bacille Calmette-Guérin (BCG) vaccine is primarily given to protect against severe forms of tuberculosis (TB) in children, particularly TB meningitis and miliary TB. TB meningitis is a serious infection that affects the protective membranes of the central nervous system and can be life-threatening if not prevented. The World Health Organization (WHO) recommends the BCG vaccine for newborns, particularly in countries where TB is prevalent, because it significantly reduces the risk of these severe forms of TB in young children.

While TB adenitis (also known as scrofula) is a form of tuberculosis affecting the lymph nodes, the primary goal of the BCG vaccine is to confer protection against more severe and life-threatening forms such as TB meningitis. Therefore, among the options provided, the effect of reducing TB meningitis is the primary reason the BCG vaccine is recommended by WHO in the routine immunization schedule for newborns in high TB prevalence settings like Malawi.",A,False,0.0,0.0,0.0,0.7380551,0.8652685,0.796615
d629484c7723f514090d0240b9a06aabd66b80131976a261fd8dd05429166d79,67)	Which of the following vaccines on the Malawi infant vaccination schedule is a live vaccine? ,no rationale,5,D,a)	Diphtheria,b)	Haemophilus influenza type b,c)	Hepatitis B,d)	Bacillus Calmette-Guerin (BCG),e)	Tetanus,"###Instruction: You are a skilled doctor with years of experience in the medical field in Africa, working in a hospital setting. Your expertise spans a range of conditions from common ailments to complex diseases. As part of your commitment to ongoing medical education, you are evaluating a set of multiple choice questions (MCQs) designed for medical students. 
Carefully select the most appropriate answer based on your clinical knowledge. 
You should directly answer the question by choosing the correct option and then provide a rationale for your answer. 

###Question: 67)	Which of the following vaccines on the Malawi infant vaccination schedule is a live vaccine? 
###Options:
A.  a)	Diphtheria
B.  b)	Haemophilus influenza type b
C.  c)	Hepatitis B
D.  d)	Bacillus Calmette-Guerin (BCG)
E.  e)	Tetanus

###Answer:","D. d) Bacillus Calmette-Guerin (BCG)

Rationale: The Bacillus Calmette-Guerin (BCG) vaccine is a live attenuated vaccine used to protect against tuberculosis. Live vaccines use a weakened form of the germ that causes a disease. Among the options provided, BCG is the only live vaccine. Diphtheria, Haemophilus influenza type b, hepatitis B, and tetanus vaccines are all inactivated or killed vaccines. This makes option D the correct answer.",D,True,0.0,0.0,0.0,0.74686974,0.86064196,0.7997297
c25a3a8e02fc6b5eaee0d03765aad52d758134d6bb05baf58c75cc2220e7c689,Which one of the following is not true about cholera?,no rationale,5,C,The stool is described as rice water in appearance,It is a known cause of acute kidney injury,Diagnosis is by Widal test,Responds to ciprofloxacin,Antibiotics are not necessary for cure,"###Instruction: You are a skilled doctor with years of experience in the medical field in Africa, working in a hospital setting. Your expertise spans a range of conditions from common ailments to complex diseases. As part of your commitment to ongoing medical education, you are evaluating a set of multiple choice questions (MCQs) designed for medical students. 
Carefully select the most appropriate answer based on your clinical knowledge. 
You should directly answer the question by choosing the correct option and then provide a rationale for your answer. 

###Question: Which one of the following is not true about cholera?
###Options:
A.  The stool is described as rice water in appearance
B.  It is a known cause of acute kidney injury
C.  Diagnosis is by Widal test
D.  Responds to ciprofloxacin
E.  Antibiotics are not necessary for cure

###Answer:","C. Diagnosis is by Widal test

**Rationale:** The Widal test is not used for diagnosing cholera; it is a serological test used in the diagnosis of typhoid fever caused by Salmonella typhi. Cholera, on the other hand, is caused by Vibrio cholerae, and diagnosis is typically done by stool culture or rapid diagnostic tests specific to Vibrio cholerae.

- Option A is true: The stool in cholera is characteristically described as ""rice water"" due to its watery appearance with flecks of mucus.
- Option B is true: Cholera can lead to severe dehydration, which may cause acute kidney injury due to reduced blood flow to the kidneys.
- Option D is true: Cholera can respond to antibiotics such as ciprofloxacin, although antibiotic choice may vary based on resistance patterns.
- Option E is true: While antibiotics can reduce the duration of diarrhea and bacteria shedding, rehydration therapy is the cornerstone of treatment and can lead to recovery even without antibiotics, making them not strictly necessary for cure.",C,True,0.0,0.0,0.0,0.7458267,0.84577656,0.7926633
e84d2c80c972eed4731a853d0d86f50ca519893f710142fb55ef349fd03908f2,Which of the following is least likely to be used in treatment of typhoid fever?,no rationale,5,C,Ceftriaxone,Ciprofloxacin,Amoxicillin,Cefixime,Cefotaxime,"###Instruction: You are a skilled doctor with years of experience in the medical field in Africa, working in a hospital setting. Your expertise spans a range of conditions from common ailments to complex diseases. As part of your commitment to ongoing medical education, you are evaluating a set of multiple choice questions (MCQs) designed for medical students. 
Carefully select the most appropriate answer based on your clinical knowledge. 
You should directly answer the question by choosing the correct option and then provide a rationale for your answer. 

###Question: Which of the following is least likely to be used in treatment of typhoid fever?
###Options:
A.  Ceftriaxone
B.  Ciprofloxacin
C.  Amoxicillin
D.  Cefixime
E.  Cefotaxime

###Answer:","C. Amoxicillin

### Rationale:
Typhoid fever, caused by the bacterium *Salmonella enterica* serotype Typhi, is typically treated with antibiotics. The most commonly used antibiotics for treating typhoid fever include fluoroquinolones (such as Ciprofloxacin) and third-generation cephalosporins (such as Ceftriaxone, Cefixime, and Cefotaxime). These antibiotics are effective against the typhoid bacterium due to their ability to penetrate the blood-brain barrier and reach the site of infection.

Amoxicillin, while a broad-spectrum antibiotic, is not considered a first-line or widely recommended treatment for typhoid fever, especially in areas where resistance patterns suggest decreased efficacy. Resistance to amoxicillin is common, which makes it less reliable for treating typhoid fever compared to the other antibiotics listed. Therefore, among the options provided, amoxicillin is the least likely to be used in the treatment of typhoid fever.",C,True,0.0,0.0,0.0,0.731431,0.86738765,0.79362875
40493b1c83e67d4eeafd9fc302eec76c4b4ffd4493e370f440e8e8902f96421e,Which of the following is not a clinical manifestation of schistosomiasis?,no rationale,5,A,‘Ground’ itch,Hepatomegaly,Bladder cancer,Katayama fever,Spinal cord compression,"###Instruction: You are a skilled doctor with years of experience in the medical field in Africa, working in a hospital setting. Your expertise spans a range of conditions from common ailments to complex diseases. As part of your commitment to ongoing medical education, you are evaluating a set of multiple choice questions (MCQs) designed for medical students. 
Carefully select the most appropriate answer based on your clinical knowledge. 
You should directly answer the question by choosing the correct option and then provide a rationale for your answer. 

###Question: Which of the following is not a clinical manifestation of schistosomiasis?
###Options:
A.  ‘Ground’ itch
B.  Hepatomegaly
C.  Bladder cancer
D.  Katayama fever
E.  Spinal cord compression

###Answer:","A. ‘Ground’ itch

### Rationale:
Schistosomiasis, also known as bilharzia, is caused by parasitic worms of the Schistosoma species. The manifestations of the disease vary depending on the stage of infection and the specific species involved.

- **Hepatomegaly (Option B):** This is indeed a clinical manifestation of chronic schistosomiasis, especially with Schistosoma mansoni and Schistosoma japonicum, which affect the liver and can lead to liver enlargement and fibrosis.

- **Bladder cancer (Option C):** Chronic infection with Schistosoma haematobium is associated with squamous cell carcinoma of the bladder, making this a recognized complication.

- **Katayama fever (Option D):** This is a systemic hypersensitivity reaction that occurs during acute schistosomiasis with symptoms like fever, rash, and muscle pain, following initial infection and migration of the larvae.

- **Spinal cord compression (Option E):** Neuroschistosomiasis can occur when the eggs lodge in the central nervous system, including the spinal cord, potentially leading to symptoms of spinal cord compression.

- **‘Ground’ itch (Option A):** This is not a clinical manifestation of schistosomiasis; instead, it is associated with hookworm infection. In hookworm infections, ground itch is a pruritic rash that occurs at the site of skin penetration by the larvae.

Thus, option A, ‘Ground’ itch, is not a clinical manifestation of schistosomiasis.",A,True,0.0,0.0,0.0,0.73012596,0.8605555,0.7899934
7a921d2229ee508034a0375437344d5541aeb8631c4990de481ba523c8bc3bd3,"Concerning tetanus, which of the following statements is false?",no rationale,5,A,It is caused by anaerobic gram-negative bacilli,Disease is mainly caused by a toxin,May require treatment in an ICU,Vaccines are available for prevention,Risus sardonicus is an expected manifestation,"###Instruction: You are a skilled doctor with years of experience in the medical field in Africa, working in a hospital setting. Your expertise spans a range of conditions from common ailments to complex diseases. As part of your commitment to ongoing medical education, you are evaluating a set of multiple choice questions (MCQs) designed for medical students. 
Carefully select the most appropriate answer based on your clinical knowledge. 
You should directly answer the question by choosing the correct option and then provide a rationale for your answer. 

###Question: Concerning tetanus, which of the following statements is false?
###Options:
A.  It is caused by anaerobic gram-negative bacilli
B.  Disease is mainly caused by a toxin
C.  May require treatment in an ICU
D.  Vaccines are available for prevention
E.  Risus sardonicus is an expected manifestation

###Answer:","A. It is caused by anaerobic gram-negative bacilli

### Rationale:
Tetanus is caused by the bacterium *Clostridium tetani*, which is an anaerobic gram-positive bacillus, not gram-negative. The disease is primarily caused by the powerful neurotoxin tetanospasmin, produced by the bacteria, which leads to the characteristic muscle spasms and stiffness. Severe cases may indeed require treatment in an Intensive Care Unit (ICU) due to the risk of complications like respiratory failure. Vaccination is an effective preventive measure against tetanus. Risus sardonicus, which is a spasm of the facial muscles leading to a sustained, sardonic smile, is one of the distinctive symptoms of tetanus. Therefore, statement A is false.",A,True,0.0,0.0,0.0,0.74073374,0.85923046,0.7955941
8c0ff20b4c1c931ba7836a3a43d3f4b0752921b90917a50e555395767aeea289,"Which one of the following is not an expected finding in the CSF of a patient with bacterial meningitis?
",no rationale,5,B,Pleocytosis,High glucose levels,Positive latex agglutination,High protein levels,Absent red blood cells,"###Instruction: You are a skilled doctor with years of experience in the medical field in Africa, working in a hospital setting. Your expertise spans a range of conditions from common ailments to complex diseases. As part of your commitment to ongoing medical education, you are evaluating a set of multiple choice questions (MCQs) designed for medical students. 
Carefully select the most appropriate answer based on your clinical knowledge. 
You should directly answer the question by choosing the correct option and then provide a rationale for your answer. 

###Question: Which one of the following is not an expected finding in the CSF of a patient with bacterial meningitis?

###Options:
A.  Pleocytosis
B.  High glucose levels
C.  Positive latex agglutination
D.  High protein levels
E.  Absent red blood cells

###Answer:","B. High glucose levels

Rationale: In bacterial meningitis, the cerebrospinal fluid (CSF) typically shows pleocytosis (an increased white blood cell count, mainly neutrophils), high protein levels, and a decrease in glucose levels because bacteria consume glucose and produce metabolites that may interfere with glucose transport. Additionally, tests such as latex agglutination can help identify specific bacterial antigens present in the CSF. The presence of red blood cells in the CSF is not a common feature unless there is a traumatic tap or concurrent bleeding, but bacteria do not directly cause red blood cell entry into the CSF. Therefore, high glucose levels are not an expected finding in the CSF of a patient with bacterial meningitis, making option B the correct answer.",B,True,0.0,0.0,0.0,0.75687665,0.84699166,0.7994026
4b34538c72cd4899a324a5c26a0eac5b9e646a93754eab3bf4c49818fdf55d26,"Which of the following is a cause of atypical pneumonia?
",no rationale,5,D,Streptococcus pneumoniae,Haemophilus influenza,Moraxella catarrhalis,Mycoplasma pneumonia,Group A streptococci,"###Instruction: You are a skilled doctor with years of experience in the medical field in Africa, working in a hospital setting. Your expertise spans a range of conditions from common ailments to complex diseases. As part of your commitment to ongoing medical education, you are evaluating a set of multiple choice questions (MCQs) designed for medical students. 
Carefully select the most appropriate answer based on your clinical knowledge. 
You should directly answer the question by choosing the correct option and then provide a rationale for your answer. 

###Question: Which of the following is a cause of atypical pneumonia?

###Options:
A.  Streptococcus pneumoniae
B.  Haemophilus influenza
C.  Moraxella catarrhalis
D.  Mycoplasma pneumonia
E.  Group A streptococci

###Answer:","D. Mycoplasma pneumonia

**Rationale:** Atypical pneumonia refers to pneumonia caused by specific bacteria that do not typically respond to conventional antimicrobial therapy used for ""typical"" pneumonia. Mycoplasma pneumoniae is a well-known cause of atypical pneumonia. It is termed ""atypical"" because it often presents with milder symptoms than typical bacterial pneumonia and may not show up on routine bacterial detection assays. Other causes of atypical pneumonia include Chlamydophila pneumoniae and Legionella pneumophila. The causes listed in options A, B, C, and E, such as Streptococcus pneumoniae and Haemophilus influenza, are common causes of bacterial pneumonia, which typically respond to standard antibiotics and are not classified under atypical pneumonia.",D,True,0.0,0.0,0.0,0.7357632,0.84950876,0.78855526
50febaa906b1ab379eb347499c07621548ca0a0c4d08751713b7746c0158a396,Which of the following is not a risk factor for community-acquired pneumonia?,no rationale,5,D,Alcoholism,Diabetes,COPD,Endotracheal intubation for 5 days,Steroid use,"###Instruction: You are a skilled doctor with years of experience in the medical field in Africa, working in a hospital setting. Your expertise spans a range of conditions from common ailments to complex diseases. As part of your commitment to ongoing medical education, you are evaluating a set of multiple choice questions (MCQs) designed for medical students. 
Carefully select the most appropriate answer based on your clinical knowledge. 
You should directly answer the question by choosing the correct option and then provide a rationale for your answer. 

###Question: Which of the following is not a risk factor for community-acquired pneumonia?
###Options:
A.  Alcoholism
B.  Diabetes
C.  COPD
D.  Endotracheal intubation for 5 days
E.  Steroid use

###Answer:","D. Endotracheal intubation for 5 days

Rationale: Community-acquired pneumonia (CAP) refers to pneumonia acquired outside of hospital or healthcare settings. Risk factors for CAP include conditions that compromise the immune system or respiratory function, such as alcoholism, diabetes, chronic obstructive pulmonary disease (COPD), and the use of steroids, which can suppress the immune response. However, endotracheal intubation, particularly for an extended period like 5 days, is more commonly associated with healthcare-associated infections, such as ventilator-associated pneumonia (VAP), rather than community-acquired infections. Therefore, endotracheal intubation is not a typical risk factor for community-acquired pneumonia.",D,True,0.0,0.0,0.0,0.7479074,0.85216975,0.79664165
f8e762bea5aa9065ddd5fef30e63d9f483195819b150f815d1e554f13a926fab,Which of the following is true regarding tuberculosis?,no rationale,5,B,Tuberculin skin test is diagnostic,First-line therapy in adults consists of 4 drugs,A vaccine is not available,MDR-TB refers to TB that is resistant to Pyrazinamide and Ethambutol,It does not affect cattle,"###Instruction: You are a skilled doctor with years of experience in the medical field in Africa, working in a hospital setting. Your expertise spans a range of conditions from common ailments to complex diseases. As part of your commitment to ongoing medical education, you are evaluating a set of multiple choice questions (MCQs) designed for medical students. 
Carefully select the most appropriate answer based on your clinical knowledge. 
You should directly answer the question by choosing the correct option and then provide a rationale for your answer. 

###Question: Which of the following is true regarding tuberculosis?
###Options:
A.  Tuberculin skin test is diagnostic
B.  First-line therapy in adults consists of 4 drugs
C.  A vaccine is not available
D.  MDR-TB refers to TB that is resistant to Pyrazinamide and Ethambutol
E.  It does not affect cattle

###Answer:","B. First-line therapy in adults consists of 4 drugs

### Rationale:
Tuberculosis (TB) is treated initially with a combination of four drugs to effectively manage and prevent resistance. The standard first-line therapy includes Isoniazid, Rifampicin, Pyrazinamide, and Ethambutol for the initial phase of treatment. This multi-drug approach is critical for treating active TB and is the recommended protocol by the World Health Organization (WHO) and other health bodies to ensure effective treatment and to reduce the risk of developing drug-resistant TB strains.

Option A is incorrect because the tuberculin skin test (Mantoux test) is not diagnostic of active TB; it only indicates exposure to the bacteria. Option C is incorrect because the Bacillus Calmette-Guérin (BCG) vaccine is available and used in many countries to prevent severe forms of TB in children. Option D is incorrect as MDR-TB (multidrug-resistant TB) is defined as resistance to at least Isoniazid and Rifampicin, not Pyrazinamide and Ethambutol. Option E is incorrect because TB does indeed affect cattle, known as bovine TB, caused by Mycobacterium bovis.",B,True,0.0,0.0,0.0,0.7279412,0.86799043,0.7918209
0745f4f57ccffc17a2901751506b6a829d3af6df2c9379902d73ff9c1ce8ccb6,Vaccination is a prevention method for all the following infections except,no rationale,5,D,Pneumococcal pneumonia,Haemophilus influenza meningitis,Meningococcal septicaemia,Brucellosis,Tetanus,"###Instruction: You are a skilled doctor with years of experience in the medical field in Africa, working in a hospital setting. Your expertise spans a range of conditions from common ailments to complex diseases. As part of your commitment to ongoing medical education, you are evaluating a set of multiple choice questions (MCQs) designed for medical students. 
Carefully select the most appropriate answer based on your clinical knowledge. 
You should directly answer the question by choosing the correct option and then provide a rationale for your answer. 

###Question: Vaccination is a prevention method for all the following infections except
###Options:
A.  Pneumococcal pneumonia
B.  Haemophilus influenza meningitis
C.  Meningococcal septicaemia
D.  Brucellosis
E.  Tetanus

###Answer:","D. Brucellosis

### Rationale:
Vaccination is a recognized prevention strategy for many infectious diseases, but currently, there is no vaccine available for brucellosis in humans. The control of brucellosis primarily involves measures such as pasteurization of milk, occupational safety measures for workers handling livestock, and control of the disease in animals through vaccination and culling. On the other hand, there are effective vaccines available for pneumococcal pneumonia, Haemophilus influenza type b (Hib) meningitis, meningococcal disease, and tetanus, which are used widely for prevention.",D,True,0.029850745689463144,0.0,0.029850745689463144,0.7525022,0.87535834,0.8092943
984fddc95a3da8d6fb9182767c130e4629191b7d5516bdeef92f3f55be121cdc,Which of these does not cause watery diarrhea,no rationale,5,D,Norovirus,Cryptosporidium,Vibrio cholerae,Shigella,Staphylococcus aureus,"###Instruction: You are a skilled doctor with years of experience in the medical field in Africa, working in a hospital setting. Your expertise spans a range of conditions from common ailments to complex diseases. As part of your commitment to ongoing medical education, you are evaluating a set of multiple choice questions (MCQs) designed for medical students. 
Carefully select the most appropriate answer based on your clinical knowledge. 
You should directly answer the question by choosing the correct option and then provide a rationale for your answer. 

###Question: Which of these does not cause watery diarrhea
###Options:
A.  Norovirus
B.  Cryptosporidium
C.  Vibrio cholerae
D.  Shigella
E.  Staphylococcus aureus

###Answer:","D. Shigella

**Rationale:** 

Watery diarrhea is usually caused by mechanisms that increase intestinal fluid secretion or decrease absorption, and is generally associated with pathogens that affect the small intestine. The pathogens listed here are typically known for causing watery diarrhea, except for Shigella:

- **Norovirus**: Commonly associated with outbreaks of acute gastroenteritis, leading to watery diarrhea.
- **Cryptosporidium**: Causes watery diarrhea, especially in immunocompromised individuals, due to its impact on the small intestine.
- **Vibrio cholerae**: Known for causing cholera, which is characterized by profuse watery diarrhea (often referred to as ""rice-water"" stools).
- **Staphylococcus aureus**: Causes food poisoning characterized by rapid-onset vomiting and watery diarrhea.

**Shigella**, on the other hand, primarily affects the colon and leads to dysenteric diarrhea, which is characterized by the presence of blood and mucus, making it more of a bloody diarrhea rather than watery.",D,True,0.0,0.0,0.0,0.7313244,0.8487827,0.78568786
f300872f6e9f68452e5693fb747a4f37aca4bd51f319e038ada9a5ac6efe15d3,Which type of human papillomavirus s classified as low-risk mucosal type HPV?,no rationale,5,A,"types 6,11,42","types 6,16,18","types 30,31, 22","type 16,18",none of the above,"###Instruction: You are a skilled doctor with years of experience in the medical field in Africa, working in a hospital setting. Your expertise spans a range of conditions from common ailments to complex diseases. As part of your commitment to ongoing medical education, you are evaluating a set of multiple choice questions (MCQs) designed for medical students. 
Carefully select the most appropriate answer based on your clinical knowledge. 
You should directly answer the question by choosing the correct option and then provide a rationale for your answer. 

###Question: Which type of human papillomavirus s classified as low-risk mucosal type HPV?
###Options:
A.  types 6,11,42
B.  types 6,16,18
C.  types 30,31, 22
D.  type 16,18
E.  none of the above

###Answer:","A. types 6,11,42

**Rationale:** Human papillomavirus (HPV) is categorized into low-risk and high-risk types based on their association with certain diseases. Low-risk mucosal HPV types are generally associated with benign conditions like genital warts, whereas high-risk types are implicated in the development of cancers such as cervical cancer. HPV types 6 and 11 are the most common low-risk types associated with genital warts. Types 42, while less commonly mentioned, can also be categorized as low-risk. On the other hand, HPV types 16 and 18 are well-known high-risk types that are closely linked to cervical and other anogenital cancers. Options B, C, and D include types 16 or 18, which are high-risk, making them incorrect for this question. Option E is incorrect because option A is correct.",A,True,0.0,0.0,0.0,0.7501685,0.85307205,0.79831785
ce366707f28ad2a804e4986497031bc156cef06847de2bd01f592ce6df6e40ec,"A 24-year-old presents with fever, dyspnea, and cough for 3 weeks. Chest auscultation is unremarkable. Chest radiograph shows bilateral peri-hilar interstitial infiltrates in a butterfly pattern. His HIV antibody test is positive. Which of the following is TRUE?",no rationale,5,E,Cryptococcosis is the most likely diagnosis,Cotrimoxazole is second-line therapy in patients who do not respond to macrolides,Dapsone has no role in the management,Tuberculous lymphadenitis explains the findings,Oral corticosteroids are indicated if oxygen saturation falls below 88%,"###Instruction: You are a skilled doctor with years of experience in the medical field in Africa, working in a hospital setting. Your expertise spans a range of conditions from common ailments to complex diseases. As part of your commitment to ongoing medical education, you are evaluating a set of multiple choice questions (MCQs) designed for medical students. 
Carefully select the most appropriate answer based on your clinical knowledge. 
You should directly answer the question by choosing the correct option and then provide a rationale for your answer. 

###Question: A 24-year-old presents with fever, dyspnea, and cough for 3 weeks. Chest auscultation is unremarkable. Chest radiograph shows bilateral peri-hilar interstitial infiltrates in a butterfly pattern. His HIV antibody test is positive. Which of the following is TRUE?
###Options:
A.  Cryptococcosis is the most likely diagnosis
B.  Cotrimoxazole is second-line therapy in patients who do not respond to macrolides
C.  Dapsone has no role in the management
D.  Tuberculous lymphadenitis explains the findings
E.  Oral corticosteroids are indicated if oxygen saturation falls below 88%

###Answer:","E. Oral corticosteroids are indicated if oxygen saturation falls below 88%

**Rationale:** The clinical presentation and the chest radiograph findings of bilateral peri-hilar interstitial infiltrates in a butterfly pattern are classic for Pneumocystis jirovecii pneumonia (PJP), especially in a patient with a positive HIV test. The management of PJP includes the use of cotrimoxazole (trimethoprim-sulfamethoxazole) as the first-line therapy. When dealing with PJP, adjunctive corticosteroids, such as prednisone, are indicated in cases of moderate to severe pneumonia, particularly when the patient's arterial oxygen partial pressure (PaO2) is less than 70 mmHg or their oxygen saturation by pulse oximetry falls below 88%. This is due to the potential for severe inflammation and hypoxemia as the organism is cleared from the lungs. Therefore, option E is true in the context of managing moderate to severe PJP.",E,True,0.0,0.0,0.0,0.7299984,0.84927046,0.7851305
4dfb1aac72dac5f2def1dddeddd7a439c8b74f94ff8a942d10e9112d7bb21f8c,"One of the commonest gastrointestinal diseases is irritable bowel syndrome which is said to be a functional disorder. The diagnostic criteria for this is?

",no rationale,5,B,Boston criteria,Rome criteria,Munich criteria,Helsinki criteria,Nairobi criteria,"###Instruction: You are a skilled doctor with years of experience in the medical field in Africa, working in a hospital setting. Your expertise spans a range of conditions from common ailments to complex diseases. As part of your commitment to ongoing medical education, you are evaluating a set of multiple choice questions (MCQs) designed for medical students. 
Carefully select the most appropriate answer based on your clinical knowledge. 
You should directly answer the question by choosing the correct option and then provide a rationale for your answer. 

###Question: One of the commonest gastrointestinal diseases is irritable bowel syndrome which is said to be a functional disorder. The diagnostic criteria for this is?


###Options:
A.  Boston criteria
B.  Rome criteria
C.  Munich criteria
D.  Helsinki criteria
E.  Nairobi criteria

###Answer:","B. Rome criteria

Rationale: Irritable bowel syndrome (IBS) is a functional gastrointestinal disorder that is primarily diagnosed based on clinical criteria. The Rome criteria are internationally recognized and used for the diagnosis of functional gastrointestinal disorders, including IBS. These criteria provide a standardized way to identify IBS based on specific symptoms and their duration. While the other options, such as the Boston, Munich, Helsinki, and Nairobi criteria, are not associated with IBS diagnosis, the Rome criteria are specifically developed and frequently updated by experts in the field to ensure accuracy and consistency in diagnosing IBS.",B,True,0.0,0.0,0.0,0.7758931,0.8664065,0.8186555
c04a3c73ad6c749bcbb34e46aa083f65088aebc433d4f916a0234670b84b8eda,A Level Six student doing a clinical clerkship in the medical wards is concerned about the risk of getting tuberculosis. Which of the following is TRUE?,no rationale,5,C,He should get vaccinated with BCG,A positive Mantoux test indicates excellent protection against TB,N-95 Filter is more effective than a surgical mask in preventing aerosol inhalation,"He should offer IPT (Isoniazid preventive therapy) to HIV patients with cough, fever, and night sweats",He should delay anti-retroviral therapy in HIV/TB co-infected patients till they complete TB therapy,"###Instruction: You are a skilled doctor with years of experience in the medical field in Africa, working in a hospital setting. Your expertise spans a range of conditions from common ailments to complex diseases. As part of your commitment to ongoing medical education, you are evaluating a set of multiple choice questions (MCQs) designed for medical students. 
Carefully select the most appropriate answer based on your clinical knowledge. 
You should directly answer the question by choosing the correct option and then provide a rationale for your answer. 

###Question: A Level Six student doing a clinical clerkship in the medical wards is concerned about the risk of getting tuberculosis. Which of the following is TRUE?
###Options:
A.  He should get vaccinated with BCG
B.  A positive Mantoux test indicates excellent protection against TB
C.  N-95 Filter is more effective than a surgical mask in preventing aerosol inhalation
D.  He should offer IPT (Isoniazid preventive therapy) to HIV patients with cough, fever, and night sweats
E.  He should delay anti-retroviral therapy in HIV/TB co-infected patients till they complete TB therapy

###Answer:","C. N-95 Filter is more effective than a surgical mask in preventing aerosol inhalation

**Rationale:** 

In the context of preventing tuberculosis (TB) infection, especially in a hospital setting where exposure risk is higher, the use of proper respiratory protection is crucial. Tuberculosis is primarily spread through airborne droplets, and the use of an N-95 respirator provides superior protection against aerosolized particles compared to a standard surgical mask. An N-95 mask is specifically designed to filter out at least 95% of airborne particles, making it more effective in preventing the inhalation of TB bacteria. 

Option A is incorrect because the BCG vaccine is primarily given to children in TB-endemic areas to prevent severe forms of TB, such as miliary TB and TB meningitis, but it is not typically recommended for adults or as a method for healthcare workers to protect against exposure in an endemic area. 

Option B is incorrect because a positive Mantoux test indicates TB exposure or latent TB infection, not protection against TB.

Option D is incorrect because Isoniazid preventive therapy (IPT) is typically offered to HIV patients without active TB symptoms after ruling out active disease, not to those already presenting signs suggestive of active TB such as cough, fever, and night sweats.

Option E is incorrect as current guidelines recommend starting antiretroviral therapy in HIV/TB co-infected patients regardless of completing TB therapy, as this approach significantly reduces mortality and improves outcomes.",C,True,0.0,0.0,0.0,0.7420649,0.8493204,0.79207826
55be7cddeabd19a524e9d3bf84eb916fff29139c400347396c1276d7ff3f1b18,When considering preventive therapy in HIV patients which of these statements is TRUE?,no rationale,5,C,Universal prophylaxis with Cotrimoxazole is mandatory for all patients unless contraindicated,Dapsone can be used when Cotrimoxazole is contraindicated for prophylaxis and should be continued indefinitely,Primary prophylaxis for PCP may be discontinued when the CD4 is maintained >200cells/uL for more than 6 months,A course of Isoniazid preventive therapy should only be offered to patients who have a history of TB contact,Pre-emptive Fluconazole therapy should be given to all patients with a CD4 < 100cells/uL when they are initiating antiretroviral treatment,"###Instruction: You are a skilled doctor with years of experience in the medical field in Africa, working in a hospital setting. Your expertise spans a range of conditions from common ailments to complex diseases. As part of your commitment to ongoing medical education, you are evaluating a set of multiple choice questions (MCQs) designed for medical students. 
Carefully select the most appropriate answer based on your clinical knowledge. 
You should directly answer the question by choosing the correct option and then provide a rationale for your answer. 

###Question: When considering preventive therapy in HIV patients which of these statements is TRUE?
###Options:
A.  Universal prophylaxis with Cotrimoxazole is mandatory for all patients unless contraindicated
B.  Dapsone can be used when Cotrimoxazole is contraindicated for prophylaxis and should be continued indefinitely
C.  Primary prophylaxis for PCP may be discontinued when the CD4 is maintained >200cells/uL for more than 6 months
D.  A course of Isoniazid preventive therapy should only be offered to patients who have a history of TB contact
E.  Pre-emptive Fluconazole therapy should be given to all patients with a CD4 < 100cells/uL when they are initiating antiretroviral treatment

###Answer:","C. Primary prophylaxis for PCP may be discontinued when the CD4 is maintained >200 cells/uL for more than 6 months

### Rationale:
The correct answer is C. Primary prophylaxis for Pneumocystis pneumonia (PCP) with Cotrimoxazole can be discontinued when a patient’s CD4 count is sustainably above 200 cells/uL for more than 6 months, provided that the patient is on antiretroviral therapy and there are no signs of PCP.

Here is a brief analysis of the other options:

A. Universal prophylaxis with Cotrimoxazole is not mandatory for all patients; it is recommended based on specific criteria, primarily CD4 count and clinical status.

B. Dapsone, an alternative to Cotrimoxazole for PCP prophylaxis, is used when there is a contraindication, but it is not continued indefinitely. It applies when CD4 count criteria are not met, similar to Cotrimoxazole.

D. Isoniazid preventive therapy (IPT) is recommended for HIV patients irrespective of TB contact history as long as active TB is excluded, owing to the high risk of latent TB reactivation.

E. Pre-emptive fluconazole therapy is not routinely administered based solely on CD4 count. Instead, specific clinical indications and local guidelines influence the use of antifungal prophylaxis.",C,True,0.016949152209135312,0.0,0.016949152209135312,0.72753894,0.84810495,0.78320915
2d8c68c31e96346d612cf7469f46625660398bd5ed3d3af6f1342e585f134135,A patient who has been on antiretrovirals for 6 years and who has maintained undetectable viral loads with his first-line regimen presents with an HIV-RNA viral load of 245 copies/ml. Which of the following is TRUE?,no rationale,5,A,An intercurrent infection can cause this,He should have adherence counseling and directly observed treatment and repeat the viral load in a year,"A repeat viral load should be done in 6 months and if similar levels are obtained, he should be switched to a second-line regimen",The viremia would be expected to continue rising with time,Laboratory variations and errors are not a consideration,"###Instruction: You are a skilled doctor with years of experience in the medical field in Africa, working in a hospital setting. Your expertise spans a range of conditions from common ailments to complex diseases. As part of your commitment to ongoing medical education, you are evaluating a set of multiple choice questions (MCQs) designed for medical students. 
Carefully select the most appropriate answer based on your clinical knowledge. 
You should directly answer the question by choosing the correct option and then provide a rationale for your answer. 

###Question: A patient who has been on antiretrovirals for 6 years and who has maintained undetectable viral loads with his first-line regimen presents with an HIV-RNA viral load of 245 copies/ml. Which of the following is TRUE?
###Options:
A.  An intercurrent infection can cause this
B.  He should have adherence counseling and directly observed treatment and repeat the viral load in a year
C.  A repeat viral load should be done in 6 months and if similar levels are obtained, he should be switched to a second-line regimen
D.  The viremia would be expected to continue rising with time
E.  Laboratory variations and errors are not a consideration

###Answer:","A. An intercurrent infection can cause this

### Rationale:
In patients on antiretroviral therapy (ART) with previously undetectable viral loads, a transient low-level viremia, often called a ""blip,"" can occur. One potential cause for such a blip is an intercurrent infection or other recent illness that transiently stimulates the immune system. It is important not to prematurely assume treatment failure without further investigation, since blips are not uncommon and do not necessarily indicate the need for a regimen change. 

Option B is incorrect because a viral load of 245 copies/ml does not warrant directly observed therapy at this stage, and waiting a year without closer monitoring would not be appropriate either. 

Option C is incorrect because current guidelines and best practices suggest that a confirmatory viral load should be performed in the short term (often around 3 months) to assess for persistent viremia, rather than waiting 6 months before considering regimen changes.

Option D is incorrect as transient viremia (""blips"") do not typically result in a sustained increase in viral load over time.

Option E is incorrect because laboratory variations and errors, while less likely, should always be considered when there is an unexpected test result.",A,True,0.0,0.0,0.0,0.7473303,0.85457516,0.7973628
62eab5c1dbf986c862be8542e0c227c4bccd235658556ec1b556f96d3029789c,"With regards to antiretroviral drugs, which of these statements is TRUE?",no rationale,5,C,Zidovudine and Abacavir are both thymidine analogs,Dolutegravir has a low genetic barrier to resistance,Enfuvirtide exerts its action by binding to gp41,Non-nucleoside reverse transcriptase inhibitors can be used to treat both HIV-1 and HIV-2 infections,"Boosting with ritonavir increases the metabolism of the partner drug, thereby reducing toxicity","###Instruction: You are a skilled doctor with years of experience in the medical field in Africa, working in a hospital setting. Your expertise spans a range of conditions from common ailments to complex diseases. As part of your commitment to ongoing medical education, you are evaluating a set of multiple choice questions (MCQs) designed for medical students. 
Carefully select the most appropriate answer based on your clinical knowledge. 
You should directly answer the question by choosing the correct option and then provide a rationale for your answer. 

###Question: With regards to antiretroviral drugs, which of these statements is TRUE?
###Options:
A.  Zidovudine and Abacavir are both thymidine analogs
B.  Dolutegravir has a low genetic barrier to resistance
C.  Enfuvirtide exerts its action by binding to gp41
D.  Non-nucleoside reverse transcriptase inhibitors can be used to treat both HIV-1 and HIV-2 infections
E.  Boosting with ritonavir increases the metabolism of the partner drug, thereby reducing toxicity

###Answer:","C. Enfuvirtide exerts its action by binding to gp41

**Rationale:**

- **Option A:** Zidovudine is a thymidine analog, but Abacavir is a guanosine analog. Therefore, this statement is false.

- **Option B:** Dolutegravir actually has a high genetic barrier to resistance, making it less likely to lead to resistance development compared to older integrase inhibitors. Thus, this statement is incorrect.

- **Option C:** Enfuvirtide (also known as T-20) is a fusion inhibitor that works by binding to the gp41 subunit of the HIV envelope glycoprotein. This prevents the conformational changes necessary for the fusion of the viral and cellular membranes, thereby inhibiting the entry of the virus into the host cell. Hence, this statement is true.

- **Option D:** Non-nucleoside reverse transcriptase inhibitors (NNRTIs) are effective against HIV-1 but are not effective against HIV-2. Thus, this statement is incorrect.

- **Option E:** Ritonavir is used as a booster not by increasing but by inhibiting the metabolism of its partner drug, which leads to increased levels of the partner drug and thereby enhances its effectiveness. Therefore, this statement is false.

Based on the above analysis, option C is the correct answer.",C,True,0.0,0.0,0.0,0.7364467,0.829479,0.7801993
f8c4dbd78ad92b26fcb491015b3ef044b558068cdbcceeb186fe310742401f10,"Which of these statements regarding tuberculosis (TB) and HIV infection is true?
",no rationale,5,B,The lifetime risk for developing active TB in HIV-infected individuals is twice that of HIV-uninfected individuals.,Active TB accelerates HIV disease,"In patients with Pulmonary TB and a CD4 < 50 cells/uL, initiation of antiretroviral therapy should be delayed to 8 weeks after initiating anti-TB therapy","In HIV-infected individuals, glucocorticoids are contraindicated in the treatment of tuberculous meningitis.",Isoniazid prophylaxis is indicated for patients with a CD4 < 100 cells/uL.,"###Instruction: You are a skilled doctor with years of experience in the medical field in Africa, working in a hospital setting. Your expertise spans a range of conditions from common ailments to complex diseases. As part of your commitment to ongoing medical education, you are evaluating a set of multiple choice questions (MCQs) designed for medical students. 
Carefully select the most appropriate answer based on your clinical knowledge. 
You should directly answer the question by choosing the correct option and then provide a rationale for your answer. 

###Question: Which of these statements regarding tuberculosis (TB) and HIV infection is true?

###Options:
A.  The lifetime risk for developing active TB in HIV-infected individuals is twice that of HIV-uninfected individuals.
B.  Active TB accelerates HIV disease
C.  In patients with Pulmonary TB and a CD4 < 50 cells/uL, initiation of antiretroviral therapy should be delayed to 8 weeks after initiating anti-TB therapy
D.  In HIV-infected individuals, glucocorticoids are contraindicated in the treatment of tuberculous meningitis.
E.  Isoniazid prophylaxis is indicated for patients with a CD4 < 100 cells/uL.

###Answer:","B. Active TB accelerates HIV disease

**Rationale:**

- **Option A:** The statement is incorrect. The lifetime risk of developing active TB among HIV-infected individuals is significantly higher than twice that of HIV-uninfected individuals. In some reports, the risk is more than ten times higher.

- **Option B:** This statement is correct. Active TB can indeed accelerate the progression of HIV disease. This is because TB causes increased immune activation, which can further deplete CD4 cells and progress HIV infection.

- **Option C:** This statement is incorrect. In patients with pulmonary TB and a low CD4 count (<50 cells/uL), it is recommended to initiate antiretroviral therapy within 2 weeks of starting anti-TB therapy, not to delay it to 8 weeks, to reduce the risk of HIV progression and mortality.

- **Option D:** This statement is incorrect. Glucocorticoids may be used as adjunctive therapy in the management of tuberculous meningitis in HIV-infected individuals to decrease inflammation and subsequent complications.

- **Option E:** This statement is incorrect. Isoniazid prophylaxis is recommended for many HIV-infected individuals who are at risk of TB, not specifically restricted to those with CD4 counts less than 100 cells/uL. The indication is usually based on the risk of exposure to TB and TB infection testing status.

Thus, the correct answer is that active TB does indeed accelerate the progression of HIV disease, which corresponds to option B.",B,True,0.0,0.0,0.0,0.7317214,0.83223176,0.7787468
3dcd0cd51733ea411650d16faba4313dc6871875530b5871f1c2259da7f7cad7,"In HIV infection, which is TRUE?",no rationale,5,D,The p24 antigen can be detected during the eclipse period,The humoral immune response is more effective than the cell-mediated immune response in controlling the infection.,CD4 B lymphocytes and macrophages are the primary target of infection,The seroconversion window period refers to the time from infection to the time when the laboratory is able to detect HIV antibodies,The Oral HIV test demonstrates that there is some risk of transmission from oral secretions.,"###Instruction: You are a skilled doctor with years of experience in the medical field in Africa, working in a hospital setting. Your expertise spans a range of conditions from common ailments to complex diseases. As part of your commitment to ongoing medical education, you are evaluating a set of multiple choice questions (MCQs) designed for medical students. 
Carefully select the most appropriate answer based on your clinical knowledge. 
You should directly answer the question by choosing the correct option and then provide a rationale for your answer. 

###Question: In HIV infection, which is TRUE?
###Options:
A.  The p24 antigen can be detected during the eclipse period
B.  The humoral immune response is more effective than the cell-mediated immune response in controlling the infection.
C.  CD4 B lymphocytes and macrophages are the primary target of infection
D.  The seroconversion window period refers to the time from infection to the time when the laboratory is able to detect HIV antibodies
E.  The Oral HIV test demonstrates that there is some risk of transmission from oral secretions.

###Answer:","D. The seroconversion window period refers to the time from infection to the time when the laboratory is able to detect HIV antibodies.

**Rationale:** In the context of HIV infection:

- **A.** is incorrect because the p24 antigen is typically detected after the eclipse period, during the acute phase of infection, before antibodies become detectable, but not during the eclipse period. The eclipse period is the time immediately after infection when the virus is not yet detectable by current testing methods.
  
- **B.** is incorrect because the cell-mediated immune response (involving CD8+ T cells) is primarily more important than the humoral immune response (involving antibodies) in controlling HIV infection.

- **C.** is incorrect because CD4 T lymphocytes (not B lymphocytes) and macrophages, as well as dendritic cells, are the primary targets of HIV infection. 

- **E.** is misleading. The Oral HIV test evaluates the presence of antibodies to HIV in oral mucosal transudate, not the virus itself in oral secretions, and does not imply a risk of transmission from oral secretions.

Therefore, option **D** accurately describes the seroconversion window period in the context of HIV infection. During this period, it takes some time for the body to produce detectable levels of antibodies, which can lead to false-negative results if tests are conducted too early.",D,True,0.0,0.0,0.0,0.741458,0.8376982,0.78664553
0986319a5f675acc683f8cced1546210bde484c7d66676c32eada46c3691903e,"In trachoma the patient is infectious when there is: 
",no rationale,4,D,Arlt's line,Herbert's pits,Post-trachomatous concretions.,Follicles and papillae in the palpebral conjunctiva,,"###Instruction: You are a skilled doctor with years of experience in the medical field in Africa, working in a hospital setting. Your expertise spans a range of conditions from common ailments to complex diseases. As part of your commitment to ongoing medical education, you are evaluating a set of multiple choice questions (MCQs) designed for medical students. 
Carefully select the most appropriate answer based on your clinical knowledge. 
You should directly answer the question by choosing the correct option and then provide a rationale for your answer. 

###Question: In trachoma the patient is infectious when there is: 

###Options:
A.  Arlt's line
B.  Herbert's pits
C.  Post-trachomatous concretions.
D.  Follicles and papillae in the palpebral conjunctiva

###Answer:","D. Follicles and papillae in the palpebral conjunctiva

### Rationale:
Trachoma is a contagious eye infection caused by the bacterium *Chlamydia trachomatis*. The infectious stage of trachoma is characterized by active inflammation, which presents clinically as follicles and papillae on the palpebral conjunctiva. This stage is when the infection can be transmitted from person to person, typically through direct contact with eye secretions or indirectly via fomites such as towels. Arlt's line, Herbert's pits, and post-trachomatous concretions are signs of chronic or past inflammation and scarring, indicating an inactive, non-infectious stage of the disease. Therefore, option D is the correct choice, as it represents the active, infectious phase of trachoma.",D,True,0.0,0.0,0.0,0.74829674,0.8618341,0.80106246
5f44201f7f1d9e026d1dc206e1b57129344902f8320b01d081f532f99ea0dd61,CerebroSpinal Fluid is priduced at a rate of .... ml/day,no rationale,5,C,5000ml/day,200ml/day,500ml/day,300ml/day,100ml/day,"###Instruction: You are a skilled doctor with years of experience in the medical field in Africa, working in a hospital setting. Your expertise spans a range of conditions from common ailments to complex diseases. As part of your commitment to ongoing medical education, you are evaluating a set of multiple choice questions (MCQs) designed for medical students. 
Carefully select the most appropriate answer based on your clinical knowledge. 
You should directly answer the question by choosing the correct option and then provide a rationale for your answer. 

###Question: CerebroSpinal Fluid is priduced at a rate of .... ml/day
###Options:
A.  5000ml/day
B.  200ml/day
C.  500ml/day
D.  300ml/day
E.  100ml/day

###Answer:","###Answer: C. 500ml/day

###Rationale:
Cerebrospinal fluid (CSF) is produced at an approximate rate of 500 milliliters per day in a healthy adult. This production occurs primarily in the choroid plexus of the brain's ventricles. The rate of 500 ml/day is crucial for maintaining normal physiological and protective functions in the central nervous system, including cushioning the brain, serving as a medium for the transportation of nutrients and waste, and maintaining intracranial pressure. The other options either underestimate or overestimate the daily production volume of CSF.
",C,True,0.0,0.0,0.0,0.75835246,0.86389077,0.8076886
958b22c0d2babeb009d8e44b4f7825ad694f7f64e421f128f419739eb4de27ec,"Ulcerative colitis typically affects the rectum and extends proximally to involve the colon in continuity. Rarely it may extend about 1-2 cm into the terminal ileum. This is called backwash ileitis. Which part of the colon is involved when this is seen?

",no rationale,5,E,Rectum,Ascending colon,Transverse colon,Descending colon,Whole colon,"###Instruction: You are a skilled doctor with years of experience in the medical field in Africa, working in a hospital setting. Your expertise spans a range of conditions from common ailments to complex diseases. As part of your commitment to ongoing medical education, you are evaluating a set of multiple choice questions (MCQs) designed for medical students. 
Carefully select the most appropriate answer based on your clinical knowledge. 
You should directly answer the question by choosing the correct option and then provide a rationale for your answer. 

###Question: Ulcerative colitis typically affects the rectum and extends proximally to involve the colon in continuity. Rarely it may extend about 1-2 cm into the terminal ileum. This is called backwash ileitis. Which part of the colon is involved when this is seen?


###Options:
A.  Rectum
B.  Ascending colon
C.  Transverse colon
D.  Descending colon
E.  Whole colon

###Answer:","###Answer: E. Whole colon

###Rationale:

Ulcerative colitis (UC) is a chronic inflammatory bowel disease that typically starts in the rectum and can extend proximally in a continuous manner to involve parts or the entire colon. The scenario described in the question involves ""backwash ileitis,"" a condition associated with pancolitis, where inflammation affects the whole colon. When ulcerative colitis affects the entire colon, it can rarely extend into the terminal ileum, causing backwash ileitis. Thus, the entire colon is involved to manifest this condition, corresponding with option E, ""Whole colon.""",E,True,0.0,0.0,0.0,0.75480103,0.8598163,0.8038935
f23622378f9823c430c70c770af480c7805beb9bc92b7dc580366ef69df8a03e,"A 20 year old medical student presents with acute onset ascending weakness of the lower limbs. There is associated ophthalmoplegia and ataxic gait. There is a preceding upper respiratory tract infection. What is the likely diagnosis?
",no rationale,5,D,Stroke,Transverse myelitis,Poliomyelitis,Miller-Fisher syndrome,Botulism,"###Instruction: You are a skilled doctor with years of experience in the medical field in Africa, working in a hospital setting. Your expertise spans a range of conditions from common ailments to complex diseases. As part of your commitment to ongoing medical education, you are evaluating a set of multiple choice questions (MCQs) designed for medical students. 
Carefully select the most appropriate answer based on your clinical knowledge. 
You should directly answer the question by choosing the correct option and then provide a rationale for your answer. 

###Question: A 20 year old medical student presents with acute onset ascending weakness of the lower limbs. There is associated ophthalmoplegia and ataxic gait. There is a preceding upper respiratory tract infection. What is the likely diagnosis?

###Options:
A.  Stroke
B.  Transverse myelitis
C.  Poliomyelitis
D.  Miller-Fisher syndrome
E.  Botulism

###Answer:","The most appropriate answer is:

D. Miller-Fisher syndrome

**Rationale:**
The clinical presentation in this case is indicative of Miller-Fisher syndrome, which is characterized by a triad of acute onset ophthalmoplegia, ataxia, and areflexia. The patient's history of a preceding upper respiratory tract infection is also consistent with this condition, as it is often seen in Guillain-Barré syndrome and its variants, including Miller-Fisher syndrome. Ascending weakness and gait ataxia align with the peripheral neuropathy observed in this syndrome. The differentiating feature here is the presence of ophthalmoplegia, which further supports the diagnosis of Miller-Fisher syndrome over other conditions. 

- **Stroke** would not typically present with a symmetric, ascending weakness pattern and associating ophthalmoplegia.
- **Transverse myelitis** generally presents with bilateral motor, sensory, and autonomic dysfunction below the level of a spinal cord lesion, rather than the combination of symptoms listed here.
- **Poliomyelitis** involves asymmetric muscle weakness and is less likely, especially with the presence of an ophthalmoplegia.
- **Botulism** often presents with descending paralysis and would more prominently involve autonomic dysfunction initially, along with other signs inconsistent with this presentation.

Hence, Miller-Fisher syndrome is the most likely diagnosis based on the symptoms described.",D,True,0.0,0.0,0.0,0.72825325,0.85265243,0.7855584
8c3ef3a94faa9949bd008e07e4989e4aea206216815bd43800791ecc298b95f7,"A middle age man presents with acute onset ascending paralysis. He recounts that he had suffered a preceding diarrhoeal illness which he recovered from. Examination reveals flaccid weakness of both lower limbs. Which organism is most likely associated with this presentation?
",no rationale,5,C,Salmonella typhi,Clostridium tetani,Campylobacter jejuni,Streptococcus pneumoniae,Vibrio cholerae,"###Instruction: You are a skilled doctor with years of experience in the medical field in Africa, working in a hospital setting. Your expertise spans a range of conditions from common ailments to complex diseases. As part of your commitment to ongoing medical education, you are evaluating a set of multiple choice questions (MCQs) designed for medical students. 
Carefully select the most appropriate answer based on your clinical knowledge. 
You should directly answer the question by choosing the correct option and then provide a rationale for your answer. 

###Question: A middle age man presents with acute onset ascending paralysis. He recounts that he had suffered a preceding diarrhoeal illness which he recovered from. Examination reveals flaccid weakness of both lower limbs. Which organism is most likely associated with this presentation?

###Options:
A.  Salmonella typhi
B.  Clostridium tetani
C.  Campylobacter jejuni
D.  Streptococcus pneumoniae
E.  Vibrio cholerae

###Answer:","###Answer: C. Campylobacter jejuni

###Rationale:
The presentation described is suggestive of Guillain-Barré Syndrome (GBS), a condition characterized by acute onset ascending paralysis, which can often be preceded by a recent infection, commonly gastrointestinal or respiratory. Among the options given, Campylobacter jejuni is the organism most frequently associated with the development of GBS following a preceding diarrheal illness. This bacterium is a well-known trigger of GBS and is the most common antecedent bacterial infection leading to the syndrome. The other organisms listed, such as Salmonella typhi, Clostridium tetani, Streptococcus pneumoniae, and Vibrio cholerae, are not typically associated with GBS.",C,True,0.0,0.0,0.0,0.7277547,0.8550378,0.78627837
01e48d564c6aa1b77524778ae8b3c623078fd1a00386425cd1977559fca9a327,What is the mechanism of diarrhea involved in cholera?,no rationale,5,C,Osmotic,Inflammatory,Secretory,Infective,Dysmotility,"###Instruction: You are a skilled doctor with years of experience in the medical field in Africa, working in a hospital setting. Your expertise spans a range of conditions from common ailments to complex diseases. As part of your commitment to ongoing medical education, you are evaluating a set of multiple choice questions (MCQs) designed for medical students. 
Carefully select the most appropriate answer based on your clinical knowledge. 
You should directly answer the question by choosing the correct option and then provide a rationale for your answer. 

###Question: What is the mechanism of diarrhea involved in cholera?
###Options:
A.  Osmotic
B.  Inflammatory
C.  Secretory
D.  Infective
E.  Dysmotility

###Answer:","C. Secretory

**Rationale:** Cholera, caused by the bacterium Vibrio cholerae, results in severe watery diarrhea. The mechanism behind this is secretory in nature. When the cholera toxin is released by the bacteria, it binds to the intestinal epithelium, leading to the activation of adenylate cyclase. This increases intracellular cyclic AMP levels, which in turn causes chloride channels (specifically the CFTR channel) to open, leading to an efflux of chloride ions into the intestinal lumen. Sodium and water follow the chloride ions osmotically, leading to large volumes of watery diarrhea. This type of diarrhea is termed ""secretory"" due to the active secretion of electrolytes and water into the intestinal content, distinct from osmolality changes or inflammatory processes.",C,True,0.0,0.0,0.0,0.7494823,0.85402656,0.7983464
c20a294845d4d4549824fdbd4243bb2c07ac74939b2e07e89d9299670d5739cc,"Which of the following seems to be true of appendicitis  
in sub-Saharan Africa? 
",no rationale,5,D,Complicated appendicitis is less frequent than in Western countries.,A majority of patients present with the classic symptoms of vague periumbilical pain the migrates to the right lower quadrant with anorexia followed by nausea and vomiting,Patients have a shorter duration of symptoms than in  Westerncountries.,Right iliac fossa pain is the most common symptom,Appendicitis is not common in sub Saharan Africa,"###Instruction: You are a skilled doctor with years of experience in the medical field in Africa, working in a hospital setting. Your expertise spans a range of conditions from common ailments to complex diseases. As part of your commitment to ongoing medical education, you are evaluating a set of multiple choice questions (MCQs) designed for medical students. 
Carefully select the most appropriate answer based on your clinical knowledge. 
You should directly answer the question by choosing the correct option and then provide a rationale for your answer. 

###Question: Which of the following seems to be true of appendicitis  
in sub-Saharan Africa? 

###Options:
A.  Complicated appendicitis is less frequent than in Western countries.
B.  A majority of patients present with the classic symptoms of vague periumbilical pain the migrates to the right lower quadrant with anorexia followed by nausea and vomiting
C.  Patients have a shorter duration of symptoms than in  Westerncountries.
D.  Right iliac fossa pain is the most common symptom
E.  Appendicitis is not common in sub Saharan Africa

###Answer:","D. Right iliac fossa pain is the most common symptom

**Rationale:** 
Appendicitis generally presents with similar clinical features worldwide, including in sub-Saharan Africa. The most common symptom at the time of presentation is pain localized to the right iliac fossa. Although patients may initially experience vague periumbilical pain that migrates to the right lower quadrant, as mentioned in option B, not all patients present with this classic sequence. Studies indicate that, similar to other regions, right lower quadrant (or right iliac fossa) pain is a prevalent symptom. Additionally, complicated appendicitis may be more frequent in resource-limited settings due to delays in seeking care or differences in healthcare access, countering option A. Appendicitis is common enough in sub-Saharan Africa that it cannot be considered uncommon, as mentioned in option E. Thus, option D is the most accurate statement regarding the presentation of appendicitis in sub-Saharan Africa.",D,True,0.0,0.0,0.0,0.75441957,0.84426296,0.79681677
4741f6d2c08bc3f950400a20d06019e52164ac3591708a5ea0c181cbf773db8f,"A 49-year-old man is admitted to the hospital with a seizure. He does not have a history of seizures and he currently takes no medications. He has AIDS and is not under any care at this time. His physical examination is most notable for small, shoddy lymphadenopathy in the cervical region. A head CT shows a ring-enhancing lesion in the right temporal lobe, with edema but no mass effect. A lumbar puncture shows no white or red blood cells, and the Gram stain is negative. His serum Toxoplasma IgG is positive. Which of the following is the best course of action for this patient at this time?",no rationale,5,D,Biopsy of the central nervous system (CNS) lesion,Dexamethasone,Search for systemic malignancy,Treatment for CNS toxoplasmosis,Whole-brain radiation therapy,"###Instruction: You are a skilled doctor with years of experience in the medical field in Africa, working in a hospital setting. Your expertise spans a range of conditions from common ailments to complex diseases. As part of your commitment to ongoing medical education, you are evaluating a set of multiple choice questions (MCQs) designed for medical students. 
Carefully select the most appropriate answer based on your clinical knowledge. 
You should directly answer the question by choosing the correct option and then provide a rationale for your answer. 

###Question: A 49-year-old man is admitted to the hospital with a seizure. He does not have a history of seizures and he currently takes no medications. He has AIDS and is not under any care at this time. His physical examination is most notable for small, shoddy lymphadenopathy in the cervical region. A head CT shows a ring-enhancing lesion in the right temporal lobe, with edema but no mass effect. A lumbar puncture shows no white or red blood cells, and the Gram stain is negative. His serum Toxoplasma IgG is positive. Which of the following is the best course of action for this patient at this time?
###Options:
A.  Biopsy of the central nervous system (CNS) lesion
B.  Dexamethasone
C.  Search for systemic malignancy
D.  Treatment for CNS toxoplasmosis
E.  Whole-brain radiation therapy

###Answer:","D. Treatment for CNS toxoplasmosis

### Rationale:
The clinical presentation of this patient is highly suggestive of CNS toxoplasmosis, especially in the context of his AIDS diagnosis. The presence of a ring-enhancing lesion on the head CT scan, positive serum Toxoplasma IgG, and absence of cells in the cerebrospinal fluid via lumbar puncture all point towards toxoplasmosis as the most likely cause of the lesion. In individuals with AIDS, especially those not receiving antiretroviral therapy, CNS toxoplasmosis is a common opportunistic infection.

Since the scenario fits well with CNS toxoplasmosis, and given the findings are typical, the best course of action is to start empirical treatment for CNS toxoplasmosis. This typically includes pyrimethamine, sulfadiazine, and leucovorin. Empirical treatment is usually initiated without a biopsy when the clinical suspicion is high, and the imaging findings are characteristic unless the treatment fails or another diagnosis is strongly suspected.

Option A, biopsy of the CNS lesion, is generally reserved for cases where the diagnosis is uncertain or if there is no improvement with appropriate treatment.

Option B, dexamethasone, might be considered if there were significant mass effect or edema causing considerable symptoms, but the description mentions no mass effect here.

Option C, searching for systemic malignancy, and Option E, whole-brain radiation therapy, are more aligned with other potential diagnoses like primary CNS lymphoma, which is less likely when toxoplasmosis fits the clinical and serological picture so well.

Empirical treatment, based on serological and imaging findings, is the standard approach in such cases to both provide a therapeutic intervention and indirectly confirm the diagnosis by monitoring clinical and radiographic improvement.",D,True,0.011976047667539175,0.0,0.011976047667539175,0.73116106,0.8661168,0.7929377
ded9ce7bd8618664fd47e31c7da3407ce0abe27601bfbd33af580935ae6deb22,"What is the commonest cause of peptic ulcer disease in Malawi? 




",no rationale,4,B,Alcohol,H.pylori,Genetics,Idiopathic,,"###Instruction: You are a skilled doctor with years of experience in the medical field in Africa, working in a hospital setting. Your expertise spans a range of conditions from common ailments to complex diseases. As part of your commitment to ongoing medical education, you are evaluating a set of multiple choice questions (MCQs) designed for medical students. 
Carefully select the most appropriate answer based on your clinical knowledge. 
You should directly answer the question by choosing the correct option and then provide a rationale for your answer. 

###Question: What is the commonest cause of peptic ulcer disease in Malawi? 





###Options:
A.  Alcohol
B.  H.pylori
C.  Genetics
D.  Idiopathic

###Answer:","B. H.pylori

Rationale: In many parts of the world, including Malawi, Helicobacter pylori infection is the most prevalent cause of peptic ulcer disease. The bacteria's ability to disrupt the mucosal lining of the stomach and duodenum leads to ulcer formation. While other factors like alcohol consumption and genetics may contribute to peptic ulcer disease, H. pylori remains the predominant causative agent in this population, as it is a common infection in regions with lower socioeconomic status and can be easily transmitted. Therefore, option B, H. pylori, is the most appropriate answer.",B,True,0.0,0.0,0.0,0.76541394,0.8550645,0.8077594
132849fc101860a472cdaf5a1e7f86f8666ce1d30ef7e3bd7a55a162e9fddd8c,"A 28yr old man presents with two-week history of swelling of the lower extremities, face and body. He has no history of any infections and is not in any pain. Examination reveals anasarca. The nurse does a urine dipstick which reveals 3+ proteins and I+ blood. Serum albumin was low.

After doing further tests you find that he is HIV positive. What would be the likely diagnosis in this case? 




",no rationale,4,C,Nephrotic syndrome,Disseminated TB,HIV associated nephropathy,Acute kidney injury,,"###Instruction: You are a skilled doctor with years of experience in the medical field in Africa, working in a hospital setting. Your expertise spans a range of conditions from common ailments to complex diseases. As part of your commitment to ongoing medical education, you are evaluating a set of multiple choice questions (MCQs) designed for medical students. 
Carefully select the most appropriate answer based on your clinical knowledge. 
You should directly answer the question by choosing the correct option and then provide a rationale for your answer. 

###Question: A 28yr old man presents with two-week history of swelling of the lower extremities, face and body. He has no history of any infections and is not in any pain. Examination reveals anasarca. The nurse does a urine dipstick which reveals 3+ proteins and I+ blood. Serum albumin was low.

After doing further tests you find that he is HIV positive. What would be the likely diagnosis in this case? 





###Options:
A.  Nephrotic syndrome
B.  Disseminated TB
C.  HIV associated nephropathy
D.  Acute kidney injury

###Answer:","###Answer: C. HIV associated nephropathy

###Rationale:
The presentation described in the scenario is indicative of a renal condition characterized by significant proteinuria, as evidenced by the urine dipstick showing 3+ proteins, and low serum albumin levels, which is consistent with nephrotic range proteinuria. The presence of edema and anasarca further supports this. The key factor here is the patient's HIV positive status, which raises the suspicion of HIV associated nephropathy (HIVAN).

While nephrotic syndrome (Option A) describes the symptoms present, HIVAN is a specific renal condition related to HIV which can manifest as a severe form of focal segmental glomerulosclerosis (FSGS), leading to the nephrotic syndrome presentation. Thus, given the link with HIV, the most appropriate choice is Option C.

Disseminated TB (Option B) is less likely to present primarily with nephrotic syndrome findings and the history does not suggest infectious symptoms typical of TB. Acute kidney injury (Option D) would more likely present with azotemia and oliguria, and it doesn’t account for the marked proteinuria.

Hence, the correct diagnosis considering the patient's symptoms and HIV status is most likely HIV associated nephropathy.",C,True,0.0,0.0,0.0,0.73905003,0.8469894,0.7893468
6e47a2e986860ca2dada1ea7cef26992223ec47569a70cbbef52020cc1335dcd,"What is the commonest cause of pericardial effusion in low resource countries for example Malawi? 




",no rationale,4,B,Trauma,Tuberculosis,Streptococcus pneumoniae,Idiopathic,,"###Instruction: You are a skilled doctor with years of experience in the medical field in Africa, working in a hospital setting. Your expertise spans a range of conditions from common ailments to complex diseases. As part of your commitment to ongoing medical education, you are evaluating a set of multiple choice questions (MCQs) designed for medical students. 
Carefully select the most appropriate answer based on your clinical knowledge. 
You should directly answer the question by choosing the correct option and then provide a rationale for your answer. 

###Question: What is the commonest cause of pericardial effusion in low resource countries for example Malawi? 





###Options:
A.  Trauma
B.  Tuberculosis
C.  Streptococcus pneumoniae
D.  Idiopathic

###Answer:","B. Tuberculosis

Rationale: In low-resource countries, such as Malawi, where tuberculosis (TB) is prevalent due to socioeconomic factors, TB is the most common cause of pericardial effusion. Tuberculous pericarditis occurs when Mycobacterium tuberculosis infects the pericardium, leading to inflammation and accumulation of fluid in the pericardial space. This is a well-recognized complication of TB in settings where the disease is endemic and contributes significantly to morbidity. Other options like trauma, Streptococcus pneumoniae, and idiopathic causes are less common in these regions compared to TB.",B,True,0.0,0.0,0.0,0.7492933,0.8578404,0.7999012
147cc7499a656b76b65f99dd454a93025145b645bebb8757bfbf32aae3af554c,"139. A 2 year old is admitted on account of malaria. The severity of her condition is confirmed by
 ",no rationale,4,B,A.Chills and rigors,B.Blood sugar of 1.4,C.Blantyre coma score of4/5,D.Urinalysis showing blood in urine,,"###Instruction: You are a skilled doctor with years of experience in the medical field in Africa, working in a hospital setting. Your expertise spans a range of conditions from common ailments to complex diseases. As part of your commitment to ongoing medical education, you are evaluating a set of multiple choice questions (MCQs) designed for medical students. 
Carefully select the most appropriate answer based on your clinical knowledge. 
You should directly answer the question by choosing the correct option and then provide a rationale for your answer. 

###Question: 139. A 2 year old is admitted on account of malaria. The severity of her condition is confirmed by
 
###Options:
A.  A.Chills and rigors
B.  B.Blood sugar of 1.4
C.  C.Blantyre coma score of4/5
D.  D.Urinalysis showing blood in urine

###Answer:","B. Blood sugar of 1.4

Rationale: In the context of malaria, particularly in a pediatric patient, hypoglycemia (low blood sugar) is a critical indicator of severe malaria. A blood sugar level of 1.4 mmol/L is dangerously low and signifies a serious complication that requires immediate medical attention. Hypoglycemia is quite common in severe malaria, especially in children and can lead to seizures or coma if not promptly managed. 

While chills and rigors are symptoms associated with malaria, they do not directly indicate severity. The Blantyre coma score is used to assess coma depth in children, and a score of 4/5 suggests some degree of consciousness, but it's not as critical as a low blood sugar level in this context. Hemoglobinuria (blood in urine) can occur in malaria due to hemolysis, but again, hypoglycemia has more immediate and life-threatening implications in the setting of severe malaria. Therefore, option B is the most appropriate answer indicating the severity of the child's condition.",B,True,0.0,0.0,0.0,0.7501402,0.84041977,0.7927179
9c4577469311abd9d569c4b05f1fb44ec856e60f0df191a7fd5176f7ca9e5f86,"The urinary D-xylose test is used to access the integrity of the intestinal mucosa in malabsorption syndromes. Which of the following will give false positive result?
",no rationale,5,B,Myocardial infraction,Ascites,Pneumonia,Stroke,. Head Injury,"###Instruction: You are a skilled doctor with years of experience in the medical field in Africa, working in a hospital setting. Your expertise spans a range of conditions from common ailments to complex diseases. As part of your commitment to ongoing medical education, you are evaluating a set of multiple choice questions (MCQs) designed for medical students. 
Carefully select the most appropriate answer based on your clinical knowledge. 
You should directly answer the question by choosing the correct option and then provide a rationale for your answer. 

###Question: The urinary D-xylose test is used to access the integrity of the intestinal mucosa in malabsorption syndromes. Which of the following will give false positive result?

###Options:
A.  Myocardial infraction
B.  Ascites
C.  Pneumonia
D.  Stroke
E.  . Head Injury

###Answer:","B. Ascites

**Rationale:**

The D-xylose test is used to assess the integrity of the intestinal mucosa and its ability to absorb D-xylose, a simple sugar. In normal circumstances, if the intestinal mucosa is intact, D-xylose is absorbed and then excreted in the urine. A false positive result in the D-xylose test indicates that D-xylose is not properly excreted in the urine despite an intact mucosa. 

Ascites, which refers to the accumulation of fluid in the peritoneal cavity, can cause dilution of D-xylose in the bloodstream and alter kidney function due to increased intra-abdominal pressure or alterations in body fluid distribution and kidney perfusion. This can lead to reduced filtration of D-xylose in the kidneys, resulting in reduced urinary excretion and subsequently a false positive result in the D-xylose absorption test. Other conditions listed such as myocardial infarction, pneumonia, stroke, or head injury are less likely to directly affect the absorption or excretion of D-xylose like ascites does.",B,True,0.0,0.0,0.0,0.7295867,0.85643303,0.78793746
3d357da3b5eb16b5293f607f7d2b169d958d3006ff5b061547ae40a1427955fd,"40-year-old female with a history of B12 deficiency is diagnosed of pernicious anemia. Anti-parietal cell antibodies are detected on investigation.  These antibodies are directed against which of the following? 

",no rationale,5,A,"H+, K+ ATPase",Acetylcholine receptors,gastrin receptors,prostaglandin receptors,Histamine receptors.,"###Instruction: You are a skilled doctor with years of experience in the medical field in Africa, working in a hospital setting. Your expertise spans a range of conditions from common ailments to complex diseases. As part of your commitment to ongoing medical education, you are evaluating a set of multiple choice questions (MCQs) designed for medical students. 
Carefully select the most appropriate answer based on your clinical knowledge. 
You should directly answer the question by choosing the correct option and then provide a rationale for your answer. 

###Question: 40-year-old female with a history of B12 deficiency is diagnosed of pernicious anemia. Anti-parietal cell antibodies are detected on investigation.  These antibodies are directed against which of the following? 


###Options:
A.  H+, K+ ATPase
B.  Acetylcholine receptors
C.  gastrin receptors
D.  prostaglandin receptors
E.  Histamine receptors.

###Answer:","###Answer: A. H+, K+ ATPase

###Rationale:
Pernicious anemia is an autoimmune condition where the body's immune system attacks the stomach's parietal cells. The presence of anti-parietal cell antibodies is a hallmark of this condition. These antibodies primarily target the H+, K+ ATPase enzyme, which is a proton pump located in the gastric parietal cells. This results in the decreased production of intrinsic factor, which is necessary for the absorption of vitamin B12 in the ileum, leading to B12 deficiency and subsequently pernicious anemia. Therefore, the most appropriate answer is A. H+, K+ ATPase.",A,True,0.0,0.0,0.0,0.7576933,0.85806036,0.80475956
f609fc6b6aba2fdea28527c8f625cfb5de6c6264607b732f551ef4fe18aa42b9,"25-year-old on long term proton pump inhibitors presents to the OPD for 
follow up. She wants to know if she can start another medication prescribed by 
her family physician. The absorption of which of the following medications is not affected by PPIs? 
",no rationale,5,E,Iron,Digoxin,Ampicillin,Ketoconazole,None of the above,"###Instruction: You are a skilled doctor with years of experience in the medical field in Africa, working in a hospital setting. Your expertise spans a range of conditions from common ailments to complex diseases. As part of your commitment to ongoing medical education, you are evaluating a set of multiple choice questions (MCQs) designed for medical students. 
Carefully select the most appropriate answer based on your clinical knowledge. 
You should directly answer the question by choosing the correct option and then provide a rationale for your answer. 

###Question: 25-year-old on long term proton pump inhibitors presents to the OPD for 
follow up. She wants to know if she can start another medication prescribed by 
her family physician. The absorption of which of the following medications is not affected by PPIs? 

###Options:
A.  Iron
B.  Digoxin
C.  Ampicillin
D.  Ketoconazole
E.  None of the above

###Answer:","###Answer: B. Digoxin

###Rationale:
Proton pump inhibitors (PPIs) reduce stomach acid production, which can impact the absorption of medications that require an acidic environment for optimal absorption. 

- **Iron:** The absorption of non-heme iron is significantly reduced in the presence of decreased stomach acidity due to PPIs. This is because stomach acid is necessary to convert dietary iron into its absorbable form.
  
- **Ampicillin:** Although not a primary concern, PPIs can affect the absorption of certain antibiotics, including ampicillin, slightly. Reduced gastric acidity can influence how well these antibiotics are absorbed.
  
- **Ketoconazole:** This antifungal requires an acidic environment for optimal absorption. PPIs can significantly reduce the absorption of ketoconazole by raising gastric pH, making it less effective.

- **Digoxin:** The absorption of digoxin is not significantly affected by changes in gastric pH caused by PPIs. It is absorbed in the intestines, and its bioavailability is not dependent on the acidic environment in the stomach, unlike the other medications listed.

Thus, option B, Digoxin, is the correct choice as its absorption is not affected by PPIs.",B,False,0.0,0.0,0.0,0.7499573,0.8478297,0.7958959
05007fb36655f5f02b7395b4e321bddd14c43a5f972e598365294176714c4d24,H pylori is a known cause of peptic ulcer disease. Which of the following enzymes is not related to H pylori?,no rationale,5,C,Urease,Vac A,GAD,Cag A,None of the above,"###Instruction: You are a skilled doctor with years of experience in the medical field in Africa, working in a hospital setting. Your expertise spans a range of conditions from common ailments to complex diseases. As part of your commitment to ongoing medical education, you are evaluating a set of multiple choice questions (MCQs) designed for medical students. 
Carefully select the most appropriate answer based on your clinical knowledge. 
You should directly answer the question by choosing the correct option and then provide a rationale for your answer. 

###Question: H pylori is a known cause of peptic ulcer disease. Which of the following enzymes is not related to H pylori?
###Options:
A.  Urease
B.  Vac A
C.  GAD
D.  Cag A
E.  None of the above

###Answer:","C. GAD

###Rationale:
Helicobacter pylori (H. pylori) is a bacterium associated with peptic ulcer disease and certain types of gastric cancer. It is well characterized by its production of certain proteins and enzymes that contribute to its pathogenicity:

- **Urease (Option A)**: An enzyme produced by H. pylori that neutralizes stomach acid by converting urea to ammonia, aiding the bacterium’s survival in the acidic gastric environment.

- **Vac A (Option B)**: The vacuolating cytotoxin A is a protein that induces vacuole formation in gastric epithelial cells and can contribute to gastric mucosal damage.

- **Cag A (Option D)**: Cytotoxin-associated gene A, a protein associated with increased virulence, is involved in altering host cell signaling pathways.

- **GAD (Option C)**: Glutamic acid decarboxylase is not related to H. pylori. It is an enzyme that catalyzes the conversion of glutamate to gamma-aminobutyric acid (GABA) and CO2, and is typically associated with other physiological processes.

Therefore, the enzyme not related to H. pylori is GAD (Option C).",C,True,0.0,0.0,0.0,0.73052204,0.86457086,0.7919138
5a6b90f3af8699ebcf707808f68a00828b49e6cb340a8686e5736d49a853cc65," The intermediate host in the life cycle of schistosomiasis is 
",no rationale,5,A,snails,humans,fishes,dogs,none of the above,"###Instruction: You are a skilled doctor with years of experience in the medical field in Africa, working in a hospital setting. Your expertise spans a range of conditions from common ailments to complex diseases. As part of your commitment to ongoing medical education, you are evaluating a set of multiple choice questions (MCQs) designed for medical students. 
Carefully select the most appropriate answer based on your clinical knowledge. 
You should directly answer the question by choosing the correct option and then provide a rationale for your answer. 

###Question:  The intermediate host in the life cycle of schistosomiasis is 

###Options:
A.  snails
B.  humans
C.  fishes
D.  dogs
E.  none of the above

###Answer:","A. snails

**Rationale:** Schistosomiasis, also known as Bilharzia, is a parasitic disease caused by flatworms of the genus Schistosoma. The life cycle of schistosomiasis involves two hosts. The definitive host is humans, where the adult worms live in blood vessels. The intermediate host is specific types of freshwater snails. The larval form of the parasite, called miracidia, infects these snails. Inside the snails, the miracidia develop into another larval stage called cercariae, which are released back into the water and can infect humans. Thus, snails play a crucial role as intermediate hosts in the transmission and life cycle of schistosomiasis.",A,True,0.0,0.0,0.0,0.7449833,0.8619455,0.7992078
22c8ca57d40a3e38c5d921ae065b6eca049c671a90c38e268c349487c9ed6e5e,"Another name for Schistosomiasis is 
",no rationale,5,B,Malaria,Bilharzia,pthiriasis.,pediculosis,Onchocerciasis,"###Instruction: You are a skilled doctor with years of experience in the medical field in Africa, working in a hospital setting. Your expertise spans a range of conditions from common ailments to complex diseases. As part of your commitment to ongoing medical education, you are evaluating a set of multiple choice questions (MCQs) designed for medical students. 
Carefully select the most appropriate answer based on your clinical knowledge. 
You should directly answer the question by choosing the correct option and then provide a rationale for your answer. 

###Question: Another name for Schistosomiasis is 

###Options:
A.  Malaria
B.  Bilharzia
C.  pthiriasis.
D.  pediculosis
E.  Onchocerciasis

###Answer:","B. Bilharzia

### Rationale:
Schistosomiasis, also known as Bilharzia, is a disease caused by parasitic flatworms called schistosomes. It is prevalent in tropical and subtropical regions, particularly in Africa, and is associated with freshwater sources where the infective larvae of the parasite can penetrate the skin. The name ""Bilharzia"" is derived from Theodor Bilharz, the German physician who first described the disease. The other options refer to different parasitic diseases: Malaria is caused by Plasmodium species, pthiriasis is an infestation with the pubic louse, pediculosis refers to lice infestation, and Onchocerciasis is an infection by the parasitic worm Onchocerca volvulus.",B,True,0.0,0.0,0.0,0.7282949,0.875523,0.79515123
88962c9835db679fff83a47546dddb397978883044dc6776c5fa91e7dfec5e62," The pathogenicity of Mycobacterium TB is due to 
",no rationale,5,B,impaired antibody response/cell mediated response,hypersensitivity response toproducts of TB bacteria,due to expanding granuloma,due to caseous necrosis,direct host cell killing by the bacillus,"###Instruction: You are a skilled doctor with years of experience in the medical field in Africa, working in a hospital setting. Your expertise spans a range of conditions from common ailments to complex diseases. As part of your commitment to ongoing medical education, you are evaluating a set of multiple choice questions (MCQs) designed for medical students. 
Carefully select the most appropriate answer based on your clinical knowledge. 
You should directly answer the question by choosing the correct option and then provide a rationale for your answer. 

###Question:  The pathogenicity of Mycobacterium TB is due to 

###Options:
A.  impaired antibody response/cell mediated response
B.  hypersensitivity response toproducts of TB bacteria
C.  due to expanding granuloma
D.  due to caseous necrosis
E.  direct host cell killing by the bacillus

###Answer:","B. hypersensitivity response to products of TB bacteria

###Rationale:
The pathogenicity of Mycobacterium tuberculosis, the bacterium responsible for tuberculosis (TB), is largely due to the immune response to its presence rather than direct damage caused by the bacteria themselves. When the immune system recognizes components of the TB bacteria, a delayed hypersensitivity reaction, primarily a type IV hypersensitivity reaction, is triggered. This response leads to the formation of granulomas, which are collections of immune cells attempting to contain the infection. While expanding granulomas (option C) and caseous necrosis (option D) are indeed characteristics of TB infection, they are the result of the hypersensitivity response and immune reaction to the bacteria, not directly due to the bacteria itself. Direct host cell killing by the bacillus (option E) is not the primary mechanism of disease in TB. Hence, the hypersensitivity response to the products of the TB bacteria (option B) best captures the essence of the pathogenic mechanism.",B,True,0.0,0.0,0.0,0.7495884,0.8636858,0.8026024
b57e8c6d9bdd24ce1aed3716f494a669b5206624122cec5755bd31101812dae1,"George plays for one of the best football teams in Ghana. He had a tough time at training, and his coach kept shouting at him. He was upset but did not react. When he got home and his cat came rubbing itself at his feet, he angrily kicked the cat. George is employing………….




",no rationale,5,A,Displacement,Replacement,Suppression,Repression,Expression,"###Instruction: You are a skilled doctor with years of experience in the medical field in Africa, working in a hospital setting. Your expertise spans a range of conditions from common ailments to complex diseases. As part of your commitment to ongoing medical education, you are evaluating a set of multiple choice questions (MCQs) designed for medical students. 
Carefully select the most appropriate answer based on your clinical knowledge. 
You should directly answer the question by choosing the correct option and then provide a rationale for your answer. 

###Question: George plays for one of the best football teams in Ghana. He had a tough time at training, and his coach kept shouting at him. He was upset but did not react. When he got home and his cat came rubbing itself at his feet, he angrily kicked the cat. George is employing………….





###Options:
A.  Displacement
B.  Replacement
C.  Suppression
D.  Repression
E.  Expression

###Answer:","A. Displacement

**Rationale:** Displacement is a defense mechanism where an individual redirects their emotions or impulses from a threatening target to a safer substitute. In this scenario, George is upset with his coach but cannot express his anger towards him, so he redirects his anger towards his cat, which is a non-threatening object of his frustration. This behavior is characteristic of displacement, thus making option A the most appropriate answer.",A,True,0.0,0.0,0.0,0.78280556,0.84930056,0.8146985
a302f032a96a028755d6ca9a1600dabf7a12c8339f75b3d8812383db7ac7e2c8, Mycobacteria Tuberculosis,no rationale,5,C,"Are aerobic, non-spore forming , non-motile cocci",Induce type 2 hypersensitivity,Cause formation of epithelioid cell granulomas,Are killed by macrophages in primary infection,Are killed by macrophages in primary infection,"###Instruction: You are a skilled doctor with years of experience in the medical field in Africa, working in a hospital setting. Your expertise spans a range of conditions from common ailments to complex diseases. As part of your commitment to ongoing medical education, you are evaluating a set of multiple choice questions (MCQs) designed for medical students. 
Carefully select the most appropriate answer based on your clinical knowledge. 
You should directly answer the question by choosing the correct option and then provide a rationale for your answer. 

###Question:  Mycobacteria Tuberculosis
###Options:
A.  Are aerobic, non-spore forming , non-motile cocci
B.  Induce type 2 hypersensitivity
C.  Cause formation of epithelioid cell granulomas
D.  Are killed by macrophages in primary infection
E.  Are killed by macrophages in primary infection

###Answer:","###Answer: C. Cause formation of epithelioid cell granulomas

###Rationale:
Mycobacterium tuberculosis is a bacterium known to cause tuberculosis (TB). The correct answer is option C, as Mycobacterium tuberculosis causes the formation of epithelioid cell granulomas, which are a hallmark of the body's response to TB infection. These granulomas form as the immune system attempts to contain the mycobacteria and prevent its spread. In these granulomas, macrophages evolve into epithelioid cells and sometimes fuse to form multinucleated giant cells.

Option A is incorrect because Mycobacterium tuberculosis are rod-shaped bacilli, not cocci, and they are aerobic, non-spore forming, and non-motile.

Option B is incorrect because the immune response involved in tuberculosis is primarily a type IV hypersensitivity reaction (also known as delayed type hypersensitivity), not type II hypersensitivity.

Option D and E seem repetitious and are incorrect because Mycobacterium tuberculosis is not effectively killed by macrophages in primary infection; rather, the bacterium can survive and replicate within macrophages, leading to the chronic nature of TB infection.",C,True,0.0,0.0,0.0,0.73510516,0.8505138,0.7886095
39b8303819c89c045285e6c08f4480e4b83086ceb6893fa7883bf0eac05e6ca0," In Malaria 
",no rationale,5,C,Plasmodium vivax causes severa anemia,inoculated sporozoites immediately invade spleen,Parasites mature in RBCs,Plasmodium falciparum infection initially causes hepatomegaly,Cerebral Malaria is caused by parasites invading gray matter,"###Instruction: You are a skilled doctor with years of experience in the medical field in Africa, working in a hospital setting. Your expertise spans a range of conditions from common ailments to complex diseases. As part of your commitment to ongoing medical education, you are evaluating a set of multiple choice questions (MCQs) designed for medical students. 
Carefully select the most appropriate answer based on your clinical knowledge. 
You should directly answer the question by choosing the correct option and then provide a rationale for your answer. 

###Question:  In Malaria 

###Options:
A.  Plasmodium vivax causes severa anemia
B.  inoculated sporozoites immediately invade spleen
C.  Parasites mature in RBCs
D.  Plasmodium falciparum infection initially causes hepatomegaly
E.  Cerebral Malaria is caused by parasites invading gray matter

###Answer:","C. Parasites mature in RBCs

###Rationale:
In malaria, the life cycle of the parasite involves the maturation of parasites within red blood cells (RBCs). After mosquitoes inoculate sporozoites into the human host, these sporozoites travel to the liver to form schizonts, which release merozoites into the bloodstream. These merozoites then invade RBCs, where they mature and multiply, leading to the clinical manifestations of malaria, including anemia and fever. Cerebral malaria is associated with Plasmodium falciparum and involves sequestration of infected RBCs in the cerebral microvasculature, leading to neurological complications. Options A, B, D, and E do not accurately describe key processes or clinical manifestations associated with malaria.",C,True,0.0,0.0,0.0,0.74445534,0.8606502,0.798347
2a90bef548fd7d2ee2e545decff1a428c99f513d924020cb8a182c160bcbf3ae," Treatment of choice for Onchocerciasis is
",no rationale,5,E,Praziquantel,Dapsone,DEC,Doxycycline,Ivermectin,"###Instruction: You are a skilled doctor with years of experience in the medical field in Africa, working in a hospital setting. Your expertise spans a range of conditions from common ailments to complex diseases. As part of your commitment to ongoing medical education, you are evaluating a set of multiple choice questions (MCQs) designed for medical students. 
Carefully select the most appropriate answer based on your clinical knowledge. 
You should directly answer the question by choosing the correct option and then provide a rationale for your answer. 

###Question:  Treatment of choice for Onchocerciasis is

###Options:
A.  Praziquantel
B.  Dapsone
C.  DEC
D.  Doxycycline
E.  Ivermectin

###Answer:","E. Ivermectin

Rationale: Onchocerciasis, also known as river blindness, is a parasitic disease caused by the filarial worm Onchocerca volvulus. It is transmitted to humans through the bite of infected blackflies. Ivermectin is the drug of choice for the treatment of onchocerciasis. It works by paralyzing and killing the microfilariae (larvae) produced by adult worms, reducing microfilarial load in the skin and eyes. This helps decrease the symptoms associated with the disease, including severe itching and potential blindness. Ivermectin does not directly kill adult worms but helps in controlling the spread of the disease within the affected communities. Other options, such as Praziquantel, Dapsone, DEC (Diethylcarbamazine), and Doxycycline, are not primarily used for onchocerciasis. Doxycycline is sometimes used as an adjunct treatment to target Wolbachia bacteria, an endosymbiont within the adult worms, but Ivermectin remains the primary treatment choice.",E,True,0.0,0.0,0.0,0.7229122,0.8552207,0.78352016
53b99c87576eaf310573e9cac44fa44af599ea1ac56bcd5e921c165a60e7b813,"Night blindness is caused by deficiency  of 
",no rationale,5,C,vitamin b,vitamin c,vitamin a,vitamin e,vitamin d,"###Instruction: You are a skilled doctor with years of experience in the medical field in Africa, working in a hospital setting. Your expertise spans a range of conditions from common ailments to complex diseases. As part of your commitment to ongoing medical education, you are evaluating a set of multiple choice questions (MCQs) designed for medical students. 
Carefully select the most appropriate answer based on your clinical knowledge. 
You should directly answer the question by choosing the correct option and then provide a rationale for your answer. 

###Question: Night blindness is caused by deficiency  of 

###Options:
A.  vitamin b
B.  vitamin c
C.  vitamin a
D.  vitamin e
E.  vitamin d

###Answer:","C. vitamin A

### Rationale:
Night blindness, also known as nyctalopia, is primarily caused by a deficiency in vitamin A. Vitamin A is essential for the production of rhodopsin, a pigment in the retina that is crucial for vision in low-light conditions. A lack of vitamin A can lead to impaired vision in dim lighting or darkness, which is characteristic of night blindness. Other vitamins listed, such as B, C, D, and E, do not play a direct role in the development of night vision, making vitamin A the most appropriate answer.",C,True,0.0,0.0,0.0,0.7635311,0.86608994,0.8115833
835ac4e47bc6fc925ff2d7cd7af1db278fb52599ed222804e9ed99487942a4ee,"Pre-exposure prophylaxis for Rabies is given on 
",no rationale,5,E,"Day 0,3,7,14,28","days 0,3,7,28","days 0, 14","0, 7, 14, 28","0, 7, 28","###Instruction: You are a skilled doctor with years of experience in the medical field in Africa, working in a hospital setting. Your expertise spans a range of conditions from common ailments to complex diseases. As part of your commitment to ongoing medical education, you are evaluating a set of multiple choice questions (MCQs) designed for medical students. 
Carefully select the most appropriate answer based on your clinical knowledge. 
You should directly answer the question by choosing the correct option and then provide a rationale for your answer. 

###Question: Pre-exposure prophylaxis for Rabies is given on 

###Options:
A.  Day 0,3,7,14,28
B.  days 0,3,7,28
C.  days 0, 14
D.  0, 7, 14, 28
E.  0, 7, 28

###Answer:","###Answer: 
B.  days 0,3,7,28

###Rationale: 
Pre-exposure prophylaxis for rabies involves a series of rabies vaccinations given to individuals at high risk of rabies exposure. The recommended immunization schedule consists of three doses of the rabies vaccine on days 0, 7, and 21 or 28. This helps the body build immunity before any potential exposure to the virus. The option that closely matches this recommended series is B (days 0, 3, 7, 28), although the day 3 is often not included in typical schedules; hence, among the given options, B is more aligned with the correct answer considering variations in guidelines.",B,False,0.0,0.0,0.0,0.7555722,0.84953165,0.7998018
6217a071338bb5c543ee24f0d78ccb595000f71703d54226a37d29217748c085,"A 30 year old male had a gradually progressive plaque on buttocks for the last three years The plaque is 13cm in diameter, annular in shape, crusted with induration and scarring in the center. the most probable diagnosis is
",no rationale,5,D,Tinea corporis,lichen Planus,Granuloma Annulare,Borderline leprosy,Lupus vulgaris,"###Instruction: You are a skilled doctor with years of experience in the medical field in Africa, working in a hospital setting. Your expertise spans a range of conditions from common ailments to complex diseases. As part of your commitment to ongoing medical education, you are evaluating a set of multiple choice questions (MCQs) designed for medical students. 
Carefully select the most appropriate answer based on your clinical knowledge. 
You should directly answer the question by choosing the correct option and then provide a rationale for your answer. 

###Question: A 30 year old male had a gradually progressive plaque on buttocks for the last three years The plaque is 13cm in diameter, annular in shape, crusted with induration and scarring in the center. the most probable diagnosis is

###Options:
A.  Tinea corporis
B.  lichen Planus
C.  Granuloma Annulare
D.  Borderline leprosy
E.  Lupus vulgaris

###Answer:","###Answer: E. Lupus vulgaris

###Rationale:
The clinical description provided in the question fits best with lupus vulgaris, which is a form of cutaneous tuberculosis. Commonly, lupus vulgaris presents as a slowly progressive plaque, which might become crusted, ulcerated, or demonstrate central healing with scarring over time. 

- **Tinea corporis** (Option A) typically manifests as a red, scaly, itchy annular lesion with a well-defined edge, but it is less likely to be crusted, indurated, and cause scarring as described here.
  
- **Lichen Planus** (Option B) usually presents with pruritic, flat-topped, violaceous papules and plaques, primarily on wrists, shins, and oral mucosa rather than being a crusted indurated plaque with central scarring.

- **Granuloma Annulare** (Option C) is often characterized by non-scaly, skin-colored annular plaques, primarily over joints, and is unlikely to present with crusting and induration.

- **Borderline leprosy** (Option D) features hypopigmented or reddish, well-demarcated patches, usually in a hairless area, potentially with loss of sensation. Although it can show induration, it typically presents with more nerve involvement and not necessarily crusting and central scarring as described.

Thus, the presentation of a gradually progressive plaque with crusting, induration, and central scarring best fits lupus vulgaris, making option E the most probable diagnosis.",E,False,0.0,0.0,0.0,0.727461,0.8472161,0.7827848
922edca7ff11b800bf2904797947b8d3638100fdea167563e646fa158359e6fa,"40-year-old male with a history of hepatitis B presents with jaundice, ascites and irritability. 
Asterixis was positive. A diagnosis of hepatic encephalopathy was made. Which of the following is not a known cause of asterixis? 
",no rationale,5,D,Respiratory failure,Uremia,Severe Heart failure,Inflammatory bowel disease,Phenytoin therapy,"###Instruction: You are a skilled doctor with years of experience in the medical field in Africa, working in a hospital setting. Your expertise spans a range of conditions from common ailments to complex diseases. As part of your commitment to ongoing medical education, you are evaluating a set of multiple choice questions (MCQs) designed for medical students. 
Carefully select the most appropriate answer based on your clinical knowledge. 
You should directly answer the question by choosing the correct option and then provide a rationale for your answer. 

###Question: 40-year-old male with a history of hepatitis B presents with jaundice, ascites and irritability. 
Asterixis was positive. A diagnosis of hepatic encephalopathy was made. Which of the following is not a known cause of asterixis? 

###Options:
A.  Respiratory failure
B.  Uremia
C.  Severe Heart failure
D.  Inflammatory bowel disease
E.  Phenytoin therapy

###Answer:","D. Inflammatory bowel disease

**Rationale:** Asterixis, also known as ""flapping tremor,"" is most commonly associated with conditions that lead to metabolic or toxic encephalopathy. Known causes include hepatic encephalopathy (due to liver failure), uremia (resulting from kidney failure), and significant respiratory failure with CO2 retention leading to hypercapnia. Severe heart failure can also lead to asterixis due to its associated metabolic derangements and potential for hepatic and renal dysfunction. Phenytoin, a medication that can affect neurological function, has been associated with asterixis as well. Inflammatory bowel disease (IBD), on the other hand, is not a known cause of asterixis, as it primarily affects the gastrointestinal tract and does not directly result in the metabolic or encephalopathic conditions that are typically associated with asterixis.",D,True,0.0,0.0,0.0,0.7389522,0.8525456,0.791695
813a412de6c856f0aca8b383f1b8d86de7c8e7ffe85dc92e54bca28f4bbc37da,"A 15 year old boy had multiple hypopigmented macules on the trunk and limbs . All of the following tests are useful in making diagnosis of leprosy except
",no rationale,4,C,Sensation testing,Lepromin test,Slit test,Skin biopsy,,"###Instruction: You are a skilled doctor with years of experience in the medical field in Africa, working in a hospital setting. Your expertise spans a range of conditions from common ailments to complex diseases. As part of your commitment to ongoing medical education, you are evaluating a set of multiple choice questions (MCQs) designed for medical students. 
Carefully select the most appropriate answer based on your clinical knowledge. 
You should directly answer the question by choosing the correct option and then provide a rationale for your answer. 

###Question: A 15 year old boy had multiple hypopigmented macules on the trunk and limbs . All of the following tests are useful in making diagnosis of leprosy except

###Options:
A.  Sensation testing
B.  Lepromin test
C.  Slit test
D.  Skin biopsy

###Answer:","B. Lepromin test

###Rationale:
Leprosy, also known as Hansen's disease, presents with hypopigmented or erythematous skin lesions, often coupled with sensory loss. The following outlines the utility of each test:

- **Sensation testing** is crucial as leprosy often causes loss of sensation in affected skin areas, due to involvement of peripheral nerves.

- **Slit test** (slit-skin smear test) involves taking samples from the skin to directly detect the presence of Mycobacterium leprae under the microscope. It is a specific diagnostic test for leprosy.

- **Skin biopsy** allows histopathological examination that can confirm leprosy by visualizing the characteristic granulomas and leprosy bacilli.

- **Lepromin test** is more of an immune response test than a diagnostic one. It is primarily used to determine the form of leprosy and predict the prognosis but not to diagnose active leprosy. It does not offer diagnostic value and isn't useful in diagnosing leprosy as most people with leprosy, particularly those with the lepromatous form, will show a negative result.

Therefore, the correct answer is B. Lepromin test, as it is not useful in the diagnosis of leprosy.",B,False,0.0,0.0,0.0,0.74531853,0.8562677,0.79695016
40b83d93c8e78337d7c2a1c2cbe2a9339e16a22e7256a582081881e1718937b3,50-year-old male is diagnosed of liver disease after routine screening. which of the following laboratory parameters will help distinguish acute from chronic liver disease. ,no rationale,5,C,AST,Alkaline phosphatase,Albumin,Bilirubin,ALT,"###Instruction: You are a skilled doctor with years of experience in the medical field in Africa, working in a hospital setting. Your expertise spans a range of conditions from common ailments to complex diseases. As part of your commitment to ongoing medical education, you are evaluating a set of multiple choice questions (MCQs) designed for medical students. 
Carefully select the most appropriate answer based on your clinical knowledge. 
You should directly answer the question by choosing the correct option and then provide a rationale for your answer. 

###Question: 50-year-old male is diagnosed of liver disease after routine screening. which of the following laboratory parameters will help distinguish acute from chronic liver disease. 
###Options:
A.  AST
B.  Alkaline phosphatase
C.  Albumin
D.  Bilirubin
E.  ALT

###Answer:","C. Albumin

### Rationale:
Albumin is a useful laboratory parameter to distinguish between acute and chronic liver disease. In chronic liver disease, albumin levels are often low due to the liver's reduced ability to synthesize proteins over time. In acute liver disease, the albumin levels might remain normal or only slightly reduced because albumin has a long half-life (about 20 days), and changes in its levels take longer to manifest. The other options, such as AST, ALT, alkaline phosphatase, and bilirubin, can be elevated in both acute and chronic liver diseases and are not definitive for differentiation between the two types.",C,True,0.0,0.0,0.0,0.76672864,0.8724117,0.81616324
3315af0434ac1e8ec1dc155b12aabd71249693886aaf27159b3d0c52d440630a,"On examination of the oral mucosa of a 35-year-old female who presented to the ER with recurrent hemoptysis, you notice strawberry gums. This finding is pathognomonic for ",no rationale,5,A,Wegener’s granulomatosis,Acute Lymphocytic leukemia,Turners syndrome,Pulmonary embolism,Pulmonary Tuberculosis,"###Instruction: You are a skilled doctor with years of experience in the medical field in Africa, working in a hospital setting. Your expertise spans a range of conditions from common ailments to complex diseases. As part of your commitment to ongoing medical education, you are evaluating a set of multiple choice questions (MCQs) designed for medical students. 
Carefully select the most appropriate answer based on your clinical knowledge. 
You should directly answer the question by choosing the correct option and then provide a rationale for your answer. 

###Question: On examination of the oral mucosa of a 35-year-old female who presented to the ER with recurrent hemoptysis, you notice strawberry gums. This finding is pathognomonic for 
###Options:
A.  Wegener’s granulomatosis
B.  Acute Lymphocytic leukemia
C.  Turners syndrome
D.  Pulmonary embolism
E.  Pulmonary Tuberculosis

###Answer:","A. Wegener’s granulomatosis

Rationale: Strawberry gums, also known as gingival hyperplasia with a red, granular appearance, are a pathognomonic sign for Wegener’s granulomatosis, which is now commonly referred to as Granulomatosis with polyangiitis (GPA). GPA is a type of small-to-medium vessel vasculitis that often affects the respiratory tract and kidneys, leading to symptoms such as hemoptysis due to pulmonary involvement. This specific manifestation in the oral cavity is distinctive for this condition, differentiating it from the other listed options.",A,True,0.0,0.0,0.0,0.7446466,0.85250473,0.79493374
b37aaa316e256c2f8f231766ba8caecabbf7b724b8cbc49ff482a3adb02ef036,"Which of the following is a disease caused by virus?
",no rationale,5,D,Cholera,Varicella Zoster Infection,Tuberculosis,Leprosy,Yaws,"###Instruction: You are a skilled doctor with years of experience in the medical field in Africa, working in a hospital setting. Your expertise spans a range of conditions from common ailments to complex diseases. As part of your commitment to ongoing medical education, you are evaluating a set of multiple choice questions (MCQs) designed for medical students. 
Carefully select the most appropriate answer based on your clinical knowledge. 
You should directly answer the question by choosing the correct option and then provide a rationale for your answer. 

###Question: Which of the following is a disease caused by virus?

###Options:
A.  Cholera
B.  Varicella Zoster Infection
C.  Tuberculosis
D.  Leprosy
E.  Yaws

###Answer:","B. Varicella Zoster Infection

### Rationale:
Varicella Zoster Infection is a disease caused by the varicella-zoster virus (VZV), a member of the herpesvirus family. It is responsible for two distinct diseases: varicella (chickenpox) in primary infection and herpes zoster (shingles) upon reactivation of the dormant virus. 

In contrast, the other options are caused by bacteria:
- Cholera is caused by the bacterium Vibrio cholerae.
- Tuberculosis is caused by the bacterium Mycobacterium tuberculosis.
- Leprosy is caused by the bacterium Mycobacterium leprae.
- Yaws is caused by the bacterium Treponema pallidum pertenue. 

Therefore, Varicella Zoster Infection is the only condition in the list caused by a virus.",B,False,0.0,0.0,0.0,0.71664816,0.868775,0.785413
2224a12a6de2a9b31e5c7500898cb6cd1eb9b9776cea86804e90410062ff6938,"What is the primary cause of Dengue fever?
",no rationale,5,B,Bacteria,Virus,fungus,parasite,none of the above,"###Instruction: You are a skilled doctor with years of experience in the medical field in Africa, working in a hospital setting. Your expertise spans a range of conditions from common ailments to complex diseases. As part of your commitment to ongoing medical education, you are evaluating a set of multiple choice questions (MCQs) designed for medical students. 
Carefully select the most appropriate answer based on your clinical knowledge. 
You should directly answer the question by choosing the correct option and then provide a rationale for your answer. 

###Question: What is the primary cause of Dengue fever?

###Options:
A.  Bacteria
B.  Virus
C.  fungus
D.  parasite
E.  none of the above

###Answer:","B. Virus

Dengue fever is primarily caused by the dengue virus, which is a member of the Flaviviridae family. It is transmitted to humans primarily through the bite of an infected Aedes mosquito, particularly Aedes aegypti. Unlike bacteria, fungi, or parasites, the dengue virus is a viral agent and is the sole cause of dengue fever. Understanding the viral nature of dengue is crucial for appropriate diagnosis, prevention, and management strategies.",B,True,0.0,0.0,0.0,0.7521242,0.85579205,0.8006162
db9c27c650744f9bf8d345b2c5af362819bee9854c9bfa4fc08469eab67fc8af," Which virus is not an Arbovirus commonly spread by the Aedes Mosquitoes?
",no rationale,5,C,Zika virus,chikunguya virus,Lyssa virus,Dengue Virus,Yellow fever virus,"###Instruction: You are a skilled doctor with years of experience in the medical field in Africa, working in a hospital setting. Your expertise spans a range of conditions from common ailments to complex diseases. As part of your commitment to ongoing medical education, you are evaluating a set of multiple choice questions (MCQs) designed for medical students. 
Carefully select the most appropriate answer based on your clinical knowledge. 
You should directly answer the question by choosing the correct option and then provide a rationale for your answer. 

###Question:  Which virus is not an Arbovirus commonly spread by the Aedes Mosquitoes?

###Options:
A.  Zika virus
B.  chikunguya virus
C.  Lyssa virus
D.  Dengue Virus
E.  Yellow fever virus

###Answer:","C. Lyssa virus

**Rationale:** Arboviruses are a group of viruses that are primarily spread by arthropods, such as mosquitoes. The Aedes mosquitoes are known to transmit several arboviruses, including the Zika virus, chikungunya virus, dengue virus, and yellow fever virus. These are all diseases associated with tropical and subtropical regions where Aedes mosquitoes are prevalent. 

On the other hand, the Lyssa virus is not an arbovirus. It is the genus that includes the Rabies virus, which is primarily spread through the bites or saliva of infected mammals, not mosquitoes. Therefore, the Lyssa virus is not commonly spread by Aedes mosquitoes and is not considered an arbovirus, making option C the correct answer.",C,True,0.0,0.0,0.0,0.7373855,0.85425425,0.79152924
51294292fead23bd8884778dd27568cc472498c46217ff77c09e485a2dbea67e," Regarding Tetanus which is correct?
",no rationale,5,C,spasm begins in the pripheris ans spread truncal then into facial musles,Less than 1 % of tetanus can occur without a wound identified,incubation periods can be from less than 24 hours to > 1month,patients who have survived the disease confer a 10 year immunity to the disease.,Does not respond to Metronidazole,"###Instruction: You are a skilled doctor with years of experience in the medical field in Africa, working in a hospital setting. Your expertise spans a range of conditions from common ailments to complex diseases. As part of your commitment to ongoing medical education, you are evaluating a set of multiple choice questions (MCQs) designed for medical students. 
Carefully select the most appropriate answer based on your clinical knowledge. 
You should directly answer the question by choosing the correct option and then provide a rationale for your answer. 

###Question:  Regarding Tetanus which is correct?

###Options:
A.  spasm begins in the pripheris ans spread truncal then into facial musles
B.  Less than 1 % of tetanus can occur without a wound identified
C.  incubation periods can be from less than 24 hours to > 1month
D.  patients who have survived the disease confer a 10 year immunity to the disease.
E.  Does not respond to Metronidazole

###Answer:","C. incubation periods can be from less than 24 hours to > 1 month

### Rationale:
Tetanus is a serious bacterial disease caused by Clostridium tetani, characterized by muscle spasms. Regarding tetanus, the correct statement is that the incubation period can vary significantly, typically ranging from a few days (less than 24 hours) to over a month, depending on the nature of the wound, the amount of toxin produced, and the host factors. This variability makes option C the most accurate statement.

- Option A is incorrect because the spasms usually begin in the facial muscles (trismus or ""lockjaw"") before spreading to other areas.
- Option B is incorrect as it is quite common to find no apparent entry wound in some cases of tetanus.
- Option D is incorrect because surviving tetanus does not provide immunity, as the disease does not typically result in a significant enough immune response.
- Option E is incorrect since metronidazole is indeed used as an antibiotic treatment for tetanus.",C,True,0.017391304006049154,0.0,0.017391304006049154,0.7473029,0.8507601,0.79568267
1d54546e5fe67d90ed1f6316aa23c81b86dd142aa3758e96856dcbf2ff5216e4,"Regarding Malaria Life cycle which is true
",no rationale,5,D,clinical symptoms begin when the parasite sporozoites invade the hepatic parenchymal cells,P. Faciparum can remain dormant in the intrahepatic cells for months and later activate to cause clinical relapse,Pvivax and P Ovale infections can relapse due to new merozoites released uring the erythrocytic phase re-infecting the liver,Only 52% of P. Vivax are evident within a month,Quinine is the first-line drug of choice in uncomplicated p. falciparum malaria,"###Instruction: You are a skilled doctor with years of experience in the medical field in Africa, working in a hospital setting. Your expertise spans a range of conditions from common ailments to complex diseases. As part of your commitment to ongoing medical education, you are evaluating a set of multiple choice questions (MCQs) designed for medical students. 
Carefully select the most appropriate answer based on your clinical knowledge. 
You should directly answer the question by choosing the correct option and then provide a rationale for your answer. 

###Question: Regarding Malaria Life cycle which is true

###Options:
A.  clinical symptoms begin when the parasite sporozoites invade the hepatic parenchymal cells
B.  P. Faciparum can remain dormant in the intrahepatic cells for months and later activate to cause clinical relapse
C.  Pvivax and P Ovale infections can relapse due to new merozoites released uring the erythrocytic phase re-infecting the liver
D.  Only 52% of P. Vivax are evident within a month
E.  Quinine is the first-line drug of choice in uncomplicated p. falciparum malaria

###Answer:","C. P. vivax and P. ovale infections can relapse due to new merozoites released during the erythrocytic phase re-infecting the liver

###Rationale:
In the life cycle of malaria, caused by Plasmodium species, clinical symptoms typically start when the parasites, specifically merozoites, invade the red blood cells and multiply. Sporozoites are the stage that initially infect the liver cells, but it is the release of merozoites into the bloodstream that coincides with symptom onset, not the initial infection of liver cells (A is incorrect).

P. falciparum is known for causing severe malaria and does not have a dormant liver stage (hypnozoites) that cause relapse; this characteristic is unique to P. vivax and P. ovale (B is incorrect).

Relapses in P. vivax and P. ovale malaria are due to hypnozoites, dormant liver stages that can reactivate, not merozoites re-infecting the liver (C is correct).

The statement in option D does not address a specific concept about the life cycle or treatment of malaria and seems more arbitrary regarding the timing of symptom presentation (D is incorrect).

Quinine is not the first-line treatment for uncomplicated P. falciparum malaria; ACT (artemisinin-based combination therapy) is typically recommended as first-line therapy in many regions based on WHO guidelines (E is incorrect).",C,False,0.0,0.0,0.0,0.7223357,0.8453163,0.77900213
6a72431feaf11d227ba1fc18993c072dbba5869676153cf19127689b4de3cdcf,"Another name for Hansesn's Disease is 

",no rationale,5,A,Leprosy,tuberculosis,Yaws,Bubonic Plague,Lichen Planus,"###Instruction: You are a skilled doctor with years of experience in the medical field in Africa, working in a hospital setting. Your expertise spans a range of conditions from common ailments to complex diseases. As part of your commitment to ongoing medical education, you are evaluating a set of multiple choice questions (MCQs) designed for medical students. 
Carefully select the most appropriate answer based on your clinical knowledge. 
You should directly answer the question by choosing the correct option and then provide a rationale for your answer. 

###Question: Another name for Hansesn's Disease is 


###Options:
A.  Leprosy
B.  tuberculosis
C.  Yaws
D.  Bubonic Plague
E.  Lichen Planus

###Answer:","A. Leprosy

### Rationale:
Hansen's Disease is another name for Leprosy. It is a chronic infectious disease caused by the bacterium Mycobacterium leprae. The name Hansen's Disease comes from Gerhard Armauer Hansen, the Norwegian physician who discovered the bacterium in 1873. This condition primarily affects the skin and peripheral nerves, and early diagnosis and treatment are crucial to prevent long-term complications. The other options, such as tuberculosis, Yaws, Bubonic Plague, and Lichen Planus, are distinct conditions caused by different pathogens or are unrelated skin conditions.",A,True,0.0,0.0,0.0,0.75199854,0.87755,0.8099376
34d6ed31fa307890624d1c6d0c4c0675037d00966273ec15dde1980664af1cec,20-year-old footballer presented to the emergency with bright red vomitus after an alcohol binge. Mallory-Weiss syndrome is suspected. This syndrome can be caused by? ,no rationale,5,D,Vomiting,Retching,Vigorous coughing,All of the above,None of the above,"###Instruction: You are a skilled doctor with years of experience in the medical field in Africa, working in a hospital setting. Your expertise spans a range of conditions from common ailments to complex diseases. As part of your commitment to ongoing medical education, you are evaluating a set of multiple choice questions (MCQs) designed for medical students. 
Carefully select the most appropriate answer based on your clinical knowledge. 
You should directly answer the question by choosing the correct option and then provide a rationale for your answer. 

###Question: 20-year-old footballer presented to the emergency with bright red vomitus after an alcohol binge. Mallory-Weiss syndrome is suspected. This syndrome can be caused by? 
###Options:
A.  Vomiting
B.  Retching
C.  Vigorous coughing
D.  All of the above
E.  None of the above

###Answer:","###Answer: D. All of the above

###Rationale:
Mallory-Weiss syndrome is characterized by mucosal lacerations at the gastroesophageal junction, which can lead to bleeding. These tears are commonly associated with activities that increase intra-abdominal pressure. They can be precipitated by vomiting, retching, or vigorous coughing, all of which involve forceful contractions that can lead to the tearing of the mucosa in susceptible individuals. This is particularly common after an alcohol binge, as alcohol consumption can lead to both vomiting and retching. Therefore, the correct answer is ""All of the above.""",D,True,0.0,0.0,0.0,0.76046807,0.8609908,0.80761343
7af616ce6497b28467fe5444cef95063995c08ba2fa7c8823df4044da39f5841,"On examination of a 15-year-old female with downs syndrome, you notice an enlarged tongue.  Macroglossia is not found in which of the following conditions:",no rationale,5,A,Bulbar palsy,. Myxedema,Primary amyloidosis,Hurler syndrome,Multiple Myeloma,"###Instruction: You are a skilled doctor with years of experience in the medical field in Africa, working in a hospital setting. Your expertise spans a range of conditions from common ailments to complex diseases. As part of your commitment to ongoing medical education, you are evaluating a set of multiple choice questions (MCQs) designed for medical students. 
Carefully select the most appropriate answer based on your clinical knowledge. 
You should directly answer the question by choosing the correct option and then provide a rationale for your answer. 

###Question: On examination of a 15-year-old female with downs syndrome, you notice an enlarged tongue.  Macroglossia is not found in which of the following conditions:
###Options:
A.  Bulbar palsy
B.  . Myxedema
C.  Primary amyloidosis
D.  Hurler syndrome
E.  Multiple Myeloma

###Answer:","A. Bulbar palsy

### Rationale:
Macroglossia, or an enlarged tongue, is commonly associated with a variety of conditions, but it is not typically found in bulbar palsy. Here's a detailed explanation for each option:

- **B. Myxedema**: This is a condition associated with severe hypothyroidism, which is known to cause macroglossia due to the accumulation of glycosaminoglycans in the tissues.

- **C. Primary amyloidosis**: Macroglossia is a classic feature of systemic amyloidosis due to amyloid deposits in the tongue tissue.

- **D. Hurler syndrome**: This is a type of mucopolysaccharidosis, a genetic disorder that involves the buildup of glycosaminoglycans, leading to features such as macroglossia.

- **E. Multiple Myeloma**: Although not a direct cause, multiple myeloma can lead to amyloidosis as a complication, resulting in macroglossia.

- **A. Bulbar palsy**: This is a neurological condition affecting nerves in the medulla that lead to paralysis of the muscles of the jaw, throat, and tongue. It does not typically cause enlargement of the tongue (macroglossia) but might instead influence the mobility and function of the tongue.

Thus, macroglossia is not typically found in bulbar palsy.",A,True,0.0,0.0,0.0,0.7369823,0.86086106,0.79411954
49bdd7a5a5d2df21ddf903d2f9d707bd12b63877e9ee750de26f4ec0370a3593,"Tuberculosis is endemic in parts of Africa, Asia and South America. 
Which of the following is not common in primary pulmonary tuberculosis?





",no rationale,5,A,Cavity,Fibrosis,Lymphadenopathy,Pleural effusion,All of the above,"###Instruction: You are a skilled doctor with years of experience in the medical field in Africa, working in a hospital setting. Your expertise spans a range of conditions from common ailments to complex diseases. As part of your commitment to ongoing medical education, you are evaluating a set of multiple choice questions (MCQs) designed for medical students. 
Carefully select the most appropriate answer based on your clinical knowledge. 
You should directly answer the question by choosing the correct option and then provide a rationale for your answer. 

###Question: Tuberculosis is endemic in parts of Africa, Asia and South America. 
Which of the following is not common in primary pulmonary tuberculosis?






###Options:
A.  Cavity
B.  Fibrosis
C.  Lymphadenopathy
D.  Pleural effusion
E.  All of the above

###Answer:","A. Cavity

### Rationale:
Primary pulmonary tuberculosis typically presents differently compared to reactivation (secondary) tuberculosis. In primary TB, common features include lymphadenopathy, especially hilar lymphadenopathy, and sometimes pleural effusions. Fibrosis is seen as a sequela of healed TB. However, cavitary lesions are more characteristic of reactivation TB rather than primary TB. Therefore, the formation of cavities is not common in primary pulmonary tuberculosis, making option A (Cavity) the correct answer.",A,True,0.0,0.0,0.0,0.773863,0.87313807,0.82050866
ec0c6dc31c0a2eb44960af0d929cf93cc67d414d78450d904f349a8c3823a06c,"One of the important biochemistries in patients with meningitis is CSF glucose. 
CSF / serum glucose ratio of <0.4 is seen in?





",no rationale,5,D,Fungal meningitis,Tuberculous meningitis,Carcinomatous meningitis,All of the above,None of the above,"###Instruction: You are a skilled doctor with years of experience in the medical field in Africa, working in a hospital setting. Your expertise spans a range of conditions from common ailments to complex diseases. As part of your commitment to ongoing medical education, you are evaluating a set of multiple choice questions (MCQs) designed for medical students. 
Carefully select the most appropriate answer based on your clinical knowledge. 
You should directly answer the question by choosing the correct option and then provide a rationale for your answer. 

###Question: One of the important biochemistries in patients with meningitis is CSF glucose. 
CSF / serum glucose ratio of <0.4 is seen in?






###Options:
A.  Fungal meningitis
B.  Tuberculous meningitis
C.  Carcinomatous meningitis
D.  All of the above
E.  None of the above

###Answer:","###Answer: D. All of the above

###Rationale:
The cerebrospinal fluid (CSF) glucose level and the CSF/serum glucose ratio are critical parameters in diagnosing and differentiating types of meningitis. A CSF/serum glucose ratio of less than 0.4 is indicative of certain conditions:

- **Fungal meningitis (A):** It is characterized by a low CSF glucose level due to the prolonged and insidious nature of the infection, often leading to a decreased CSF/serum glucose ratio.
  
- **Tuberculous meningitis (B):** This form of meningitis typically shows a low CSF glucose level, which correlates with a decreased CSF/serum glucose ratio, often less than 0.4, due to the chronic inflammatory process.

- **Carcinomatous meningitis (C):** This condition can also present with a low CSF glucose level and a reduced CSF/serum glucose ratio because malignant cells or processes consume glucose or interfere with glucose transport.

Therefore, all three conditions listed (A, B, and C) can present with a CSF/serum glucose ratio of less than 0.4, which makes option D, ""All of the above,"" the correct choice.",D,True,0.0,0.0,0.0,0.7255529,0.8502885,0.78298396
85718642381d24c959750e7151eed545128f649f58cac48a36df64809f88bcd4," Cavitary lung lesions are seen in patients with Tuberculosis and which of the following?
",no rationale,5,B,strongyloidaisis,paragonimiasis,ascariasis,filariasis,helminthiasis,"###Instruction: You are a skilled doctor with years of experience in the medical field in Africa, working in a hospital setting. Your expertise spans a range of conditions from common ailments to complex diseases. As part of your commitment to ongoing medical education, you are evaluating a set of multiple choice questions (MCQs) designed for medical students. 
Carefully select the most appropriate answer based on your clinical knowledge. 
You should directly answer the question by choosing the correct option and then provide a rationale for your answer. 

###Question:  Cavitary lung lesions are seen in patients with Tuberculosis and which of the following?

###Options:
A.  strongyloidaisis
B.  paragonimiasis
C.  ascariasis
D.  filariasis
E.  helminthiasis

###Answer:","B. paragonimiasis

### Rationale:
Cavitary lung lesions are a finding associated with certain infectious diseases, respiratory disorders, and conditions that cause necrosis of lung tissues. Tuberculosis is well-known for causing cavitary lesions due to the necrotizing nature of the Mycobacterium tuberculosis infection in the lungs. Among the options given, paragonimiasis, which is caused by the lung fluke Paragonimus westermani, is also known to cause cystic or cavitary lesions in the lungs. This occurs due to the migration of the fluke larvae into lung tissue, leading to chronic inflammatory reactions and the formation of cavities. The other conditions listed, such as strongyloidiasis, ascariasis, filariasis, and helminthiasis, typically do not present with cavitary lung lesions.",B,True,0.0,0.0,0.0,0.74295855,0.8666237,0.8000405
d1301a96972670786724d26a2bdd828924cca4cbb9725124324751a42fdb58dd,"Yellow fever virus is an arbovirus of the flavivirus genus which is hepatotropic and is transmitted by mosquitoes, belonging to the Aedes species. Which hepatic acinus zone is most affected by this virus?
",no rationale,5,B,Zone 1,Zone 2,Zone 3,None of the above,All of the above,"###Instruction: You are a skilled doctor with years of experience in the medical field in Africa, working in a hospital setting. Your expertise spans a range of conditions from common ailments to complex diseases. As part of your commitment to ongoing medical education, you are evaluating a set of multiple choice questions (MCQs) designed for medical students. 
Carefully select the most appropriate answer based on your clinical knowledge. 
You should directly answer the question by choosing the correct option and then provide a rationale for your answer. 

###Question: Yellow fever virus is an arbovirus of the flavivirus genus which is hepatotropic and is transmitted by mosquitoes, belonging to the Aedes species. Which hepatic acinus zone is most affected by this virus?

###Options:
A.  Zone 1
B.  Zone 2
C.  Zone 3
D.  None of the above
E.  All of the above

###Answer:","###Answer:
C. Zone 3

###Rationale:
Yellow fever virus, being a hepatotropic virus, primarily affects the liver. The liver is organized into acini, and each acinus is divided into zones based on their proximity to the blood supply. Zone 3, also known as the centrilobular zone, is located around the central vein and is most susceptible to hypoxic damage and toxic injury due to its poorer access to oxygen and nutrients. In yellow fever, the virus tends to cause hepatic necrosis, predominantly affecting Zone 3, leading to significant damage in this part of the hepatic acinus. This zone also contains the highest concentration of cytochrome P450 enzymes, making it more vulnerable to toxic metabolite accumulation, contributing to the pattern of liver damage observed in yellow fever infections.",C,False,0.0,0.0,0.0,0.75473684,0.8499748,0.79952973
b464f064d2575c9b60081d7b6638939e895ae536925f079c3c0fbac6bf1dbe46,"Orbicularis Oculi paresis with lagophthalmos and an insensitive cornea frequently leads to blindness in patients with:
",no rationale,5,A,Leprosy,vitamin A deficiency,Diabetes,Trachoma,Graves Disease,"###Instruction: You are a skilled doctor with years of experience in the medical field in Africa, working in a hospital setting. Your expertise spans a range of conditions from common ailments to complex diseases. As part of your commitment to ongoing medical education, you are evaluating a set of multiple choice questions (MCQs) designed for medical students. 
Carefully select the most appropriate answer based on your clinical knowledge. 
You should directly answer the question by choosing the correct option and then provide a rationale for your answer. 

###Question: Orbicularis Oculi paresis with lagophthalmos and an insensitive cornea frequently leads to blindness in patients with:

###Options:
A.  Leprosy
B.  vitamin A deficiency
C.  Diabetes
D.  Trachoma
E.  Graves Disease

###Answer:","A. Leprosy

**Rationale:** Leprosy, also known as Hansen's disease, is caused by the bacterium Mycobacterium leprae. It primarily affects the skin, peripheral nerves, upper respiratory tract, and eyes. Damage to the facial nerves, particularly the facial nerve (cranial nerve VII), can lead to paresis of the orbicularis oculi muscle, resulting in lagophthalmos (inability to fully close the eyelids). This exposes the cornea to environmental factors and increases the risk of injury and infection, particularly since leprosy can also cause corneal insensitivity by affecting the trigeminal nerve. Without proper eyelid function and corneal sensation, there is a heightened risk for severe eye complications, including blindness, which is a recognized consequence of untreated leprosy affecting the eyes.",A,True,0.0,0.0,0.0,0.7408354,0.8585421,0.79535747
ffe649db30361ef398be1e76d866aa6843398afbd591008e6439759d55d90188," Which one of the following is characteristic of helminths that infect human beings?
",no rationale,5,A,they usually do not multiply in the host,they rarely provoke eosinophilia,they cause severe disease after infection with only a few parasites,they typically cause lifelong infections,Schistosoma is a helminth which affects humans.,"###Instruction: You are a skilled doctor with years of experience in the medical field in Africa, working in a hospital setting. Your expertise spans a range of conditions from common ailments to complex diseases. As part of your commitment to ongoing medical education, you are evaluating a set of multiple choice questions (MCQs) designed for medical students. 
Carefully select the most appropriate answer based on your clinical knowledge. 
You should directly answer the question by choosing the correct option and then provide a rationale for your answer. 

###Question:  Which one of the following is characteristic of helminths that infect human beings?

###Options:
A.  they usually do not multiply in the host
B.  they rarely provoke eosinophilia
C.  they cause severe disease after infection with only a few parasites
D.  they typically cause lifelong infections
E.  Schistosoma is a helminth which affects humans.

###Answer:","A. they usually do not multiply in the host

### Rationale:
Helminths are parasitic worms that infect human hosts. A characteristic feature of helminths is that they usually do not multiply within a host. This means that the number of adult worms within a host does not increase after the initial infection, although they may lay eggs that are released into the environment. This differentiates them from other parasites like protozoans which can multiply within the host.

Option B is incorrect because helminth infections often provoke eosinophilia, which is an increase in eosinophils, a type of white blood cell that is often seen in response to parasitic infections.

Option C is incorrect because helminth infections typically require a significant worm burden to cause severe disease. A mild infection with a few parasites is often asymptomatic or causes mild symptoms.

Option D is incorrect because while some helminths may cause long-lasting infections, they do not typically cause lifelong infections. The lifespan of the parasite in the host varies with the type of helminth.

Option E is true, as Schistosoma is indeed a helminth that infects humans. However, this option does not describe a general characteristic of all helminths. 

Therefore, the best answer that broadly applies to helminths infecting humans is ""A. they usually do not multiply in the host.""",A,True,0.0,0.0,0.0,0.7423484,0.85187304,0.7933485
6326e0657de996c89d46b3af351c9151c311b9ba963d04a02351e5e6ce5a7095,"If neither individuals nor population are treated, how long must vector control be continued to eliminate onchocerciasis from a designated region?
",no rationale,5,E,5 years,5-10 years,less than 5 years,10 years,More than 10 years,"###Instruction: You are a skilled doctor with years of experience in the medical field in Africa, working in a hospital setting. Your expertise spans a range of conditions from common ailments to complex diseases. As part of your commitment to ongoing medical education, you are evaluating a set of multiple choice questions (MCQs) designed for medical students. 
Carefully select the most appropriate answer based on your clinical knowledge. 
You should directly answer the question by choosing the correct option and then provide a rationale for your answer. 

###Question: If neither individuals nor population are treated, how long must vector control be continued to eliminate onchocerciasis from a designated region?

###Options:
A.  5 years
B.  5-10 years
C.  less than 5 years
D.  10 years
E.  More than 10 years

###Answer:","E. More than 10 years

Rationale: Onchocerciasis, also known as river blindness, is caused by the parasitic worm Onchocerca volvulus, which is transmitted to humans through the bites of infected blackflies. Vector control aims to reduce or eliminate the population of these blackflies to interrupt transmission of the disease. Without treatment of individuals in the affected population, vector control efforts need to be sustained over a prolonged period to effectively reduce transmission and to eventually eliminate the parasite lifecycle in the region. Studies and models have shown that it can take more than 10 years of continuous and effective vector control to achieve this goal, primarily due to the long lifespan and reproductive cycle of the vectors and the parasite itself in human hosts. Thus, option E, ""More than 10 years,"" is the correct answer.",E,True,0.0,0.0,0.0,0.7557518,0.8421632,0.796621
e5bdfd300c64c33c4d488fa9fc92ad0f46fe63f13a1695fd4e82444cf6c6720c," A 6month old infant presented with multiple papules and exudative lesions on the face, scalp , trunk and few vesicles on the palms and soles for 2 weeks. His mother had history of itchy lesions. The most likely diagnosis is?
",no rationale,5,A,Scabies,Stevens Johnson’s Syndrome,infantile eczema,infantile seborrheic dermatitis,impetigo contagiosa,"###Instruction: You are a skilled doctor with years of experience in the medical field in Africa, working in a hospital setting. Your expertise spans a range of conditions from common ailments to complex diseases. As part of your commitment to ongoing medical education, you are evaluating a set of multiple choice questions (MCQs) designed for medical students. 
Carefully select the most appropriate answer based on your clinical knowledge. 
You should directly answer the question by choosing the correct option and then provide a rationale for your answer. 

###Question:  A 6month old infant presented with multiple papules and exudative lesions on the face, scalp , trunk and few vesicles on the palms and soles for 2 weeks. His mother had history of itchy lesions. The most likely diagnosis is?

###Options:
A.  Scabies
B.  Stevens Johnson’s Syndrome
C.  infantile eczema
D.  infantile seborrheic dermatitis
E.  impetigo contagiosa

###Answer:","A. Scabies

Rationale: The key clinical features in this case include multiple papules and vesicular (exudative) lesions on the face, scalp, trunk, and palms and soles, accompanied by a history of the mother having itchy lesions. These symptoms are highly suggestive of scabies, which is a parasitic infestation caused by the Sarcoptes scabiei mite. It typically presents with intense pruritus (itching) and a widespread pruritic papular rash that can become vesicular. The involvement of the palms and soles, along with the itchy history in the family, further supports the diagnosis of scabies. Other options such as Stevens-Johnson syndrome, infantile eczema, seborrheic dermatitis, and impetigo contagiosa are less likely given the combination of symptoms and family history presented.",A,True,0.0,0.0,0.0,0.7428503,0.860435,0.79733086
bec97ef59336fda692080ab48427681595cbc0306a3e60c83a7408971d02e152,"
Which is not true of measles?
",no rationale,5,A,Koplick’s spots are seen a few days after the onset of rash,"The rash appears af few days after the prodrome, starting at the head an moving caudad",Unimmunized contacts should be excluded from school for 2 weeks,If greater than 72 hours immunoglobulin should be given IM,unimmunized contacts houd be given MMR within 72 hours if over 6 months of age,"###Instruction: You are a skilled doctor with years of experience in the medical field in Africa, working in a hospital setting. Your expertise spans a range of conditions from common ailments to complex diseases. As part of your commitment to ongoing medical education, you are evaluating a set of multiple choice questions (MCQs) designed for medical students. 
Carefully select the most appropriate answer based on your clinical knowledge. 
You should directly answer the question by choosing the correct option and then provide a rationale for your answer. 

###Question: 
Which is not true of measles?

###Options:
A.  Koplick’s spots are seen a few days after the onset of rash
B.  The rash appears af few days after the prodrome, starting at the head an moving caudad
C.  Unimmunized contacts should be excluded from school for 2 weeks
D.  If greater than 72 hours immunoglobulin should be given IM
E.  unimmunized contacts houd be given MMR within 72 hours if over 6 months of age

###Answer:","A.  Koplick’s spots are seen a few days after the onset of rash

### Rationale:

Koplik's spots are one of the classic clinical signs of measles and appear inside the mouth, typically on the mucosa opposite the molars. Importantly, they appear before the rash, typically during the prodromal phase of the disease, which consists of fever, cough, coryza, and conjunctivitis. Therefore, stating that Koplik's spots appear a few days after the onset of the rash is incorrect.

The other statements are true:
- B. The rash indeed appears after the prodrome, starting at the head and moving downward (caudally).
- C. Unimmunized contacts can be excluded from school to prevent the spread of the virus.
- D. Immunoglobulin can provide protection if administered after 72 hours, typically within 6 days of exposure.
- E. The MMR vaccine can be effective in preventing measles if given within 72 hours of exposure to unimmunized contacts over 6 months old.",A,True,0.0,0.0,0.0,0.75077707,0.8529687,0.79861706
ffe3259f5d6e41a60afce6213c476fce36d7d911969d1baa09e422e0dc1b92e9," Regarding HIV/AIDs
",no rationale,5,A,"shingles, seborrheic dermatitis and recurrent HSV infections are typical of early infection",A CD4 count of  1.0 x 109/L is associated with late stage AIDS,Pre and post test counselling for HIV serology is now no longer mandatory,Pneumococcus is a more likely pathogen than Tb in AIDS patient with pneumonia,Toxoplasma typically causes retinitis,"###Instruction: You are a skilled doctor with years of experience in the medical field in Africa, working in a hospital setting. Your expertise spans a range of conditions from common ailments to complex diseases. As part of your commitment to ongoing medical education, you are evaluating a set of multiple choice questions (MCQs) designed for medical students. 
Carefully select the most appropriate answer based on your clinical knowledge. 
You should directly answer the question by choosing the correct option and then provide a rationale for your answer. 

###Question:  Regarding HIV/AIDs

###Options:
A.  shingles, seborrheic dermatitis and recurrent HSV infections are typical of early infection
B.  A CD4 count of  1.0 x 109/L is associated with late stage AIDS
C.  Pre and post test counselling for HIV serology is now no longer mandatory
D.  Pneumococcus is a more likely pathogen than Tb in AIDS patient with pneumonia
E.  Toxoplasma typically causes retinitis

###Answer:","The correct answer is: A. shingles, seborrheic dermatitis and recurrent HSV infections are typical of early infection

### Rationale:
- **Option A** is correct. In the early stages of HIV infection, individuals may experience conditions such as shingles (herpes zoster), seborrheic dermatitis, and recurrent herpes simplex virus (HSV) infections. These are often among the initial opportunistic infections or dermatological manifestations noticed as the immune system begins to weaken.
  
- **Option B** is incorrect. A CD4 count of 1.0 x 10^9/L (which is equivalent to 1000 cells/mm^3) does not indicate late-stage AIDS. Late-stage AIDS is associated with a much lower CD4 count, typically below 200 cells/mm^3.

- **Option C** is incorrect. Despite changes in some guidelines globally, pre and post-test counseling remain important components of the process for HIV testing to ensure patients are supported and informed, although how this is implemented can vary by country and setting.

- **Option D** is incorrect. Tuberculosis (Tb) is a common cause of pneumonia in AIDS patients, especially in regions with high Tb prevalence like Africa. While pneumococcus can cause pneumonia in anyone, Tb is a major concern in the context of AIDS.

- **Option E** is incorrect. Toxoplasma gondii typically causes cerebral lesions and encephalitis in HIV/AIDS patients, not retinitis. Retinitis in the setting of AIDS is more commonly associated with cytomegalovirus (CMV) infection.",A,True,0.0,0.0,0.0,0.7298631,0.8480793,0.78454304
31bd68491e07082bd4700b08987133b20b70c4b4a3c8c53fdfb7990d94491bf4,"Tetanus
",no rationale,5,C,is caused by clostridium tetani endotoxin,is associated with a better prognosis if the incubation period is short,can manifest as rigidity of muscles in close proximity to the initial injury,usually presents with weakness sin the extremities which then progresses to the facial muscles,has no effect on the autonomic nervous system,"###Instruction: You are a skilled doctor with years of experience in the medical field in Africa, working in a hospital setting. Your expertise spans a range of conditions from common ailments to complex diseases. As part of your commitment to ongoing medical education, you are evaluating a set of multiple choice questions (MCQs) designed for medical students. 
Carefully select the most appropriate answer based on your clinical knowledge. 
You should directly answer the question by choosing the correct option and then provide a rationale for your answer. 

###Question: Tetanus

###Options:
A.  is caused by clostridium tetani endotoxin
B.  is associated with a better prognosis if the incubation period is short
C.  can manifest as rigidity of muscles in close proximity to the initial injury
D.  usually presents with weakness sin the extremities which then progresses to the facial muscles
E.  has no effect on the autonomic nervous system

###Answer:","C. can manifest as rigidity of muscles in close proximity to the initial injury

### Rationale:
Tetanus is caused by Clostridium tetani, which produces an exotoxin, not endotoxin, thereby eliminating option A. The disease often presents with muscle rigidity and spasms, primarily starting near the site of injury, aligning with option C. A short incubation period in tetanus is typically associated with a poorer prognosis, thus disqualifying option B. Tetanus does not normally present with weakness which progresses from the extremities to the facial muscles (option D); instead, it starts with stiffness in the jaw and neck and can progress to generalized muscle rigidity. Additionally, tetanus can indeed affect the autonomic nervous system, causing issues such as fluctuations in blood pressure and heart rate, ruling out option E. Therefore, option C is the most appropriate choice.",C,True,0.0,0.0,0.0,0.7579861,0.8684288,0.8094576
764c87979ab7dd89e8cc750e50060db3e2d025aba79a3f7d23a61b3fd067ac6d," Which of these causes of gastroenteritis usually requires treatment with antibiotics?
",no rationale,5,D,shigella,salmonella,E.coli,giardia,campylobacter,"###Instruction: You are a skilled doctor with years of experience in the medical field in Africa, working in a hospital setting. Your expertise spans a range of conditions from common ailments to complex diseases. As part of your commitment to ongoing medical education, you are evaluating a set of multiple choice questions (MCQs) designed for medical students. 
Carefully select the most appropriate answer based on your clinical knowledge. 
You should directly answer the question by choosing the correct option and then provide a rationale for your answer. 

###Question:  Which of these causes of gastroenteritis usually requires treatment with antibiotics?

###Options:
A.  shigella
B.  salmonella
C.  E.coli
D.  giardia
E.  campylobacter

###Answer:","###Answer: A. shigella

###Rationale:
Shigella is a common cause of bacillary dysentery, and it often warrants antibiotic treatment to reduce the duration and severity of symptoms, as well as to minimize the transmission. Shigella infections can lead to significant complications, and due to the severe nature of the symptoms, antibiotics like ciprofloxacin or azithromycin are frequently used for treatment.

While other pathogens like Salmonella, certain strains of E. coli, Giardia, and Campylobacter may sometimes require antibiotics, the need for antibiotic therapy is more selective and depends on specific circumstances such as the presence of severe disease, immunocompromised state, or specific strains that are likely to benefit from such treatment. For instance, non-typhoidal salmonellosis typically resolves without antibiotics, and Campylobacter is usually self-limiting. Giardia, being a protozoan, is treated with antiparasitic medication rather than traditional antibiotics.",A,False,0.0,0.0,0.0,0.7383987,0.8553017,0.7925626
e312b5cf02b2137ee76eb813be86a13d96ab4cb2d71f537663b3cd290a89e2ad,"Causes of first-trimester abortion include:
",no rationale,5,A,Malaria infection,Rubella,Syphilis,XO karyotype in the embryo,Trisomy 21 in the embryo,"###Instruction: You are a skilled doctor with years of experience in the medical field in Africa, working in a hospital setting. Your expertise spans a range of conditions from common ailments to complex diseases. As part of your commitment to ongoing medical education, you are evaluating a set of multiple choice questions (MCQs) designed for medical students. 
Carefully select the most appropriate answer based on your clinical knowledge. 
You should directly answer the question by choosing the correct option and then provide a rationale for your answer. 

###Question: Causes of first-trimester abortion include:

###Options:
A.  Malaria infection
B.  Rubella
C.  Syphilis
D.  XO karyotype in the embryo
E.  Trisomy 21 in the embryo

###Answer:","The most appropriate answer is: **D. XO karyotype in the embryo**

**Rationale:** 

First-trimester abortions, also known as early miscarriages, are often caused by chromosomal abnormalities in the embryo. An XO karyotype, also known as Turner syndrome, is a chromosomal abnormality characterized by the presence of a single X chromosome and the absence of the second sex chromosome in females. This condition is a common chromosomal cause of first-trimester miscarriages because embryos with this karyotype frequently do not develop properly.

While infections like rubella, malaria, and syphilis can impact pregnancy and potentially lead to complications, they are not the most common direct causes of first-trimester miscarriages. Trisomy 21, which causes Down syndrome, is more commonly associated with live births or miscarriages later in pregnancy rather than in the first trimester. Therefore, the XO karyotype is most commonly linked to miscarriages during the first trimester due to chromosomal anomalies.",D,False,0.0,0.0,0.0,0.74283016,0.8565843,0.795662
8f116e355de200298f969332c9f28ca528bb3a4f8076b70ff0aaa7d240a8fe43,"Which animal is least associated with rabies?
",no rationale,5,B,skunks,rabbits,red fox,bats,dogs,"###Instruction: You are a skilled doctor with years of experience in the medical field in Africa, working in a hospital setting. Your expertise spans a range of conditions from common ailments to complex diseases. As part of your commitment to ongoing medical education, you are evaluating a set of multiple choice questions (MCQs) designed for medical students. 
Carefully select the most appropriate answer based on your clinical knowledge. 
You should directly answer the question by choosing the correct option and then provide a rationale for your answer. 

###Question: Which animal is least associated with rabies?

###Options:
A.  skunks
B.  rabbits
C.  red fox
D.  bats
E.  dogs

###Answer:","B. rabbits

Rationale: Rabies is a viral disease that affects the central nervous system of mammals. It is most commonly associated with animals such as bats, skunks, foxes, and dogs, which are typical vectors of the rabies virus. Rabbits, on the other hand, are not common carriers of rabies. They have a lower propensity to acquire and spread the virus, as they do not commonly engage in the behaviors that lead to rabies transmission seen in the other animals listed. Hence, among the options provided, rabbits are the least associated with rabies.",B,True,0.0,0.0,0.0,0.77001756,0.8572987,0.81131744
78e9ffc344108ae73383ed67e3930205e109c2cdf140eeaf96a384c15b5b4299,"Which does not require post-exposure prophylaxis for rabies?
",no rationale,5,E,scratch,bite on face,bite on extremity,mucous membrane exposure to a bat,intact skin contact with blood urine or faeces of rabid animal.,"###Instruction: You are a skilled doctor with years of experience in the medical field in Africa, working in a hospital setting. Your expertise spans a range of conditions from common ailments to complex diseases. As part of your commitment to ongoing medical education, you are evaluating a set of multiple choice questions (MCQs) designed for medical students. 
Carefully select the most appropriate answer based on your clinical knowledge. 
You should directly answer the question by choosing the correct option and then provide a rationale for your answer. 

###Question: Which does not require post-exposure prophylaxis for rabies?

###Options:
A.  scratch
B.  bite on face
C.  bite on extremity
D.  mucous membrane exposure to a bat
E.  intact skin contact with blood urine or faeces of rabid animal.

###Answer:","E. intact skin contact with blood urine or faeces of rabid animal.

**Rationale:** Rabies post-exposure prophylaxis (PEP) is essential in cases where there is a risk of rabies virus transmission, which primarily occurs through bites or scratches that break the skin, or mucous membrane exposure to saliva from an infected animal. In the options provided:

- A scratch (A) can break the skin and potentially introduce the rabies virus.
- A bite on the face (B) is very concerning because of the proximity to the brain, thus warranting PEP.
- A bite on an extremity (C) also poses a significant risk as it can introduce the virus into the bloodstream.
- Mucous membrane exposure to a bat (D) is a concern due to the potential for salivary transmission of the virus.

However, intact skin contact with blood, urine, or feces of a rabid animal (E) does not pose a risk for rabies transmission, as the rabies virus is not transmitted through these bodily fluids or when the skin barrier remains intact. Therefore, post-exposure prophylaxis is not required in this situation.",E,True,0.0,0.0,0.0,0.7356109,0.8569872,0.79167384
f5bce2661c8659271c14e281ab706b3d41717bfbd9befb91ca5d899b171f68d8," Which organism is lease likely to show the characteristic periodicity of fever in malaria?
",no rationale,5,E,p. malariea,p vivax,p falciparum,p. ovale,none of them,"###Instruction: You are a skilled doctor with years of experience in the medical field in Africa, working in a hospital setting. Your expertise spans a range of conditions from common ailments to complex diseases. As part of your commitment to ongoing medical education, you are evaluating a set of multiple choice questions (MCQs) designed for medical students. 
Carefully select the most appropriate answer based on your clinical knowledge. 
You should directly answer the question by choosing the correct option and then provide a rationale for your answer. 

###Question:  Which organism is lease likely to show the characteristic periodicity of fever in malaria?

###Options:
A.  p. malariea
B.  p vivax
C.  p falciparum
D.  p. ovale
E.  none of them

###Answer:","C. p falciparum

**Rationale:** Malaria is caused by Plasmodium species, each with characteristic fever periodicity. Plasmodium malariae has a quartan fever pattern (every 72 hours), P. vivax and P. ovale typically have a tertian fever pattern (every 48 hours), showing clear periodicity. However, P. falciparum is known for its irregular fever patterns, especially in its more severe form. The fever associated with P. falciparum often lacks the classic periodicity found in the other mentioned Plasmodium species, making it the least likely to show characteristic periodicity. Therefore, P. falciparum is the correct choice for the organism least likely to exhibit characteristic periodicity.",C,False,0.0,0.0,0.0,0.73440015,0.8610301,0.79268974
04184ad0a69b2b8e41773ced8637b179d2bad4990377b0019db84bf0f836f479,"
Which statement is not true?

",no rationale,5,B,malaria is possible even if full prophylaxis is given,a maculopapular rash is characteristic and common in malaria,"vivax, ovale and malariae can all be managed as outpatients if the patient is otherwise well and healthy",hloroquine does not extinguish the dormant liver phase in vivax and ovale,splenomegaly with rupture is possible.,"###Instruction: You are a skilled doctor with years of experience in the medical field in Africa, working in a hospital setting. Your expertise spans a range of conditions from common ailments to complex diseases. As part of your commitment to ongoing medical education, you are evaluating a set of multiple choice questions (MCQs) designed for medical students. 
Carefully select the most appropriate answer based on your clinical knowledge. 
You should directly answer the question by choosing the correct option and then provide a rationale for your answer. 

###Question: 
Which statement is not true?


###Options:
A.  malaria is possible even if full prophylaxis is given
B.  a maculopapular rash is characteristic and common in malaria
C.  vivax, ovale and malariae can all be managed as outpatients if the patient is otherwise well and healthy
D.  hloroquine does not extinguish the dormant liver phase in vivax and ovale
E.  splenomegaly with rupture is possible.

###Answer:","B. a maculopapular rash is characteristic and common in malaria

**Rationale:** 

Malaria is a parasitic disease caused by Plasmodium species, and it typically presents with symptoms like fever, chills, headache, and myalgias. A maculopapular rash is not a characteristic or common feature of malaria. Instead, rashes are more typically associated with other infections or conditions, such as viral exanthems. 

The other options are accurate statements regarding malaria:

- A: Despite prophylaxis, malaria can still occur due to resistance or incomplete coverage by prophylactic drugs.
- C: Plasmodium vivax, P. ovale, and P. malariae can be managed as outpatients in otherwise healthy individuals with appropriate treatment.
- D: Chloroquine is effective against the blood stages of P. vivax and P. ovale but does not eliminate the hypnozoite (dormant liver stage); primaquine is required for radical cure.
- E: Splenomegaly is a complication of malaria, and splenic rupture can occur, especially in chronic cases.",B,True,0.0,0.0,0.0,0.73525876,0.85123944,0.7890097
c9ce88436248fa462dff506da1a70f91d4f06f46cb400825d93ab8be98a3b5c1," in which illness can hydrophobia be seen?
",no rationale,5,B,tetanus,rabies,lyme disease,EBV,HSV-1,"###Instruction: You are a skilled doctor with years of experience in the medical field in Africa, working in a hospital setting. Your expertise spans a range of conditions from common ailments to complex diseases. As part of your commitment to ongoing medical education, you are evaluating a set of multiple choice questions (MCQs) designed for medical students. 
Carefully select the most appropriate answer based on your clinical knowledge. 
You should directly answer the question by choosing the correct option and then provide a rationale for your answer. 

###Question:  in which illness can hydrophobia be seen?

###Options:
A.  tetanus
B.  rabies
C.  lyme disease
D.  EBV
E.  HSV-1

###Answer:","B. rabies

**Rationale:** Hydrophobia, or fear of water, is a classic symptom associated with rabies. This condition occurs due to spasms in the muscles of the throat when trying to drink, often triggered by the sight or sound of water. It is a result of neurological involvement by the rabies virus. None of the other listed conditions—tetanus, Lyme disease, Epstein-Barr virus (EBV), or Herpes Simplex Virus 1 (HSV-1)—typically present with hydrophobia as a symptom. Rabies is caused by the rabies virus, which primarily spreads through the bite of an infected animal and affects the central nervous system, leading to severe neurological symptoms, of which hydrophobia is a distinctive feature.",B,True,0.0,0.0,0.0,0.74641114,0.8496771,0.79470354
a4736da474c3aaf6ae6d4a1d1e37385bc5612eefebcf3e3cfb677e791598abf9,"	Which of these diseases is incorrectly matched with its vector?
",no rationale,4,D,Malaria Anopheles Mosquito,Japanese Encephalitis Aedes Aegypti,Yellow fever Aedes aegypti,Dengue fever Aedes Aegypti,,"###Instruction: You are a skilled doctor with years of experience in the medical field in Africa, working in a hospital setting. Your expertise spans a range of conditions from common ailments to complex diseases. As part of your commitment to ongoing medical education, you are evaluating a set of multiple choice questions (MCQs) designed for medical students. 
Carefully select the most appropriate answer based on your clinical knowledge. 
You should directly answer the question by choosing the correct option and then provide a rationale for your answer. 

###Question: 	Which of these diseases is incorrectly matched with its vector?

###Options:
A.  Malaria Anopheles Mosquito
B.  Japanese Encephalitis Aedes Aegypti
C.  Yellow fever Aedes aegypti
D.  Dengue fever Aedes Aegypti

###Answer:","B. Japanese Encephalitis Aedes Aegypti

**Rationale:** 

The correct vector for Japanese Encephalitis is not Aedes aegypti, but rather the Culex species of mosquitoes (most commonly Culex tritaeniorhynchus). This vector is responsible for transmitting the Japanese Encephalitis virus. In contrast, Aedes aegypti is a known vector for diseases like Yellow fever, Dengue fever, Chikungunya, and Zika virus. Therefore, option B is the incorrectly matched pair.",B,False,0.0,0.0,0.0,0.73051083,0.8547718,0.7877713
418a74e30a5c929e2dc180fb4de6e22af9ccecdcf6e8115c04eb845a1f58cd10,"	HIV in Africa:

",no rationale,5,A,Circumcision is associated with lower rates of HIV infection amongst African men,Pneumocystis pneumonia is a more common presentation of AIDS in Africa than in Europe,The provision of HIV testing kits is a priority for good case management,Infection rates are generally higher in rural populations.,Prevention of Mother-to-child transmission programs have been ineffective in disease control.,"###Instruction: You are a skilled doctor with years of experience in the medical field in Africa, working in a hospital setting. Your expertise spans a range of conditions from common ailments to complex diseases. As part of your commitment to ongoing medical education, you are evaluating a set of multiple choice questions (MCQs) designed for medical students. 
Carefully select the most appropriate answer based on your clinical knowledge. 
You should directly answer the question by choosing the correct option and then provide a rationale for your answer. 

###Question: 	HIV in Africa:


###Options:
A.  Circumcision is associated with lower rates of HIV infection amongst African men
B.  Pneumocystis pneumonia is a more common presentation of AIDS in Africa than in Europe
C.  The provision of HIV testing kits is a priority for good case management
D.  Infection rates are generally higher in rural populations.
E.  Prevention of Mother-to-child transmission programs have been ineffective in disease control.

###Answer:","The most appropriate answer is:

A. Circumcision is associated with lower rates of HIV infection amongst African men

**Rationale:**

A. Circumcision is associated with lower rates of HIV infection amongst African men - This statement is correct. Studies have shown that male circumcision reduces the risk of heterosexual men acquiring HIV infection. This practice has been promoted as part of HIV prevention strategies in several African countries.

B. Pneumocystis pneumonia is a more common presentation of AIDS in Africa than in Europe - This is incorrect. Pneumocystis pneumonia (PCP) is actually more commonly reported in developed countries, such as those in Europe, because of differences in strains, access to prophylactic treatment, and other factors.

C. The provision of HIV testing kits is a priority for good case management - While true that access to testing is vital for case management, the statement about circumcision directly addresses the question about infection rate reduction in men.

D. Infection rates are generally higher in rural populations - This is not generally correct, as HIV prevalence is often higher in urban areas due to several factors, including higher population density and mobility.

E. Prevention of Mother-to-child transmission programs have been ineffective in disease control - This is incorrect. These programs have been effective in reducing the rates of mother-to-child transmission when properly implemented. 

Therefore, option A best addresses the scenario concerning HIV infection rates among African men.",A,True,0.0,0.0,0.0,0.7417001,0.83830655,0.78704995
f401232e7eeb7eb3ccca93fa4628137f915c81e22dd645ecdee6580f323f01de,"	Praziquantel is used in the treatment of:
",no rationale,5,B,Amoebiasis,Schistosomiasis,Trypanosomiasis,Toxocariasis,Stongyloidiasis,"###Instruction: You are a skilled doctor with years of experience in the medical field in Africa, working in a hospital setting. Your expertise spans a range of conditions from common ailments to complex diseases. As part of your commitment to ongoing medical education, you are evaluating a set of multiple choice questions (MCQs) designed for medical students. 
Carefully select the most appropriate answer based on your clinical knowledge. 
You should directly answer the question by choosing the correct option and then provide a rationale for your answer. 

###Question: 	Praziquantel is used in the treatment of:

###Options:
A.  Amoebiasis
B.  Schistosomiasis
C.  Trypanosomiasis
D.  Toxocariasis
E.  Stongyloidiasis

###Answer:","B. Schistosomiasis

### Rationale:
Praziquantel is an antiparasitic medication primarily used in the treatment of parasitic worm infections such as schistosomiasis, which is caused by a group of trematodes (flukes) known as schistosomes. These parasites are prevalent in certain regions of Africa, and praziquantel is the drug of choice for treating such infections due to its effectiveness in targeting the worm's integument, leading to the parasite's paralysis and death. The other options listed correspond to infections typically treated by different medications: 

- Amoebiasis is usually treated with metronidazole.
- Trypanosomiasis (African sleeping sickness) with drugs like suramin or eflornithine.
- Toxocariasis with albendazole or mebendazole.
- Strongyloidiasis with ivermectin or albendazole. 

Thus, the most appropriate use for praziquantel in this context is for schistosomiasis.",B,True,0.0,0.0,0.0,0.7205048,0.8761419,0.79073775
9cd47ebf5b6f07da45a7bbfe154baa35f2d3c08f8ae7f434e4d99b7382d0b009,"Which of these is a recognized feature of onchocerciasis?
",no rationale,5,C,Diarrhoea,Calabar swelling,Keratitis,Multiple Cutaneous Ulcers,Ascites,"###Instruction: You are a skilled doctor with years of experience in the medical field in Africa, working in a hospital setting. Your expertise spans a range of conditions from common ailments to complex diseases. As part of your commitment to ongoing medical education, you are evaluating a set of multiple choice questions (MCQs) designed for medical students. 
Carefully select the most appropriate answer based on your clinical knowledge. 
You should directly answer the question by choosing the correct option and then provide a rationale for your answer. 

###Question: Which of these is a recognized feature of onchocerciasis?

###Options:
A.  Diarrhoea
B.  Calabar swelling
C.  Keratitis
D.  Multiple Cutaneous Ulcers
E.  Ascites

###Answer:","C. Keratitis

**Rationale:**
Onchocerciasis, also known as river blindness, is caused by the parasitic worm *Onchocerca volvulus*. It is transmitted to humans through the bite of infected blackflies, which are common near rivers and streams in certain parts of Africa and also in some areas in Latin America and Yemen. The clinical features of onchocerciasis are primarily related to skin and eye involvement. The classic features include:

- **Skin:** rash, nodules, and itching due to the immune response to the larvae.
- **Eyes:** The most serious complications are ocular, and keratitis (inflammation of the cornea) is a recognized feature. In severe cases, this can progress to vision impairment or blindness, hence the name ""river blindness.""

The other options are not characteristic of onchocerciasis:

- **A. Diarrhoea:** This is not a feature of onchocerciasis.
- **B. Calabar swelling:** This is associated with Loiasis, another filarial infection caused by *Loa loa*.
- **D. Multiple Cutaneous Ulcers:** This is not specific to onchocerciasis and is more characteristic of other conditions, such as cutaneous leishmaniasis.
- **E. Ascites:** This is generally associated with liver disease or other systemic conditions and not onchocerciasis.

Therefore, keratitis is the correct option as it is indeed a recognized feature of onchocerciasis.",C,True,0.0,0.0,0.0,0.72166306,0.8454344,0.77866095
bcc7c1305e3b2ec2356ba9e43738b58da20a4894c340d5fca16e48c1d64d0555,"21.	Yellow Fever 
",no rationale,5,A,Has an incubation period of 3-6 days,Epidemics should be controlled by strict isolation of cases,Is spread by anopheline mosquitoes,Is caused by an arbovirus,There is no vaccine for yellow fever,"###Instruction: You are a skilled doctor with years of experience in the medical field in Africa, working in a hospital setting. Your expertise spans a range of conditions from common ailments to complex diseases. As part of your commitment to ongoing medical education, you are evaluating a set of multiple choice questions (MCQs) designed for medical students. 
Carefully select the most appropriate answer based on your clinical knowledge. 
You should directly answer the question by choosing the correct option and then provide a rationale for your answer. 

###Question: 21.	Yellow Fever 

###Options:
A.  Has an incubation period of 3-6 days
B.  Epidemics should be controlled by strict isolation of cases
C.  Is spread by anopheline mosquitoes
D.  Is caused by an arbovirus
E.  There is no vaccine for yellow fever

###Answer:","D. Is caused by an arbovirus

### Rationale:
Yellow fever is a viral hemorrhagic disease caused by an arbovirus, specifically a flavivirus. Thus, option D is the most appropriate answer. Let's briefly consider each option:

A. The incubation period of yellow fever is indeed commonly around 3-6 days, but the most defining characteristic of the disease is its causative agent, the arbovirus.

B. Epidemics of yellow fever are better controlled through vector control (targeting Aedes aegypti mosquitoes, not strict isolation, which is not practical for vector-borne diseases).

C. Yellow fever is spread by Aedes mosquitoes, not anopheline mosquitoes, which are primarily vectors for malaria.

E. There actually is a very effective vaccine for yellow fever, thus making option E incorrect.

Therefore, understanding the nature of the virus as an arbovirus is critical in classifying the disease correctly.",D,False,0.0,0.0,0.0,0.7475548,0.84836674,0.79477674
5fc3d0ee215cd5d22b5c979912be56c6cf5f8576f7c4fd3843b9cd0091f42af5,"
44. Which of the following is a severe feature of P. Falciparum malaria",no rationale,4,A,metabolic acidosis,metabolic alkalosis,chronic kidney disease,hyperglycemia,,"###Instruction: You are a skilled doctor with years of experience in the medical field in Africa, working in a hospital setting. Your expertise spans a range of conditions from common ailments to complex diseases. As part of your commitment to ongoing medical education, you are evaluating a set of multiple choice questions (MCQs) designed for medical students. 
Carefully select the most appropriate answer based on your clinical knowledge. 
You should directly answer the question by choosing the correct option and then provide a rationale for your answer. 

###Question: 
44. Which of the following is a severe feature of P. Falciparum malaria
###Options:
A.  metabolic acidosis
B.  metabolic alkalosis
C.  chronic kidney disease
D.  hyperglycemia

###Answer:","A. metabolic acidosis

### Rationale: 
Plasmodium falciparum malaria is notorious for its severe and potentially life-threatening complications. One of the severe features associated with P. falciparum infection is metabolic acidosis. This condition arises due to several factors, including the high parasitic load leading to increased lactate production as a result of anaerobic glycolysis in infected erythrocytes, and the potential for kidney dysfunction which can impede acid-base homeostasis. In contrast, metabolic alkalosis and chronic kidney disease are not typically acute severe features of P. falciparum malaria, and hyperglycemia is not specifically associated with malaria complications.",A,True,0.0,0.0,0.0,0.74033415,0.86265445,0.7968273
3fb5870069b66cb4c30e4d4e7fca958bb665009773540074a3f22e2ebfe1db4e,The following may present with fever and diarrhoea except,no rationale,5,B,Malaria,Entamoeba Coli infection,Dengue,Brucellosis,Shigellosis,"###Instruction: You are a skilled doctor with years of experience in the medical field in Africa, working in a hospital setting. Your expertise spans a range of conditions from common ailments to complex diseases. As part of your commitment to ongoing medical education, you are evaluating a set of multiple choice questions (MCQs) designed for medical students. 
Carefully select the most appropriate answer based on your clinical knowledge. 
You should directly answer the question by choosing the correct option and then provide a rationale for your answer. 

###Question: The following may present with fever and diarrhoea except
###Options:
A.  Malaria
B.  Entamoeba Coli infection
C.  Dengue
D.  Brucellosis
E.  Shigellosis

###Answer:","C. Dengue

**Rationale:** Dengue typically presents with fever, headache, retro-orbital pain, muscle and joint pains, and sometimes a rash. Gastrointestinal symptoms are not a hallmark of dengue, and diarrhea is not commonly associated with it. The other options, however, can present with both fever and diarrhea:

- **Malaria:** While malaria is more commonly known for causing fever, it can also cause diarrhea as part of its gastrointestinal symptoms.
- **Entamoeba Coli infection:** This can cause gastrointestinal disturbances, including diarrhea, although it's not usually pathogenic.
- **Brucellosis:** Known to cause fever, it can also include gastrointestinal symptoms such as diarrhea.
- **Shigellosis:** This is an infection known for causing both fever and diarrhea, often with bloody stools.

Therefore, dengue is the exception in this list in terms of presenting with both fever and diarrhea.",C,False,0.0,0.0,0.0,0.74546134,0.84039545,0.79008687
53c3cf50742cdfc461f374ac9444a5974b6ecfc8dd7ff9a73d10ec6b0eee366c,The following are characterisitics of Acute Schistosomiasis,no rationale,5,B,paraparesis,eosinophilia,Convulsions,Myocarditis,hematochezia,"###Instruction: You are a skilled doctor with years of experience in the medical field in Africa, working in a hospital setting. Your expertise spans a range of conditions from common ailments to complex diseases. As part of your commitment to ongoing medical education, you are evaluating a set of multiple choice questions (MCQs) designed for medical students. 
Carefully select the most appropriate answer based on your clinical knowledge. 
You should directly answer the question by choosing the correct option and then provide a rationale for your answer. 

###Question: The following are characterisitics of Acute Schistosomiasis
###Options:
A.  paraparesis
B.  eosinophilia
C.  Convulsions
D.  Myocarditis
E.  hematochezia

###Answer:","B. eosinophilia

###Rationale:
Acute schistosomiasis, also known as Katayama syndrome, typically occurs weeks after initial exposure to schistosomiasis parasites, especially in non-immune individuals. One of the hallmark characteristics of this condition is eosinophilia, which is an elevated number of eosinophils in the blood. This increase is due to the body's immune response to the schistosome larvae (cercariae) and their antigens.

Other symptoms of acute schistosomiasis can include fever, chills, cough, and abdominal pain. However, the other options listed are not typical characteristics of acute schistosomiasis:

- **Paraparesis**: This may be associated with chronic schistosomiasis due to lesions in the spinal cord but is not characteristic of the acute phase.
- **Convulsions**: These are not commonly associated with acute schistosomiasis.
- **Myocarditis**: Schistosomiasis generally does not affect the heart muscle in its acute form.
- **Hematochezia**: This can occur in chronic intestinal schistosomiasis due to bleeding in the intestines, but it is less commonly associated with the acute stage.

Therefore, eosinophilia is the most appropriate characteristic associated with acute schistosomiasis from the options given.",B,True,0.0,0.0,0.0,0.72711474,0.8516928,0.78448874
4b3af3d03b1c4d7aefe2179f6af720b1df79a1ccc28ce50f9abbf86fb92b276d,Which of these is true about cholera,no rationale,5,A,Low gastric pH protects against infection,Cholera toxin produces its effect by reducing intracellular levels of cAMP,Fever is usual in adults,Vibrio cholera of the 01 serotype is the only cause of clinical disease.,Responds to therapy with Amoxiclav.,"###Instruction: You are a skilled doctor with years of experience in the medical field in Africa, working in a hospital setting. Your expertise spans a range of conditions from common ailments to complex diseases. As part of your commitment to ongoing medical education, you are evaluating a set of multiple choice questions (MCQs) designed for medical students. 
Carefully select the most appropriate answer based on your clinical knowledge. 
You should directly answer the question by choosing the correct option and then provide a rationale for your answer. 

###Question: Which of these is true about cholera
###Options:
A.  Low gastric pH protects against infection
B.  Cholera toxin produces its effect by reducing intracellular levels of cAMP
C.  Fever is usual in adults
D.  Vibrio cholera of the 01 serotype is the only cause of clinical disease.
E.  Responds to therapy with Amoxiclav.

###Answer:","A. Low gastric pH protects against infection

### Rationale:
Cholera is an acute diarrheal disease caused by the bacterium Vibrio cholerae. The stomach's acidic environment serves as a natural barrier to pathogens, including Vibrio cholerae. Individuals with low gastric pH (such as those on proton pump inhibitors or those with achlorhydria) are at increased risk of infection because the bacteria are more likely to survive the acidic environment and reach the intestines, where they can cause disease. 

Regarding the other options:
B. Cholera toxin actually increases intracellular levels of cAMP, not reduces, leading to the secretion of water and electrolytes into the intestinal lumen.
C. Fever is not typical in adults with cholera, with the primary symptoms being watery diarrhea and dehydration.
D. There are non-01 serogroups of Vibrio cholerae (such as serogroup O139) that also cause clinical disease, although the O1 serotype is the most common.
E. Treatment of cholera primarily involves oral rehydration salts and, in severe cases, antibiotics such as doxycycline or azithromycin, not Amoxiclav.",A,True,0.0,0.0,0.0,0.7371721,0.8544241,0.7914792
6ddbede6d74c123cf83f2e57dd3a9faed6de2fb9b4288c04595938cd98530db2,"Which of these is false, about Plasmodium Falciparum?
",no rationale,5,D,Causes more severe disease in pregnancy,Is the only malarial parasite causing greater than 20% parasitemia,Is the only cause of cerebral malaria,Is associated with recurrent relapses after initial treatment because of liver hypnozoites.,Does not have hypnozoites,"###Instruction: You are a skilled doctor with years of experience in the medical field in Africa, working in a hospital setting. Your expertise spans a range of conditions from common ailments to complex diseases. As part of your commitment to ongoing medical education, you are evaluating a set of multiple choice questions (MCQs) designed for medical students. 
Carefully select the most appropriate answer based on your clinical knowledge. 
You should directly answer the question by choosing the correct option and then provide a rationale for your answer. 

###Question: Which of these is false, about Plasmodium Falciparum?

###Options:
A.  Causes more severe disease in pregnancy
B.  Is the only malarial parasite causing greater than 20% parasitemia
C.  Is the only cause of cerebral malaria
D.  Is associated with recurrent relapses after initial treatment because of liver hypnozoites.
E.  Does not have hypnozoites

###Answer:","D. Is associated with recurrent relapses after initial treatment because of liver hypnozoites.

###Rationale:
Plasmodium falciparum is one of the species that causes malaria, and it is known for causing severe disease, particularly in pregnant women, due to its propensity to induce anemia and other complications. It can also result in high levels of parasitemia, often above 20%, and is a major cause of cerebral malaria. However, Plasmodium falciparum does not have hypnozoites, which are dormant liver stages responsible for relapses. Hypnozoites are characteristic of Plasmodium vivax and Plasmodium ovale, not Plasmodium falciparum. Therefore, option D is false because Plasmodium falciparum does not cause recurrent relapses due to hypnozoites.",D,True,0.0,0.0,0.0,0.7310335,0.86720717,0.7933192
9cfbc16b3ecb167ccdb7cb3c248e0840b0e1f6097d7497ee740061da7807c72a,Mosquitoes are the vectors in the following disorders,no rationale,5,D,Onchocerciasis,Visceral leishmaniasis,Myiasis,Brancoftian filariasis,Sporotrichosis,"###Instruction: You are a skilled doctor with years of experience in the medical field in Africa, working in a hospital setting. Your expertise spans a range of conditions from common ailments to complex diseases. As part of your commitment to ongoing medical education, you are evaluating a set of multiple choice questions (MCQs) designed for medical students. 
Carefully select the most appropriate answer based on your clinical knowledge. 
You should directly answer the question by choosing the correct option and then provide a rationale for your answer. 

###Question: Mosquitoes are the vectors in the following disorders
###Options:
A.  Onchocerciasis
B.  Visceral leishmaniasis
C.  Myiasis
D.  Brancoftian filariasis
E.  Sporotrichosis

###Answer:","D. Brancoftian filariasis

Rationale: Mosquitoes are known to be the vectors for several diseases, including filariasis. Bancroftian filariasis, also known as lymphatic filariasis, is caused by the parasite Wuchereria bancrofti, which is transmitted to humans through the bite of an infected mosquito. The other options are not associated with mosquito vectors: Onchocerciasis is transmitted by blackflies, visceral leishmaniasis by sandflies, myiasis involves infestation by fly larvae in tissue, and sporotrichosis is a fungal infection unrelated to mosquitoes.",D,True,0.0,0.0,0.0,0.74337626,0.8622023,0.79839224
c5a6929fd711d73efd1ece723e1e652c2cb643e713fced10f427f6e1dc5ef5e2,Giardia Lamblia…,no rationale,5,B,is usually acquired by ingestion of food and water contaminated by the trophozoites,Can effectively be treated using mepacrine,Cysts survive in water boiled for ten minutes,Trophozoites have four flagella,Is a fluke,"###Instruction: You are a skilled doctor with years of experience in the medical field in Africa, working in a hospital setting. Your expertise spans a range of conditions from common ailments to complex diseases. As part of your commitment to ongoing medical education, you are evaluating a set of multiple choice questions (MCQs) designed for medical students. 
Carefully select the most appropriate answer based on your clinical knowledge. 
You should directly answer the question by choosing the correct option and then provide a rationale for your answer. 

###Question: Giardia Lamblia…
###Options:
A.  is usually acquired by ingestion of food and water contaminated by the trophozoites
B.  Can effectively be treated using mepacrine
C.  Cysts survive in water boiled for ten minutes
D.  Trophozoites have four flagella
E.  Is a fluke

###Answer:","B. Can effectively be treated using mepacrine

**Rationale**: Giardia lamblia, also known as Giardia intestinalis, is a protozoan parasite that causes giardiasis, a common cause of gastrointestinal infection. Let's evaluate each option:

A. Giardia is usually acquired by ingestion of food and water contaminated by the cysts, not the trophozoites. The cyst form is the one that survives in external environments and is infectious.

B. Mepacrine, also known as quinacrine, is one of the medications that can be used to effectively treat giardiasis. Other commonly used treatments include metronidazole and tinidazole.

C. Giardia cysts are destroyed by boiling water. Boiling water for even one minute is typically sufficient to kill Giardia cysts, making them non-viable. Hence, they would not survive boiling for ten minutes.

D. The trophozoites have multiple flagella, but they actually have eight, not four.

E. Giardia lamblia is not a fluke. Flukes are flatworms, while Giardia is a flagellated protozoan.

Therefore, the correct answer is B as mepacrine is an effective treatment option for giardiasis.",B,True,0.0,0.0,0.0,0.73642397,0.84268606,0.78597975
cb31620ff245cb30e19ec9f2de442c3bc256237b5708d7cb7ef58b506e834dc7,The following are recognized causes of eosinophilia except,no rationale,5,A,Malaria,Drug hypersensitivity,Visceral larva migrans,Visceral leishmaniasis,Schistosomiasis,"###Instruction: You are a skilled doctor with years of experience in the medical field in Africa, working in a hospital setting. Your expertise spans a range of conditions from common ailments to complex diseases. As part of your commitment to ongoing medical education, you are evaluating a set of multiple choice questions (MCQs) designed for medical students. 
Carefully select the most appropriate answer based on your clinical knowledge. 
You should directly answer the question by choosing the correct option and then provide a rationale for your answer. 

###Question: The following are recognized causes of eosinophilia except
###Options:
A.  Malaria
B.  Drug hypersensitivity
C.  Visceral larva migrans
D.  Visceral leishmaniasis
E.  Schistosomiasis

###Answer:","**D. Visceral leishmaniasis**

**Rationale:** Eosinophilia is an elevated level of eosinophils in the blood, usually seen in response to allergic reactions, parasitic infections, and certain medications. The conditions listed each have affiliations with causing eosinophilia, except for visceral leishmaniasis.

- **Malaria (A):** While primarily causing elevated monocytes and lymphocytes, some parasitic infections can elevate eosinophil levels, although not typically malaria.
  
- **Drug hypersensitivity (B):** This is a well-known cause of eosinophilia due to the immune response it elicits.

- **Visceral larva migrans (C):** This condition involves the migration of parasitic larvae through various tissues, commonly triggering a marked eosinophilic response.

- **Schistosomiasis (E):** A parasitic disease that triggers a strong immune response, including eosinophilia, due to the presence of the parasite.

On the other hand, **visceral leishmaniasis (D)**, a disease caused by the Leishmania species, typically does not cause eosinophilia. Instead, it is more commonly associated with pancytopenia (a reduction in red blood cells, white blood cells, and platelets), due in part to its impact on the bone marrow and spleen. Therefore, visceral leishmaniasis is the most appropriate choice for the cause of eosinophilia that is excluded.",D,False,0.0,0.0,0.0,0.7215614,0.8501431,0.78059256
5ee13427d5f664e1a1f025d3dbae4f47a7e2ce857af2b0775030002f294ec135,Cholera can be treated with,no rationale,5,A,Doxycyline,Penicillin,Phlocodeine,Dextromethorphan,Chlorpheniramine,"###Instruction: You are a skilled doctor with years of experience in the medical field in Africa, working in a hospital setting. Your expertise spans a range of conditions from common ailments to complex diseases. As part of your commitment to ongoing medical education, you are evaluating a set of multiple choice questions (MCQs) designed for medical students. 
Carefully select the most appropriate answer based on your clinical knowledge. 
You should directly answer the question by choosing the correct option and then provide a rationale for your answer. 

###Question: Cholera can be treated with
###Options:
A.  Doxycyline
B.  Penicillin
C.  Phlocodeine
D.  Dextromethorphan
E.  Chlorpheniramine

###Answer:","A. Doxycyline

Doxycycline is the correct answer because it is an antibiotic that is commonly used in the treatment of cholera, particularly in adults. Cholera is an acute diarrheal illness caused by Vibrio cholerae, and while the primary treatment is rehydration, antibiotics like doxycycline are used to reduce the duration of diarrhea and the volume of rehydration fluids required. Options B, C, D, and E are not suitable for treating cholera as they do not possess the antibacterial properties needed to tackle the Vibrio cholerae bacteria. Penicillin is generally used for treating bacterial infections but not specifically effective against cholera. Phlocodeine, dextromethorphan, and chlorpheniramine are not relevant to cholera treatment as they are used for other therapeutic purposes such as cough suppression and allergy symptom alleviation, respectively.",A,True,0.0,0.0,0.0,0.7368305,0.8201791,0.77627397
454e407cfd95800031785f19ca9d239cf66044583777b3f6246d30e00b120457,Tuberculosis can be treated by,no rationale,5,D,"4months of Isoniazid and Rifampicin; 2 months of ethambutol, Isoniazid, rifampicin and pyrazinamide","2months of Isoniazide, Rifampicin, ethambutol and Pyrazinemide; 4 months of Ethambutol and pyrazinamide","2months of Pyrazinemide , ethambutol; 4 months of Rifampicine, ISoniazied  and pyrazinamide","2 months of Rifampicin, Isoniazide, Pyrazinemide and Ethambutol; 4 months of Rifampicin and Isoniazide.",". 4 months of Rifampicin , Ethambutol 4 months of Isoniazid, pyrazinamide, ethambutol and rifampicin.","###Instruction: You are a skilled doctor with years of experience in the medical field in Africa, working in a hospital setting. Your expertise spans a range of conditions from common ailments to complex diseases. As part of your commitment to ongoing medical education, you are evaluating a set of multiple choice questions (MCQs) designed for medical students. 
Carefully select the most appropriate answer based on your clinical knowledge. 
You should directly answer the question by choosing the correct option and then provide a rationale for your answer. 

###Question: Tuberculosis can be treated by
###Options:
A.  4months of Isoniazid and Rifampicin; 2 months of ethambutol, Isoniazid, rifampicin and pyrazinamide
B.  2months of Isoniazide, Rifampicin, ethambutol and Pyrazinemide; 4 months of Ethambutol and pyrazinamide
C.  2months of Pyrazinemide , ethambutol; 4 months of Rifampicine, ISoniazied  and pyrazinamide
D.  2 months of Rifampicin, Isoniazide, Pyrazinemide and Ethambutol; 4 months of Rifampicin and Isoniazide.
E.  . 4 months of Rifampicin , Ethambutol 4 months of Isoniazid, pyrazinamide, ethambutol and rifampicin.

###Answer:","D. 2 months of Rifampicin, Isoniazide, Pyrazinamide, and Ethambutol; 4 months of Rifampicin and Isoniazide.

**Rationale:** The standard treatment regimen for active pulmonary tuberculosis in adults, also known as the ""RIPE"" regimen, consists of an initial intensive phase followed by a continuation phase. The intensive phase includes 2 months (8 weeks) of four first-line drugs: Rifampicin, Isoniazid, Pyrazinamide, and Ethambutol. This is followed by a continuation phase of 4 months (16 weeks) with Rifampicin and Isoniazid. This regimen has been shown to effectively treat tuberculosis while minimizing the risk of drug resistance when adhered to properly. This approach aligns with international guidelines, such as those from the World Health Organization.",D,True,0.0,0.0,0.0,0.72527903,0.8643209,0.788719
e7d6c62d3cd2455962af9c8cf7684b3af5a876d6d7505cd24e9fc4589cf64430,"Tuberculosis can be treated by
a. 4months of Isoniazid and Rifampicin; 2 months of ethambutol, Isoniazid, rifampicin and pyrazinamide
b. 2months of Isoniazide, Rifampicin, ethambutol and Pyrazinemide; 4 months of Ethambutol and pyrazinamide
c. 2months of Pyrazinemide , ethambutol; 4 months of Rifampicine, ISoniazied  and pyrazinamide
d. 2 months of Rifampicin, Isoniazide, Pyrazinemide and Ethambutol; 4 months of Rifampicin and Isoniazide.
e. 4 months of Rifampicin , Ethambutol 4 months of Isoniazid, pyrazinamide, ethambutol and rifampicin.
 ",no rationale,5,D,"4months of Isoniazid and Rifampicin; 2 months of ethambutol, Isoniazid, rifampicin and pyrazinamide","2months of Isoniazide, Rifampicin, ethambutol and Pyrazinemide; 4 months of Ethambutol and pyrazinamide","2months of Pyrazinemide , ethambutol; 4 months of Rifampicine, ISoniazied  and pyrazinamide","2 months of Rifampicin, Isoniazide, Pyrazinemide and Ethambutol; 4 months of Rifampicin and Isoniazide.","4 months of Rifampicin , Ethambutol 4 months of Isoniazid, pyrazinamide, ethambutol and rifampicin.","###Instruction: You are a skilled doctor with years of experience in the medical field in Africa, working in a hospital setting. Your expertise spans a range of conditions from common ailments to complex diseases. As part of your commitment to ongoing medical education, you are evaluating a set of multiple choice questions (MCQs) designed for medical students. 
Carefully select the most appropriate answer based on your clinical knowledge. 
You should directly answer the question by choosing the correct option and then provide a rationale for your answer. 

###Question: Tuberculosis can be treated by
a. 4months of Isoniazid and Rifampicin; 2 months of ethambutol, Isoniazid, rifampicin and pyrazinamide
b. 2months of Isoniazide, Rifampicin, ethambutol and Pyrazinemide; 4 months of Ethambutol and pyrazinamide
c. 2months of Pyrazinemide , ethambutol; 4 months of Rifampicine, ISoniazied  and pyrazinamide
d. 2 months of Rifampicin, Isoniazide, Pyrazinemide and Ethambutol; 4 months of Rifampicin and Isoniazide.
e. 4 months of Rifampicin , Ethambutol 4 months of Isoniazid, pyrazinamide, ethambutol and rifampicin.
 
###Options:
A.  4months of Isoniazid and Rifampicin; 2 months of ethambutol, Isoniazid, rifampicin and pyrazinamide
B.  2months of Isoniazide, Rifampicin, ethambutol and Pyrazinemide; 4 months of Ethambutol and pyrazinamide
C.  2months of Pyrazinemide , ethambutol; 4 months of Rifampicine, ISoniazied  and pyrazinamide
D.  2 months of Rifampicin, Isoniazide, Pyrazinemide and Ethambutol; 4 months of Rifampicin and Isoniazide.
E.  4 months of Rifampicin , Ethambutol 4 months of Isoniazid, pyrazinamide, ethambutol and rifampicin.

###Answer:","D. 2 months of Rifampicin, Isoniazide, Pyrazinamide, and Ethambutol; 4 months of Rifampicin and Isoniazide.

### Rationale:
The standard treatment for pulmonary tuberculosis (TB) in new cases, known as the ""short-course regimen,"" lasts for 6 months. It consists of an initial intensive phase and a continuation phase:

1. **Intensive Phase (First 2 months):** The patient is treated with four drugs: Isoniazid, Rifampicin, Pyrazinamide, and Ethambutol. This combination is aimed at rapidly reducing the mycobacterial load and preventing the development of drug resistance.

2. **Continuation Phase (Next 4 months):** Following the intensive phase, treatment continues with Isoniazid and Rifampicin for 4 months. This phase is crucial to prevent relapse and eradicate any remaining bacteria.

Option D accurately represents this standard treatment regimen:
- 2 months of Rifampicin, Isoniazide, Pyrazinamide, and Ethambutol;
- 4 months of Rifampicin and Isoniazide.

The other options listed do not align with the recommended standard treatment for TB, due to incorrect drug combinations or durations.",D,True,0.0,0.0,0.0,0.7149655,0.8644469,0.78263247
e411c7881d25834ee9c47788ea2eb9335cd7568a2e12af46a671f19f47de472c,"Cholera can be treated with
a. Doxycyline
b. Penicillin
c. Phlocodeine
d. Dextromethorphan
e. Chlorpheniramine
 ",no rationale,5,A,Doxycycline,Penicillin,Phlocodiene,Dextromethorphan,Chlorpheneramine,"###Instruction: You are a skilled doctor with years of experience in the medical field in Africa, working in a hospital setting. Your expertise spans a range of conditions from common ailments to complex diseases. As part of your commitment to ongoing medical education, you are evaluating a set of multiple choice questions (MCQs) designed for medical students. 
Carefully select the most appropriate answer based on your clinical knowledge. 
You should directly answer the question by choosing the correct option and then provide a rationale for your answer. 

###Question: Cholera can be treated with
a. Doxycyline
b. Penicillin
c. Phlocodeine
d. Dextromethorphan
e. Chlorpheniramine
 
###Options:
A.  Doxycycline
B.  Penicillin
C.  Phlocodiene
D.  Dextromethorphan
E.  Chlorpheneramine

###Answer:","A. Doxycycline

### Rationale:
Cholera is an acute diarrheal disease caused by the bacterium *Vibrio cholerae*, leading to severe dehydration and electrolyte imbalance. The primary treatment for cholera is rehydration (either oral or intravenous) to replace lost fluids and electrolytes. Antibiotics can be used to reduce the volume and duration of diarrhea in severe cases and help stop the transmission of the infection in outbreaks.

Doxycycline, a broad-spectrum tetracycline antibiotic, is effective against *Vibrio cholerae* and is often used as a first-line treatment in adults to shorten the duration of diarrhea and hasten recovery. It is commonly chosen because it is generally well-tolerated and can be administered as a single dose, which is practical during outbreaks and in resource-limited settings.

The other options listed are not appropriate treatments for cholera: 
- Penicillin is not effective against *Vibrio cholerae*.
- Phlocodiene and Dextromethorphan are cough suppressants and have no role in treating bacterial infections.
- Chlorpheniramine is an antihistamine used for allergic conditions, not for bacterial infections.

Thus, the correct and most appropriate choice for treating cholera among the given options is Doxycycline.",A,True,0.017391304006049154,0.0,0.017391304006049154,0.7291515,0.8742379,0.7951305
40b04bd76088363571fd7ed416a059850d36c3156207f9227170323d160c2445,What is the commonest cause of chronic liver disease in Sub-Saharan Africa? ,"Chronic hepatitis B, C, and D infections are the most common causes of chronic liver disease in Sub-Saharan Africa",5,C,Paracetamol Overdose,Alcohol Related Liver disease,Hepatitis B,Autoimmune liver disease,Hepatitis C,"###Instruction: You are a skilled doctor with years of experience in the medical field in Africa, working in a hospital setting. Your expertise spans a range of conditions from common ailments to complex diseases. As part of your commitment to ongoing medical education, you are evaluating a set of multiple choice questions (MCQs) designed for medical students. 
Carefully select the most appropriate answer based on your clinical knowledge. 
You should directly answer the question by choosing the correct option and then provide a rationale for your answer. 

###Question: What is the commonest cause of chronic liver disease in Sub-Saharan Africa? 
###Options:
A.  Paracetamol Overdose
B.  Alcohol Related Liver disease
C.  Hepatitis B
D.  Autoimmune liver disease
E.  Hepatitis C

###Answer:","C. Hepatitis B

**Rationale:** Hepatitis B is the most common cause of chronic liver disease in Sub-Saharan Africa. The region has a high prevalence of Hepatitis B infection, transmitted primarily through perinatal exposure, horizontal transmission among children, and unsafe medical practices. Chronic Hepatitis B infection is a significant public health issue in the region due to its association with serious complications such as cirrhosis and hepatocellular carcinoma. Although alcohol-related liver disease, and Hepatitis C also contribute to chronic liver disease, their prevalence is lower in this specific geographical setting. Paracetamol overdose is a common cause of acute liver failure, not chronic liver disease, and autoimmune liver disease is relatively rare in comparison to viral hepatitis.",C,True,0.2736842073263158,0.13333333078333337,0.25263157574736844,0.8400266,0.92176926,0.8790016
715998dfc18075111356f440cb97fdde74778080b068cd8f9d6c0e2db0ced9b7,"Concerning HIV in Africa

","HIV is associated with a large number of sexual partners, a history of sexually transmitted disease or genital ulcers, prostitution and retention of foreskin (i.e. circumcision protects). However, HIV is so prevalent that identification of risk groups is of limited importance in terms of allocation of resources.",5,A,Circumcision is associated with lower rates of HIV infection amongst African men,Infection rates are generally higher in rural populations,Pneumocystis pneumonia is a more common presentation of AIDS than in Europe,The provision of HIV testing kits is a priority for good case management,Pulmonary tuberculosis is often associated with HIV infection,"###Instruction: You are a skilled doctor with years of experience in the medical field in Africa, working in a hospital setting. Your expertise spans a range of conditions from common ailments to complex diseases. As part of your commitment to ongoing medical education, you are evaluating a set of multiple choice questions (MCQs) designed for medical students. 
Carefully select the most appropriate answer based on your clinical knowledge. 
You should directly answer the question by choosing the correct option and then provide a rationale for your answer. 

###Question: Concerning HIV in Africa


###Options:
A.  Circumcision is associated with lower rates of HIV infection amongst African men
B.  Infection rates are generally higher in rural populations
C.  Pneumocystis pneumonia is a more common presentation of AIDS than in Europe
D.  The provision of HIV testing kits is a priority for good case management
E.  Pulmonary tuberculosis is often associated with HIV infection

###Answer:","A. Circumcision is associated with lower rates of HIV infection amongst African men

### Rationale:
Circumcision has been shown to reduce the risk of heterosexual men acquiring HIV by approximately 60% in sub-Saharan Africa. Several clinical trials conducted in Africa have provided evidence that male circumcision is an effective intervention for the reduction of HIV transmission. This is because the inner foreskin of the penis is susceptible to HIV infection. Thus, circumcision removes this tissue, thereby reducing an individual's risk of acquiring HIV. This answer is supported by strong epidemiological evidence and is considered a significant public health strategy in HIV prevention in African settings.",A,True,0.21818181365950423,0.027397255957966528,0.18181817729586788,0.8344587,0.8472596,0.84081036
c342cc06904f335e9e957f7b316fa582bc5ee864b05f2013dda0b01179e221db,"Concerning African trypanosomiasis
",Treatment of Gambian form is with pentamidine and is dependent on CNS involvement ,5,E,it has an incubation period of 4-6 months,it may cause erythema chronicum migrans in light skinned persons,the Gambian form progresses more rapidly,the Gambian form is associated with a more prominent chancre,the Gambian form can be treated with pentamidine,"###Instruction: You are a skilled doctor with years of experience in the medical field in Africa, working in a hospital setting. Your expertise spans a range of conditions from common ailments to complex diseases. As part of your commitment to ongoing medical education, you are evaluating a set of multiple choice questions (MCQs) designed for medical students. 
Carefully select the most appropriate answer based on your clinical knowledge. 
You should directly answer the question by choosing the correct option and then provide a rationale for your answer. 

###Question: Concerning African trypanosomiasis

###Options:
A.  it has an incubation period of 4-6 months
B.  it may cause erythema chronicum migrans in light skinned persons
C.  the Gambian form progresses more rapidly
D.  the Gambian form is associated with a more prominent chancre
E.  the Gambian form can be treated with pentamidine

###Answer:","E. the Gambian form can be treated with pentamidine

**Rationale:** African trypanosomiasis, also known as sleeping sickness, is caused by protozoan parasites of the genus Trypanosoma and transmitted by tsetse flies. There are two main forms: the West African (Gambian) form caused by Trypanosoma brucei gambiense, and the East African (Rhodesian) form caused by Trypanosoma brucei rhodesiense. 

- Option A is incorrect because the incubation period of African trypanosomiasis is generally shorter and can vary widely, often from days to a few weeks, but rarely as long as 4-6 months.
- Option B is incorrect as erythema chronicum migrans is associated with Lyme disease, not African trypanosomiasis.
- Option C is incorrect because the East African (Rhodesian) form is the one that progresses more rapidly, not the Gambian form.
- Option D is incorrect as chancres are more common and prominent with the East African form, not the Gambian form.
- Option E is correct because pentamidine is used to treat the Gambian form of sleeping sickness, especially in the early stages of the disease before CNS involvement.

Therefore, the most accurate answer is E.",E,True,0.16216216023374724,0.04878048644854257,0.16216216023374724,0.763779,0.87002176,0.813446
03905375f23fcdbf704053df35e70f593e2d38df3a0f6c08df8033bfc875a317,What is the commonest cause of intestinal obstruction in Nigeria? ,External stangulated inguinal hernias are known to be the commonest cause of intestinal obstruction in developing countries. Post operative adhesions are more commonly implicated in developed countries. ,5,B,Acute appendicitis,Stangulated inguinal hernia,intussusception,Post-operative adhesions,Gall bladder stone,"###Instruction: You are a skilled doctor with years of experience in the medical field in Africa, working in a hospital setting. Your expertise spans a range of conditions from common ailments to complex diseases. As part of your commitment to ongoing medical education, you are evaluating a set of multiple choice questions (MCQs) designed for medical students. 
Carefully select the most appropriate answer based on your clinical knowledge. 
You should directly answer the question by choosing the correct option and then provide a rationale for your answer. 

###Question: What is the commonest cause of intestinal obstruction in Nigeria? 
###Options:
A.  Acute appendicitis
B.  Stangulated inguinal hernia
C.  intussusception
D.  Post-operative adhesions
E.  Gall bladder stone

###Answer:","B. Stangulated inguinal hernia

### Rationale:
In Nigeria and many other parts of sub-Saharan Africa, strangulated inguinal hernia is recognized as the most common cause of intestinal obstruction. This is largely due to the higher prevalence of conditions and activities that contribute to hernia formation, as well as the limited access to early surgical intervention in many regions. While post-operative adhesions are a common cause of intestinal obstruction in Western countries, the pattern differs in Nigeria where surgical services may not be as widely available. Intussusception, acute appendicitis, and gall bladder stones can also cause intestinal obstruction but are less common compared to strangulated inguinal hernia in this context.",B,True,0.2244897921178676,0.07936507599773257,0.20408162885256148,0.8483327,0.90945756,0.8778323
8ce9354c450b0bc6cf8ae6f2ead4da016ca255d43a43370bd8695fd79791f49c,"Acute haemorrhagic conjunctivitis, also known in Nigeria as Apollo, is caused by:",no rationale,5,B,a.	Enterovirus 70,b.	Adenovirus,c.	Herpesvirus,d.	Coxsackie A24,e.	Reovirus,"###Instruction: You are a skilled doctor with years of experience in the medical field in Africa, working in a hospital setting. Your expertise spans a range of conditions from common ailments to complex diseases. As part of your commitment to ongoing medical education, you are evaluating a set of multiple choice questions (MCQs) designed for medical students. 
Carefully select the most appropriate answer based on your clinical knowledge. 
You should directly answer the question by choosing the correct option and then provide a rationale for your answer. 

###Question: Acute haemorrhagic conjunctivitis, also known in Nigeria as Apollo, is caused by:
###Options:
A.  a.	Enterovirus 70
B.  b.	Adenovirus
C.  c.	Herpesvirus
D.  d.	Coxsackie A24
E.  e.	Reovirus

###Answer:","A. Enterovirus 70

### Rationale:
Acute hemorrhagic conjunctivitis (AHC), often referred to as ""Apollo"" in Nigeria due to the time it first appeared during the Apollo 11 moon landing, is primarily caused by enteroviruses. The two main viral culprits of AHC are Enterovirus 70 and Coxsackie A24, but Enterovirus 70 is the most noted etiological agent for this condition globally. While Coxsackie A24 can also cause it, Enterovirus 70 was the first identified pathogen responsible for AHC outbreaks, particularly noted in the West African region, including Nigeria. Adenovirus and Herpesvirus are responsible for other types of conjunctivitis but not typically acute hemorrhagic conjunctivitis. Reovirus is not associated with this condition.",A,False,0.0,0.0,0.0,0.74198097,0.87156236,0.80156845
ec9ced0db7bf043846d7db8ef032e78cec064bb605ed19de0f7c452ed760b43a,The following are arthropod-borne haemorrhagic fevers in Nigeria:,no rationale,5,C,a.	Lassa fever,b.	Ebola virus disease,c.	Dengue haemorrhagic fever,d.	Marburg haemorrhagic fever,e.	Yellow fever,"###Instruction: You are a skilled doctor with years of experience in the medical field in Africa, working in a hospital setting. Your expertise spans a range of conditions from common ailments to complex diseases. As part of your commitment to ongoing medical education, you are evaluating a set of multiple choice questions (MCQs) designed for medical students. 
Carefully select the most appropriate answer based on your clinical knowledge. 
You should directly answer the question by choosing the correct option and then provide a rationale for your answer. 

###Question: The following are arthropod-borne haemorrhagic fevers in Nigeria:
###Options:
A.  a.	Lassa fever
B.  b.	Ebola virus disease
C.  c.	Dengue haemorrhagic fever
D.  d.	Marburg haemorrhagic fever
E.  e.	Yellow fever

###Answer:","E. e. Yellow fever

Rationale: Arthropod-borne diseases are those transmitted by arthropods such as mosquitoes, ticks, and other insects. Among the listed options, Yellow fever is caused by a virus transmitted primarily by Aedes and Haemagogus species mosquitoes, making it an arthropod-borne disease. Lassa fever, Ebola virus disease, and Marburg haemorrhagic fever are hemorrhagic fevers but are not transmitted by arthropods; they are primarily transmitted through contact with infected body fluids or, in the case of Lassa fever, through contact with materials contaminated with excreta of infected rodents. Dengue haemorrhagic fever is caused by the dengue virus, which is also spread by Aedes mosquitoes, making it another example of an arthropod-borne disease. However, it is less commonly associated with outbreaks in Nigeria compared to Yellow fever. Therefore, among the options given, Yellow fever is the most commonly relevant and appropriate answer in the context of arthropod-borne haemorrhagic fevers in Nigeria.",E,False,0.0,0.0,0.0,0.73181903,0.8566747,0.78934
2ce9611e571c17ea6e0031f609dc8a458ee4ed2b5c51af1affc2311a360b5a6e,"Which of the following statements is NOT True in the treatment for typhoid perforation?
 

 
",no rationale,5,C,Perforation occurring in the first week of typhoid fever has a better prognosis as the patient’s nutritional and immunological status is better,Treatment involves vigorous resuscitation with intravenous  fluids and antibiotics in an intensive care unit,Chloramphenicol is the drug of choice,"Several surgical options can be carried out, depending on the condition of the patient, the site and number of perforations and the amount of peritoneal soiling","The skin and subcutaneous tissue are often kept open for delayed closure, as wound infection inevitably happens, leading to wound dehiscence","###Instruction: You are a skilled doctor with years of experience in the medical field in Africa, working in a hospital setting. Your expertise spans a range of conditions from common ailments to complex diseases. As part of your commitment to ongoing medical education, you are evaluating a set of multiple choice questions (MCQs) designed for medical students. 
Carefully select the most appropriate answer based on your clinical knowledge. 
You should directly answer the question by choosing the correct option and then provide a rationale for your answer. 

###Question: Which of the following statements is NOT True in the treatment for typhoid perforation?
 

 

###Options:
A.  Perforation occurring in the first week of typhoid fever has a better prognosis as the patient’s nutritional and immunological status is better
B.  Treatment involves vigorous resuscitation with intravenous  fluids and antibiotics in an intensive care unit
C.  Chloramphenicol is the drug of choice
D.  Several surgical options can be carried out, depending on the condition of the patient, the site and number of perforations and the amount of peritoneal soiling
E.  The skin and subcutaneous tissue are often kept open for delayed closure, as wound infection inevitably happens, leading to wound dehiscence

###Answer:","C. Chloramphenicol is the drug of choice

**Rationale:**
Chloramphenicol was historically used as a treatment for typhoid fever, but its use has decreased significantly due to issues such as bone marrow suppression and the development of drug resistance. Currently, third-generation cephalosporins (e.g., ceftriaxone), fluoroquinolones (e.g., ciprofloxacin—though resistance is also an issue here), and azithromycin are more commonly used as empiric therapy for typhoid fever. Therefore, option C is not true regarding the current standard treatment for typhoid perforation, as chloramphenicol is no longer the drug of choice.

The other options describe appropriate treatment and management strategies for typhoid perforation:
- A: Patients with earlier onset perforation may have better clinical status, which can influence prognosis.
- B: Intensive care with fluids and antibiotics is crucial for stabilization.
- D: Surgical intervention is essential and tailored to the patient's clinical situation.
- E: Delayed wound closure is a common practice in contaminated abdominal surgeries to prevent complications such as wound dehiscence.",C,True,0.017094016757980866,0.0,0.017094016757980866,0.7372968,0.8498198,0.7895695
ea594b86f844b9866a687f45a118e0de91362f6d5483d8853064bc647d7eefe4,"Which of the following statements is True about Tropical splenomegaly syndrome?




",no rationale,5,B,There is Plasmodium falciparum parasitemia,There is lymphocytic infiltration of hepatic sinusoids,There is very low or absent malarial antibody titers,There is reduced serum IgM,There is unfavorable response to prolonged anti-malarial drug therapy,"###Instruction: You are a skilled doctor with years of experience in the medical field in Africa, working in a hospital setting. Your expertise spans a range of conditions from common ailments to complex diseases. As part of your commitment to ongoing medical education, you are evaluating a set of multiple choice questions (MCQs) designed for medical students. 
Carefully select the most appropriate answer based on your clinical knowledge. 
You should directly answer the question by choosing the correct option and then provide a rationale for your answer. 

###Question: Which of the following statements is True about Tropical splenomegaly syndrome?





###Options:
A.  There is Plasmodium falciparum parasitemia
B.  There is lymphocytic infiltration of hepatic sinusoids
C.  There is very low or absent malarial antibody titers
D.  There is reduced serum IgM
E.  There is unfavorable response to prolonged anti-malarial drug therapy

###Answer:","The correct answer is: B. There is lymphocytic infiltration of hepatic sinusoids

**Rationale:** Tropical splenomegaly syndrome, also known as hyperreactive malarial splenomegaly (HMS), is a condition often linked to repeated or chronic exposure to malaria, particularly in tropical regions. A key pathological finding in HMS is the infiltration of lymphocytes, particularly in the liver’s hepatic sinusoids, leading to hepatosplenomegaly.

Let's examine the other options:

- A. There is Plasmodium falciparum parasitemia: In tropical splenomegaly syndrome, patients do not typically present with active parasitemia, especially during the quiescent phase of the disease.

- C. There is very low or absent malarial antibody titers: Quite the opposite, there are usually elevated levels of malarial antibodies due to chronic immune stimulation by repeated malaria infections.

- D. There is reduced serum IgM: Patients with HMS usually present with elevated IgM levels due to polyclonal B-cell activation.

- E. There is unfavorable response to prolonged anti-malarial drug therapy: Patients with HMS often respond well to prolonged anti-malarial treatment such as chloroquine, which leads to a reduction in spleen size and improvement in clinical symptoms.

Hence, the true statement regarding Tropical splenomegaly syndrome is B, describing the lymphocytic infiltration of the hepatic sinusoids.",B,True,0.0,0.0,0.0,0.7332358,0.84425104,0.7848371
a0ba0587339b70ae13c14eea00ba93249dd5cdf9b0d1281528bb4fa4dd331a5d,"A 47-year man, presents with recent finding of dull grey-brown patches in his mouth and palm of his hands, darkening of previous scars, he gets very dizzy when rising from a seated position. There is history of recent vacation in Nigeria. The most likely diagnosis is:

",no rationale,4,A,Addison’s disease,SIADH,Conn’s syndrome,Cushing disease,,"###Instruction: You are a skilled doctor with years of experience in the medical field in Africa, working in a hospital setting. Your expertise spans a range of conditions from common ailments to complex diseases. As part of your commitment to ongoing medical education, you are evaluating a set of multiple choice questions (MCQs) designed for medical students. 
Carefully select the most appropriate answer based on your clinical knowledge. 
You should directly answer the question by choosing the correct option and then provide a rationale for your answer. 

###Question: A 47-year man, presents with recent finding of dull grey-brown patches in his mouth and palm of his hands, darkening of previous scars, he gets very dizzy when rising from a seated position. There is history of recent vacation in Nigeria. The most likely diagnosis is:


###Options:
A.  Addison’s disease
B.  SIADH
C.  Conn’s syndrome
D.  Cushing disease

###Answer:","A. Addison’s disease

### Rationale:
The symptoms described in the question are consistent with Addison's disease. This condition is characterized by the underproduction of cortisol and sometimes aldosterone from the adrenal glands, leading to characteristic symptoms such as hyperpigmentation of the skin and mucosa (dull grey-brown patches), particularly in areas exposed to friction or pressure like scars, as well as the palms. The dizziness upon rising from a seated position points towards postural hypotension, which is common in Addison’s disease due to aldosterone deficiency leading to low sodium levels and consequently reduced blood volume. The history of a recent vacation in Nigeria might suggest possible infectious causes, but the presentation is more typically indicative of primary adrenal insufficiency. Other options like SIADH, Conn's syndrome, and Cushing disease do not match well with the symptomatology described.",A,True,0.0,0.0,0.0,0.7566564,0.87316555,0.8107466
32e0e3fdb250b1ac3b6fa6e68da4af9e5350fc2a76ad3e7d4a28a0b67819cc5e,"Concerning fluid and electrolyte balance in a 70 kilogram African man, which of the following statements is True?
	 
",no rationale,5,A,1.5 litres is insensible water loss per day,2-3mmol Potassium per day is needed,Fluids containing colloids are used for maintenance,Urinary output does not affect the amount per day,1.5 litres of 0.9% Saline is needed per day,"###Instruction: You are a skilled doctor with years of experience in the medical field in Africa, working in a hospital setting. Your expertise spans a range of conditions from common ailments to complex diseases. As part of your commitment to ongoing medical education, you are evaluating a set of multiple choice questions (MCQs) designed for medical students. 
Carefully select the most appropriate answer based on your clinical knowledge. 
You should directly answer the question by choosing the correct option and then provide a rationale for your answer. 

###Question: Concerning fluid and electrolyte balance in a 70 kilogram African man, which of the following statements is True?
	 

###Options:
A.  1.5 litres is insensible water loss per day
B.  2-3mmol Potassium per day is needed
C.  Fluids containing colloids are used for maintenance
D.  Urinary output does not affect the amount per day
E.  1.5 litres of 0.9% Saline is needed per day

###Answer:","E. 1.5 litres of 0.9% Saline is needed per day

**Rationale:** 

For a 70-kg adult, the typical fluid requirement is around 2 to 2.5 liters per day. This fluid requirement can come from different sources including oral ingestion of water, fluids in food, or intravenous fluids if the patient cannot take oral feeds.

A typical maintenance fluid, like 0.9% saline, is often used for intravenous fluid therapy, and 1.5 liters can be a reasonable daily amount when taking into consideration other sources of fluid intake and the balance between necessary electrolytes like sodium and chloride.

Let’s briefly evaluate the other options:

A. Insensible water loss per day in adults ranges from 500 to 1000 ml (0.5 to 1 liter), depending on factors like ambient temperature and physical activity levels, making 1.5 liters an overestimate for typical insensible losses.

B. The usual potassium requirement for an adult is much higher than 2-3 mmol per day. It is typically around 40 to 100 mmol per day depending on dietary intake and renal function.

C. Fluids containing colloids are generally not used for maintenance fluid therapy. Colloids are more often reserved for situations requiring volume expansion, such as in cases of shock or severe hypovolemia.

D. Urinary output is a vital component of fluid balance, affecting daily requirements. Inadequate urinary output indicates a need to adjust fluid intake accordingly, contradicting the statement.

Thus, option E is the most appropriate, aligning with daily saline requirements for maintenance fluid therapy in a clinical setting.",E,False,0.0,0.0,0.0,0.7442668,0.8515605,0.7943067
542e1e3248caeb3f4b409f963157d29dfaa3bd41d1761994d05574ef30513f9f,"In fluid and Electrolyte management in the tropics, which of the following statements is True?
  
",no rationale,5,D,The most important extracellular cation is Potassium,Intracellular water is 20% of body weight,Extracellular water is 40% of body weight,Total body water in the male is 60% of body weight,Insensible water loss is 2000mls,"###Instruction: You are a skilled doctor with years of experience in the medical field in Africa, working in a hospital setting. Your expertise spans a range of conditions from common ailments to complex diseases. As part of your commitment to ongoing medical education, you are evaluating a set of multiple choice questions (MCQs) designed for medical students. 
Carefully select the most appropriate answer based on your clinical knowledge. 
You should directly answer the question by choosing the correct option and then provide a rationale for your answer. 

###Question: In fluid and Electrolyte management in the tropics, which of the following statements is True?
  

###Options:
A.  The most important extracellular cation is Potassium
B.  Intracellular water is 20% of body weight
C.  Extracellular water is 40% of body weight
D.  Total body water in the male is 60% of body weight
E.  Insensible water loss is 2000mls

###Answer:","D. Total body water in the male is 60% of body weight

**Rationale:** 

In the context of fluid and electrolyte management, understanding body water composition is crucial. In adult males, total body water typically accounts for about 60% of body weight. This is because males generally have a higher proportion of lean body mass, which contains more water compared to adipose tissue. The statement in option D correctly represents this fact.

To address the other options: 

- A. The most important extracellular cation is actually Sodium, not Potassium. Potassium is the primary intracellular cation.
- B. Intracellular water is not 20% of body weight; it is typically about 40% of body weight.
- C. Extracellular water is not 40% of body weight; it is about 20% of body weight.
- E. Insensible water loss typically accounts for about 500 to 1000 ml per day, not 2000 ml.

Hence, option D is accurate and reflects the standard physiological description of body water percentage in males.",D,True,0.0,0.0,0.0,0.74814737,0.84193087,0.7922734
f865fa7bf5cce5b0462a15c276f8174da68021696c585576e64a3847bcf4a6cb,Concerning child health practices:,no rationale,5,A,Neonatal conditions are the leading causes of Under-Five mortality,Breast feeding is recommended to last the first six months of life,16% of newborns weigh <2.5kg at birth,Malaria is responsible for about 75% of childhood death,Measle- Mumps-Rubella vaccine is administered at 18months,"###Instruction: You are a skilled doctor with years of experience in the medical field in Africa, working in a hospital setting. Your expertise spans a range of conditions from common ailments to complex diseases. As part of your commitment to ongoing medical education, you are evaluating a set of multiple choice questions (MCQs) designed for medical students. 
Carefully select the most appropriate answer based on your clinical knowledge. 
You should directly answer the question by choosing the correct option and then provide a rationale for your answer. 

###Question: Concerning child health practices:
###Options:
A.  Neonatal conditions are the leading causes of Under-Five mortality
B.  Breast feeding is recommended to last the first six months of life
C.  16% of newborns weigh <2.5kg at birth
D.  Malaria is responsible for about 75% of childhood death
E.  Measle- Mumps-Rubella vaccine is administered at 18months

###Answer:","B. Breastfeeding is recommended to last the first six months of life

### Rationale:
The recommendation that aligns with global child health practices is the importance of exclusive breastfeeding. The World Health Organization (WHO) and various child health authorities globally recommend exclusive breastfeeding for the first six months of life to promote optimal growth, development, and health. This practice significantly benefits the immune system and provides all the necessary nutrients a child needs during this period. 

Option A, while reasonable, is not the most directly accurate reflection of the leading causes of under-five mortality globally or in Africa, as neonatal conditions and infectious diseases both play significant roles.

Option C describes a statistic which may be accurate in certain regions but does not universally apply to all newborn health data.

Option D is incorrect; malaria contributes to child mortality, especially in Sub-Saharan Africa, but it does not account for as high a percentage as stated.

Option E is inaccurate according to many national immunization schedules, where the Measles-Mumps-Rubella (MMR) vaccine is typically administered between 12 and 15 months of age, not 18 months.",B,False,0.0,0.0,0.0,0.75169533,0.8548869,0.7999771
ae2743452e7134ac17876e78e8dbe9a2bac2a43d1b9be65da5c5df918998e988,Common causes of congestive cardiac failure in Nigerian children include:,no rationale,5,A,Pneumonia,Tetralogy of Fallot,Bronchial asthma,Transposition of Great Arteries,Septicemia,"###Instruction: You are a skilled doctor with years of experience in the medical field in Africa, working in a hospital setting. Your expertise spans a range of conditions from common ailments to complex diseases. As part of your commitment to ongoing medical education, you are evaluating a set of multiple choice questions (MCQs) designed for medical students. 
Carefully select the most appropriate answer based on your clinical knowledge. 
You should directly answer the question by choosing the correct option and then provide a rationale for your answer. 

###Question: Common causes of congestive cardiac failure in Nigerian children include:
###Options:
A.  Pneumonia
B.  Tetralogy of Fallot
C.  Bronchial asthma
D.  Transposition of Great Arteries
E.  Septicemia

###Answer:","The most appropriate answer is:

A. Pneumonia

Rationale: Congestive cardiac failure (CCF) in Nigerian children, and in sub-Saharan Africa more broadly, is often precipitated by conditions that increase the workload on the heart or those that cause direct cardiac depression. Among the options listed, pneumonia is a common illness in children that can lead to congestive cardiac failure. This is due to the increased work of breathing, hypoxia, and potential for associated pulmonary hypertension that significantly increases the cardiac load. 

While congenital heart diseases such as Tetralogy of Fallot and Transposition of the Great Arteries can cause cardiac issues, they typically present with cyanosis or other specific congenital heart features rather than congestive cardiac failure directly, particularly after the neonatal period. Bronchial asthma can complicate cardiac function but isn't a direct cause of CCF. Septicemia can lead to cardiac dysfunction due to multi-organ failure, but pneumonia represents a more focused and common direct cause in the context of pediatric CCF in Nigeria.",A,True,0.0,0.0,0.0,0.74107695,0.843887,0.7891475
3c05729e68ad15e967ac81461d7144865c5908f3d8e69e515f5c68a240742c47,Common causes of neonatal anemia in Nigeria include:,no rationale,5,D,Hereditary elliptocytosis,Pyruvate Kinase deficiency,Beta Thalassaemia,G6PD deficiency,Vitamin K deficiency,"###Instruction: You are a skilled doctor with years of experience in the medical field in Africa, working in a hospital setting. Your expertise spans a range of conditions from common ailments to complex diseases. As part of your commitment to ongoing medical education, you are evaluating a set of multiple choice questions (MCQs) designed for medical students. 
Carefully select the most appropriate answer based on your clinical knowledge. 
You should directly answer the question by choosing the correct option and then provide a rationale for your answer. 

###Question: Common causes of neonatal anemia in Nigeria include:
###Options:
A.  Hereditary elliptocytosis
B.  Pyruvate Kinase deficiency
C.  Beta Thalassaemia
D.  G6PD deficiency
E.  Vitamin K deficiency

###Answer:","D. G6PD deficiency

Rationale: In Nigeria, a common cause of neonatal anemia is Glucose-6-phosphate dehydrogenase (G6PD) deficiency. This condition is prevalent in sub-Saharan Africa, including Nigeria, due to its genetic basis and the protective advantage it offers against malaria. G6PD deficiency can lead to hemolytic anemia, especially when newborns are exposed to certain oxidative stresses. Other conditions listed, such as hereditary elliptocytosis and pyruvate kinase deficiency, are less common causes of neonatal anemia in Nigeria. Beta Thalassemia and Vitamin K deficiency, while they have various implications, are not as prevalent as G6PD deficiency for causing neonatal anemia in this specific geographical area.",D,True,0.0,0.0,0.0,0.7490264,0.8596926,0.8005531
372e97b0b3b41c01f86718d3565c3251c46b25f47b7aa101408208fdc4ce2f1e,Regarding cerebral palsy:,no rationale,5,A,Perinatal causes are commoner than prenatal causes in Africa,Choreoathetoid is the commonest type in Africa,Predominant cause in Nigeria is congenital toxoplasmosis,Cortical atrophy is the basic pathologic manifestation,Mental retardation is a constant feature,"###Instruction: You are a skilled doctor with years of experience in the medical field in Africa, working in a hospital setting. Your expertise spans a range of conditions from common ailments to complex diseases. As part of your commitment to ongoing medical education, you are evaluating a set of multiple choice questions (MCQs) designed for medical students. 
Carefully select the most appropriate answer based on your clinical knowledge. 
You should directly answer the question by choosing the correct option and then provide a rationale for your answer. 

###Question: Regarding cerebral palsy:
###Options:
A.  Perinatal causes are commoner than prenatal causes in Africa
B.  Choreoathetoid is the commonest type in Africa
C.  Predominant cause in Nigeria is congenital toxoplasmosis
D.  Cortical atrophy is the basic pathologic manifestation
E.  Mental retardation is a constant feature

###Answer:","A. Perinatal causes are commoner than prenatal causes in Africa

**Rationale:** Cerebral palsy (CP) is a neurological disorder that primarily affects movement and muscle tone, and it can have various causes that are categorized into prenatal, perinatal, and postnatal factors. In many African settings, perinatal causes of CP (such as birth asphyxia, infections during the perinatal period, and prematurity complications) are indeed more common due to factors like limited access to high-quality obstetric and neonatal care. Prenatal causes, while significant, are less frequently identified in many African contexts compared to perinatal factors. 

Option B is incorrect because the spastic type of CP is generally more common than the choreoathetoid type globally, including Africa. 

Option C is inaccurate as congenital toxoplasmosis is not the predominant cause of CP in Nigeria. Other factors, as mentioned, are more common.

Option D is incorrect as cortical atrophy can be present in some cases of cerebral palsy, but it is not universally the basic pathologic manifestation.

Option E is incorrect as mental retardation (now commonly referred to as intellectual disability) may accompany cerebral palsy, but it is not a constant feature and varies depending on the individual case.",A,True,0.0,0.0,0.0,0.73890567,0.84080863,0.7865704
3315b52ec70027c73eddba471f48d075583e664307ee6a49ef10700f2ea01c43,In cerebral malaria:,no rationale,5,C,The age incidence is 6-10 years,Convulsion is a constant feature,Altered sensorium is typical,Drug of choice is intravenous artesunate,Cortical blindness is a known sequela,"###Instruction: You are a skilled doctor with years of experience in the medical field in Africa, working in a hospital setting. Your expertise spans a range of conditions from common ailments to complex diseases. As part of your commitment to ongoing medical education, you are evaluating a set of multiple choice questions (MCQs) designed for medical students. 
Carefully select the most appropriate answer based on your clinical knowledge. 
You should directly answer the question by choosing the correct option and then provide a rationale for your answer. 

###Question: In cerebral malaria:
###Options:
A.  The age incidence is 6-10 years
B.  Convulsion is a constant feature
C.  Altered sensorium is typical
D.  Drug of choice is intravenous artesunate
E.  Cortical blindness is a known sequela

###Answer:","D. Drug of choice is intravenous artesunate

### Rationale:
Cerebral malaria is a severe form of malaria caused primarily by *Plasmodium falciparum*. Among the options provided, intravenous artesunate is indeed the drug of choice for treating severe malaria, including cerebral malaria, due to its potent and rapid action against the *Plasmodium falciparum* parasite. 

- **Option A**: The age incidence mentioned is not accurate as cerebral malaria can affect individuals of any age, although young children and travelers from non-endemic areas are particularly at risk. 
- **Option B**: While convulsions can occur in cerebral malaria, they are not a constant feature. 
- **Option C**: Altered sensorium is typical in cerebral malaria, making it a close contender; however, the question asks for the most appropriate answer, which is related directly to treatment.
- **Option E**: Cortical blindness can occur as a sequela of cerebral malaria in some cases, but it’s not as definitive for the management of the disease as the choice of drug.

Therefore, the correct answer, focusing on the management of cerebral malaria, is D.",D,False,0.0,0.0,0.0,0.7406202,0.8572991,0.7946997
f22d5e28a9df58e2803104b46282d69b4e648c5d1ad1d80583dda6eb3d737fc2,Concerning immunization:,no rationale,5,A,"BCG, OPV0 and Hepatitis B vaccine are administered at birth","Pentavalent vaccine is administered at 6, 10 and 14 weeks","Rotavirus vaccine is administered orally at 14 weeks, 6 months and 9 months",Pneumococcal vaccine and injectable polio vaccines are administered at 14 weeks,Booster doses of measles vaccine are recommended before 5 years of age,"###Instruction: You are a skilled doctor with years of experience in the medical field in Africa, working in a hospital setting. Your expertise spans a range of conditions from common ailments to complex diseases. As part of your commitment to ongoing medical education, you are evaluating a set of multiple choice questions (MCQs) designed for medical students. 
Carefully select the most appropriate answer based on your clinical knowledge. 
You should directly answer the question by choosing the correct option and then provide a rationale for your answer. 

###Question: Concerning immunization:
###Options:
A.  BCG, OPV0 and Hepatitis B vaccine are administered at birth
B.  Pentavalent vaccine is administered at 6, 10 and 14 weeks
C.  Rotavirus vaccine is administered orally at 14 weeks, 6 months and 9 months
D.  Pneumococcal vaccine and injectable polio vaccines are administered at 14 weeks
E.  Booster doses of measles vaccine are recommended before 5 years of age

###Answer:","The correct answer is: 
B. Pentavalent vaccine is administered at 6, 10 and 14 weeks

**Rationale:**

A. BCG, OPV0 and Hepatitis B vaccine are administered at birth: This is partially correct, as BCG, Oral Polio vaccine (OPV0), and the first dose of Hepatitis B vaccine are indeed administered at birth. However, the statement does not pertain to the specific scheduling involving the pentavalent vaccine mentioned in option B.

B. Pentavalent vaccine is administered at 6, 10 and 14 weeks: This is correct. The pentavalent vaccine, which protects against diphtheria, pertussis, tetanus (DPT), hepatitis B, and Haemophilus influenzae type B, is typically administered at these intervals.

C. Rotavirus vaccine is administered orally at 14 weeks, 6 months and 9 months: This is incorrect. The rotavirus vaccine is typically administered orally at 6 and 10 weeks (this may vary slightly depending on the country's vaccination schedule). A third dose is not recommended in most schedules.

D. Pneumococcal vaccine and injectable polio vaccines are administered at 14 weeks: This is partially correct, as both are administered at 14 weeks, but they are also given earlier at 6 and 10 weeks. Option B specifically addresses the full vaccination schedule consistent with international standards.

E. Booster doses of measles vaccine are recommended before 5 years of age: While it's generally correct that booster doses for measles or MMR vaccines are given in early childhood, this option is about an age range rather than detailing a specific vaccination schedule, making it less precise in terms of dose timing when comparing to the other options focusing on infancy stages.

Thus, option B accurately describes the established schedule for the pentavalent vaccine within many national immunization programs.",B,False,0.0,0.0,0.0,0.7252681,0.8410591,0.77888364
90c5759938ef96bd006410ceebd77f4af4608d9d550302b2dcce32fb0773ac5c,"Which of the following is not a common childhood hematologic disorder in Nigeria? 





",no rationale,5,A,Beta Thalassemia,Iron deficiency anaemia,Malaria-induced hemolytic anaemia,HbSC disease,G6PD deficiency,"###Instruction: You are a skilled doctor with years of experience in the medical field in Africa, working in a hospital setting. Your expertise spans a range of conditions from common ailments to complex diseases. As part of your commitment to ongoing medical education, you are evaluating a set of multiple choice questions (MCQs) designed for medical students. 
Carefully select the most appropriate answer based on your clinical knowledge. 
You should directly answer the question by choosing the correct option and then provide a rationale for your answer. 

###Question: Which of the following is not a common childhood hematologic disorder in Nigeria? 






###Options:
A.  Beta Thalassemia
B.  Iron deficiency anaemia
C.  Malaria-induced hemolytic anaemia
D.  HbSC disease
E.  G6PD deficiency

###Answer:","A. Beta Thalassemia

**Rationale:** In Nigeria, common childhood hematologic disorders include iron deficiency anemia, malaria-induced hemolytic anemia, HbSC disease (a form of sickle cell disease), and G6PD deficiency. These conditions are prevalent due to factors such as nutritional deficiencies, high malaria transmission rates, and genetic factors related to sickle cell disease and G6PD deficiency. 

Beta Thalassemia, while present, is not as common in Nigeria as the other listed disorders. The genetic background of the Nigerian population generally has a higher prevalence of sickle cell diseases (e.g., HbSS or HbSC) and not Beta Thalassemia, which is more prevalent in the Mediterranean, Middle East, and parts of Asia. Therefore, in the context of common childhood hematologic disorders in Nigeria, Beta Thalassemia is less common compared to the other options.",A,True,0.0,0.0,0.0,0.74278134,0.8528692,0.7940276
786f8c8da715b3208e43c138b0b05b99ce34a6e7c720bd684b1d3873d769015a,In kerosene poisoning:,no rationale,5,B,School age children are most at risk,Cough and breathlessness are common manifestations,Early gastric lavage is recommended,Corticosteroid therapy is helpful,Mental retardation is a risk factor,"###Instruction: You are a skilled doctor with years of experience in the medical field in Africa, working in a hospital setting. Your expertise spans a range of conditions from common ailments to complex diseases. As part of your commitment to ongoing medical education, you are evaluating a set of multiple choice questions (MCQs) designed for medical students. 
Carefully select the most appropriate answer based on your clinical knowledge. 
You should directly answer the question by choosing the correct option and then provide a rationale for your answer. 

###Question: In kerosene poisoning:
###Options:
A.  School age children are most at risk
B.  Cough and breathlessness are common manifestations
C.  Early gastric lavage is recommended
D.  Corticosteroid therapy is helpful
E.  Mental retardation is a risk factor

###Answer:","B. Cough and breathlessness are common manifestations

Rationale: Kerosene poisoning, particularly in young children, occurs more often due to accidental ingestion because children are naturally curious and explore their environment orally. Cough and breathlessness are common manifestations due to the aspiration of the hydrocarbon into the lungs, leading to chemical pneumonitis. School-age children are less at risk compared to toddlers due to their better-developed cognitive abilities and risk awareness. Gastric lavage is not recommended due to the risk of aspiration and subsequent chemical pneumonitis. Corticosteroid therapy has not been proven beneficial in treating kerosene poisoning and may actually be harmful. Mental retardation is not a risk factor; it's unrelated to the tendency to ingest kerosene.",B,True,0.0,0.0,0.0,0.7595748,0.84573424,0.8003424
f0d34b0789aee6435d70eb105d1d0b7877d97ef1755e0d66003d460a80bf52ca,"A 7-year old child who has never been immunized presents with inability to open the mouth and jerky movements following a nail puncture wound. Other important features to search for include:
",no rationale,5,A,Opisthotonus,Loss of consciousness,Sun-setting eye appearance,Expressionless face,Abdominal rigidity,"###Instruction: You are a skilled doctor with years of experience in the medical field in Africa, working in a hospital setting. Your expertise spans a range of conditions from common ailments to complex diseases. As part of your commitment to ongoing medical education, you are evaluating a set of multiple choice questions (MCQs) designed for medical students. 
Carefully select the most appropriate answer based on your clinical knowledge. 
You should directly answer the question by choosing the correct option and then provide a rationale for your answer. 

###Question: A 7-year old child who has never been immunized presents with inability to open the mouth and jerky movements following a nail puncture wound. Other important features to search for include:

###Options:
A.  Opisthotonus
B.  Loss of consciousness
C.  Sun-setting eye appearance
D.  Expressionless face
E.  Abdominal rigidity

###Answer:","A. Opisthotonus

### Rationale:
The clinical presentation described in the question is consistent with tetanus, a condition caused by the bacterium Clostridium tetani. A typical sign of tetanus is ""lockjaw"" or trismus, which is difficulty opening the mouth. Additionally, the jerky movements and the history of a nail puncture wound suggest muscle spasms and potentially generalized or severe tetanus. 

Opisthotonus is a condition of extreme hyperextension and spasticity, where the head, neck, and spinal column enter into a complete arched position. It is often associated with severe cases of tetanus due to intense muscle spasms. Therefore, in a child with these symptoms of tetanus, opisthotonus is an important feature to search for. 

Other options, such as loss of consciousness, sun-setting eye appearance (usually more related to increased intracranial pressure), expressionless face, and abdominal rigidity (though abdominal muscles can be affected in tetanus this is not as specific or classic as opisthotonus), are less directly related to the classical severe signs of tetanus in this context.",A,True,0.0,0.0,0.0,0.74429226,0.8608794,0.7983518
fe3feb35f09aec742edc766082978819e3417ea0c04c0e75f05b578c4c6c3570,"Which of the following is valid concerning pyogenic meningitis?





",no rationale,5,C,Haematogenous spread is the only source of infection known,Staphylococcus specie is the commonest aetiology,Chronic otalgia is a risk factor,There is reduced CSF production.,Elevated protein is due to destruction of organisms.,"###Instruction: You are a skilled doctor with years of experience in the medical field in Africa, working in a hospital setting. Your expertise spans a range of conditions from common ailments to complex diseases. As part of your commitment to ongoing medical education, you are evaluating a set of multiple choice questions (MCQs) designed for medical students. 
Carefully select the most appropriate answer based on your clinical knowledge. 
You should directly answer the question by choosing the correct option and then provide a rationale for your answer. 

###Question: Which of the following is valid concerning pyogenic meningitis?






###Options:
A.  Haematogenous spread is the only source of infection known
B.  Staphylococcus specie is the commonest aetiology
C.  Chronic otalgia is a risk factor
D.  There is reduced CSF production.
E.  Elevated protein is due to destruction of organisms.

###Answer:","###Answer:
C. Chronic otalgia is a risk factor

###Rationale:
Pyogenic meningitis, also known as bacterial meningitis, can have various risk factors depending on the age group and underlying health conditions of the patient. Chronic otalgia (chronic ear pain) is an indication of potential middle ear infection, such as chronic otitis media, which can be a risk factor for developing bacterial meningitis. This is due to the close anatomical relationship between the middle ear and the meninges, allowing infections to spread more easily, particularly if there is a structural defect or other concurrent infections.

Option A is incorrect because haematogenous spread is not the only source of infection; meningitis can also arise from direct extension, such as from contiguous infections (sinusitis or otitis media) or through breaches like skull fractures.

Option B is incorrect as Staphylococcus species are not the most common causes of pyogenic meningitis; typically, bacteria such as Streptococcus pneumoniae, Neisseria meningitidis, and Haemophilus influenzae are more commonly involved, particularly in community-acquired bacterial meningitis.

Option D is incorrect because bacterial meningitis is associated with altered CSF dynamics, but reduced CSF production is not a characteristic; instead, the condition usually involves increased pressure and abnormal compositions in the CSF.

Option E is incorrect; elevated protein levels in the CSF during bacterial meningitis are largely due to increased permeability of the blood-brain barrier and an influx of proteins rather than solely due to the destruction of organisms.",C,True,0.0,0.0,0.0,0.7300116,0.8424423,0.78220755
556ea935de66d7825cbee18a73c2381fbfe285e1e0e37c8316ce12ae159cd866,"Which of the following is a common cause of hyperbilirubinaemia in Nigerian term babies?





",no rationale,5,C,Rhesus incompatibility,Hereditary elliptocytosis,Concealed haemorrhages,Trisomy 21,Galactosaemia,"###Instruction: You are a skilled doctor with years of experience in the medical field in Africa, working in a hospital setting. Your expertise spans a range of conditions from common ailments to complex diseases. As part of your commitment to ongoing medical education, you are evaluating a set of multiple choice questions (MCQs) designed for medical students. 
Carefully select the most appropriate answer based on your clinical knowledge. 
You should directly answer the question by choosing the correct option and then provide a rationale for your answer. 

###Question: Which of the following is a common cause of hyperbilirubinaemia in Nigerian term babies?






###Options:
A.  Rhesus incompatibility
B.  Hereditary elliptocytosis
C.  Concealed haemorrhages
D.  Trisomy 21
E.  Galactosaemia

###Answer:","A. Rhesus incompatibility

**Rationale:** In Nigerian term babies, one of the most common causes of hyperbilirubinemia is Rhesus incompatibility. This condition occurs when an Rh-negative mother carries an Rh-positive baby, leading to the mother's immune system attacking the baby's red blood cells. This hemolysis releases bilirubin into the bloodstream, causing hyperbilirubinemia. While other conditions listed may cause elevated bilirubin levels, Rhesus incompatibility is notably prevalent in this context. Hereditary elliptocytosis and galactosaemia are less common causes, concealed hemorrhages are not specific to any population, and Trisomy 21 primarily presents with other health challenges rather than being a direct cause of significant neonatal jaundice in this population.",A,False,0.0,0.0,0.0,0.7449859,0.8516362,0.7947491
b131858d962354ba5f68e76665bac9d04d54731ce8f6d62385813e7ddbcacb5c,"Which clinical type of poliomyelitis is the most common:		





",no rationale,5,E,Paralytic type.,Non-paralytic type.,Brain type.,Covert infection.,Abortive infection,"###Instruction: You are a skilled doctor with years of experience in the medical field in Africa, working in a hospital setting. Your expertise spans a range of conditions from common ailments to complex diseases. As part of your commitment to ongoing medical education, you are evaluating a set of multiple choice questions (MCQs) designed for medical students. 
Carefully select the most appropriate answer based on your clinical knowledge. 
You should directly answer the question by choosing the correct option and then provide a rationale for your answer. 

###Question: Which clinical type of poliomyelitis is the most common:		






###Options:
A.  Paralytic type.
B.  Non-paralytic type.
C.  Brain type.
D.  Covert infection.
E.  Abortive infection

###Answer:","E. Abortive infection

Rationale: Poliomyelitis, caused by the poliovirus, can manifest in several ways, depending on the severity and the part of the nervous system affected. The most common type of poliovirus infection is the ""abortive infection,"" which is a mild, self-limiting illness that does not progress to more severe forms. This type occurs in the majority of cases where individuals have poliovirus exposure. In contrast, the paralytic type, which is often the most highlighted due to its severe consequences, occurs in a very small percentage of infections (less than 1%). The non-paralytic type presents with symptoms of aseptic meningitis, while covert infections are asymptomatic and go unnoticed. The ""brain type"" is not generally used as a classification in the clinical presentation of poliomyelitis. Therefore, abortive infection is indeed the most common clinical type of poliomyelitis.",E,True,0.0,0.0,0.0,0.7530175,0.860844,0.80332863
d8efa15c7445b8d589ea585eb6786e020869b5d7d656e9443598706c0dab5158," A 3-year old recently discharged from the ward following management for measles visits the outpatient clinic for follow-up care. Which of the following complications should be sought? 

",no rationale,5,A,Tuberculosis,Paraesthesia,Heart failure,Viral Meningitis,Giant Cell Pneumonia,"###Instruction: You are a skilled doctor with years of experience in the medical field in Africa, working in a hospital setting. Your expertise spans a range of conditions from common ailments to complex diseases. As part of your commitment to ongoing medical education, you are evaluating a set of multiple choice questions (MCQs) designed for medical students. 
Carefully select the most appropriate answer based on your clinical knowledge. 
You should directly answer the question by choosing the correct option and then provide a rationale for your answer. 

###Question:  A 3-year old recently discharged from the ward following management for measles visits the outpatient clinic for follow-up care. Which of the following complications should be sought? 


###Options:
A.  Tuberculosis
B.  Paraesthesia
C.  Heart failure
D.  Viral Meningitis
E.  Giant Cell Pneumonia

###Answer:","E. Giant Cell Pneumonia

**Rationale:**

Measles is a highly contagious viral disease that can lead to several complications, particularly in young children. After an episode of measles, individuals may be at higher risk for certain complications due to the virus or the transient immune suppression it causes.

**Giant Cell Pneumonia** is a rare but serious complication of measles, particularly in individuals with impaired immune responses. It's caused by the measles virus itself leading to a severe form of pneumonia characterized by the presence of large multinucleated cells (giant cells) in the lung tissue. It's more common in children who are immunocompromised but can occur in otherwise healthy individuals as a post-measles complication.

The other options, while potentially relevant in broader contexts, do not specifically relate to complications directly associated with a recent measles infection as typically encountered in a follow-up setting:

- **Tuberculosis (A)**: While there's a theoretical risk of increased susceptibility due to measles-induced immune suppression, tuberculosis is not directly triggered by measles infection.
- **Paraesthesia (B)**: This symptom relates to nerve dysfunction and is not a recognized complication of measles.
- **Heart failure (C)**: Not a direct complication of measles; respiratory complications are more typical.
- **Viral Meningitis (D)**: While rare, viral meningitis can occur following certain viral infections, but it is not a common post-measles complication when compared to respiratory issues like giant cell pneumonia.",E,False,0.0,0.0,0.0,0.73347867,0.84206027,0.78402793
79f67a1d56f1a182646a54f2d481a414e4efcd635ac810e4dbabba69b6b327e2,"A 10-year-old presents with inability to open the mouth of 12 hours duration and generalized body stiffness. Which of the following findings will not be useful in the evaluation of the child? 





",no rationale,5,E,History of lack of immunization,Board-like abdominal rigidity,Mask-like expressionless face,Suppurative ear discharge,Glasgow Coma Score of 4/15,"###Instruction: You are a skilled doctor with years of experience in the medical field in Africa, working in a hospital setting. Your expertise spans a range of conditions from common ailments to complex diseases. As part of your commitment to ongoing medical education, you are evaluating a set of multiple choice questions (MCQs) designed for medical students. 
Carefully select the most appropriate answer based on your clinical knowledge. 
You should directly answer the question by choosing the correct option and then provide a rationale for your answer. 

###Question: A 10-year-old presents with inability to open the mouth of 12 hours duration and generalized body stiffness. Which of the following findings will not be useful in the evaluation of the child? 






###Options:
A.  History of lack of immunization
B.  Board-like abdominal rigidity
C.  Mask-like expressionless face
D.  Suppurative ear discharge
E.  Glasgow Coma Score of 4/15

###Answer:","###Answer: D. Suppurative ear discharge

###Rationale:

In evaluating a 10-year-old child presenting with an inability to open the mouth (trismus) and generalized body stiffness, the suspicion is high for tetanus, especially in the context of a developing country or area with low immunization rates.

A. **History of lack of immunization**: This is highly relevant as tetanus is preventable through vaccination. A lack of immunization would increase the risk of tetanus.

B. **Board-like abdominal rigidity**: This can be indicative of generalized muscle spasms, a symptom of tetanus.

C. **Mask-like expressionless face**: This description can be linked to muscle spasms and rigidity affecting facial muscles, which can occur in tetanus.

D. **Suppurative ear discharge**: This is not typically associated with tetanus. While it indicates an ear infection, it does not contribute to the diagnosis of tetanus and is likely a separate issue.

E. **Glasgow Coma Score of 4/15**: This indicates severe impairment of consciousness, which, if present, would indeed be significant in assessing the severity of the patient's condition and potential complications from tetanus.

Thus, the most appropriate finding that would not aid in the evaluation of suspected tetanus in this case is a suppurative ear discharge.",D,False,0.0,0.0,0.0,0.7485647,0.8451539,0.7939324
6ca12c56a1fc988d043c1dfcc0e28bb717c0d6d046060c8fe042b86096a30064,"Which of the following occur in the exanthematous stage of measles?





",no rationale,5,D,Catarrh,Conjunctivitis,Koplik’s spot,Morbilliform rash,Skin desquamation,"###Instruction: You are a skilled doctor with years of experience in the medical field in Africa, working in a hospital setting. Your expertise spans a range of conditions from common ailments to complex diseases. As part of your commitment to ongoing medical education, you are evaluating a set of multiple choice questions (MCQs) designed for medical students. 
Carefully select the most appropriate answer based on your clinical knowledge. 
You should directly answer the question by choosing the correct option and then provide a rationale for your answer. 

###Question: Which of the following occur in the exanthematous stage of measles?






###Options:
A.  Catarrh
B.  Conjunctivitis
C.  Koplik’s spot
D.  Morbilliform rash
E.  Skin desquamation

###Answer:","D. Morbilliform rash

###Rationale:
Measles, also known as rubeola, is a viral infection that progresses through several stages. The exanthematous stage refers specifically to the period characterized by the appearance of the rash. During this stage, typically occurring 3 to 5 days after the onset of initial symptoms, the distinctive morbilliform rash appears. It starts on the face and behind the ears before spreading downward to the rest of the body.

The other options are more characteristic of different stages or associated symptoms of measles:

- A. Catarrh, which includes symptoms like a runny nose and cough, occurs in the prodromal stage.
- B. Conjunctivitis also occurs in the prodromal stage.
- C. Koplik’s spots, small white lesions inside the cheeks, appear during the prodromal stage and are an early sign of measles.
- E. Skin desquamation is not typically associated with measles; it may occur as the rash resolves in some other conditions. 

Thus, the most correct answer for the exanthematous stage is D. Morbilliform rash.",D,True,0.0,0.0,0.0,0.7472419,0.86169225,0.80039644
19aefb9cb58d4088608b25b80073ddc78b685b698b56fd19b7f1a1821924849c,"A 9-month old presents with axillary temperature of 40.8ºC with demonstrable asexual forms of Plasmodium falciparum on blood film. Which of the complications is least likely to be present in the child? 

",no rationale,5,E,Severe anaemia,Hypoglycaemia,Acute renal insufficiency,Haemoglobinuria,Hyperbilirubinaemia,"###Instruction: You are a skilled doctor with years of experience in the medical field in Africa, working in a hospital setting. Your expertise spans a range of conditions from common ailments to complex diseases. As part of your commitment to ongoing medical education, you are evaluating a set of multiple choice questions (MCQs) designed for medical students. 
Carefully select the most appropriate answer based on your clinical knowledge. 
You should directly answer the question by choosing the correct option and then provide a rationale for your answer. 

###Question: A 9-month old presents with axillary temperature of 40.8ºC with demonstrable asexual forms of Plasmodium falciparum on blood film. Which of the complications is least likely to be present in the child? 


###Options:
A.  Severe anaemia
B.  Hypoglycaemia
C.  Acute renal insufficiency
D.  Haemoglobinuria
E.  Hyperbilirubinaemia

###Answer:","C. Acute renal insufficiency

Rationale: In pediatric patients, especially those with Plasmodium falciparum malaria, certain complications are more common than others. Severe anemia, hypoglycemia, and hyperbilirubinemia are well-known complications of severe malaria in children. Haemoglobinuria, which can occur due to hemolysis, is also a recognized issue. However, acute renal insufficiency, while possible, is much more prevalent in adults with severe malaria rather than in children. Therefore, the least likely complication to be present in this 9-month-old child is acute renal insufficiency.",C,False,0.0,0.0,0.0,0.7538432,0.8569037,0.8020764
74b131fbd40ba82da10922ac49ae795d24cb3a104724e22f14de01e2e93e3883,"A 5-year old child who is receiving treatment for Burkitt’s Lymphoma presents with serum potassium of 5.6mmol/l and serum calcium 6.7mg/dl. Which of the following clinical features will match the condition?





",no rationale,5,B,Bleeding gums,Oliguria,Inability to stand erect,Severe pallor,Ptosis,"###Instruction: You are a skilled doctor with years of experience in the medical field in Africa, working in a hospital setting. Your expertise spans a range of conditions from common ailments to complex diseases. As part of your commitment to ongoing medical education, you are evaluating a set of multiple choice questions (MCQs) designed for medical students. 
Carefully select the most appropriate answer based on your clinical knowledge. 
You should directly answer the question by choosing the correct option and then provide a rationale for your answer. 

###Question: A 5-year old child who is receiving treatment for Burkitt’s Lymphoma presents with serum potassium of 5.6mmol/l and serum calcium 6.7mg/dl. Which of the following clinical features will match the condition?






###Options:
A.  Bleeding gums
B.  Oliguria
C.  Inability to stand erect
D.  Severe pallor
E.  Ptosis

###Answer:","B. Oliguria

### Rationale:
The child with Burkitt's Lymphoma and the current electrolyte imbalance (elevated potassium and low calcium) is likely experiencing Tumor Lysis Syndrome (TLS), a condition that results from the rapid release of intracellular contents during cancer treatment. TLS is characterized by hyperkalemia (elevated potassium), hypocalcemia (low calcium), hyperphosphatemia, and hyperuricemia, which can lead to acute kidney injury. One common clinical feature associated with acute kidney injury is oliguria, which manifests as reduced urine output. This aligns well with the provided laboratory findings and suggested condition.",B,True,0.0,0.0,0.0,0.7508889,0.86717534,0.8048535
75914e8d0f149f052740ae6b6ce7675a6a72bcaaf6f1c90ceaa76219fdadbd9b,"In a survey conducted as part of a school health service programme, 30% of the children in a rural primary have painless haematuria. Which of the following is the most likely aetiology?",no rationale,4,C,Nephroblastoma,Cystitis,Schistosomiasis,Renal vein thrombosis,,"###Instruction: You are a skilled doctor with years of experience in the medical field in Africa, working in a hospital setting. Your expertise spans a range of conditions from common ailments to complex diseases. As part of your commitment to ongoing medical education, you are evaluating a set of multiple choice questions (MCQs) designed for medical students. 
Carefully select the most appropriate answer based on your clinical knowledge. 
You should directly answer the question by choosing the correct option and then provide a rationale for your answer. 

###Question: In a survey conducted as part of a school health service programme, 30% of the children in a rural primary have painless haematuria. Which of the following is the most likely aetiology?
###Options:
A.  Nephroblastoma
B.  Cystitis
C.  Schistosomiasis
D.  Renal vein thrombosis

###Answer:","###Answer: C. Schistosomiasis

###Rationale:

In rural African settings, especially among school-aged children, schistosomiasis (specifically caused by Schistosoma haematobium) is a prevalent condition and a common cause of painless haematuria. Schistosoma haematobium is a parasitic infection transmitted through contact with water contaminated with the parasite's larvae. The larvae penetrate the skin and migrate to the bladder, where they cause inflammation and damage, leading to painless haematuria (blood in the urine).

Nephroblastoma (option A), or Wilms' tumor, typically presents with a palpable abdominal mass and occasionally hematuria, but it is not common or widespread to account for 30% of the children in a survey.

Cystitis (option B) is inflammation of the bladder, usually due to bacterial infection, and often presents with painful urination and frequency, not typically associated with painless haematuria and certainly not in such prevalence in a school setting.

Renal vein thrombosis (option D) is a rare condition and does not commonly present in children, nor does it typically result in painless haematuria. It is more associated with significant illness, such as nephrotic syndrome or dehydration-related conditions in neonates.

Hence, given the rural setting and high prevalence, schistosomiasis is the most likely cause of painless haematuria among these children.",C,True,0.0,0.0,0.0,0.72458893,0.8481215,0.78150356
ca188f4560b7129841f2d94757de7a9a30fdc0823de133c46be20b6317a1f94e,"The correct opinion about inheritance of sickle cell disease (SCD) is? 
 



",no rationale,4,B,Sickle cell disease is inherited in autosomal dominant pattern,Both copies of the genes in each cell have mutation.,Most common variant of sickle cell disease is due to nonsense mutation.,It is a sex-linked disorder.,,"###Instruction: You are a skilled doctor with years of experience in the medical field in Africa, working in a hospital setting. Your expertise spans a range of conditions from common ailments to complex diseases. As part of your commitment to ongoing medical education, you are evaluating a set of multiple choice questions (MCQs) designed for medical students. 
Carefully select the most appropriate answer based on your clinical knowledge. 
You should directly answer the question by choosing the correct option and then provide a rationale for your answer. 

###Question: The correct opinion about inheritance of sickle cell disease (SCD) is? 
 




###Options:
A.  Sickle cell disease is inherited in autosomal dominant pattern
B.  Both copies of the genes in each cell have mutation.
C.  Most common variant of sickle cell disease is due to nonsense mutation.
D.  It is a sex-linked disorder.

###Answer:","B. Both copies of the genes in each cell have mutation.

### Rationale:
Sickle cell disease (SCD) is an autosomal recessive disorder, meaning that a person must inherit two copies of the mutated gene (one from each parent) to express the disease. Therefore, both copies of the genes in each cell have the mutation responsible for sickle cell disease. Option A is incorrect because SCD is not inherited in an autosomal dominant pattern; it requires two recessive alleles. Option C is incorrect because the most common mutation causing SCD is a missense mutation (substitution of valine for glutamic acid in the beta-globin chain), not a nonsense mutation. Option D is incorrect because sickle cell disease is not a sex-linked disorder; it is autosomal.",B,True,0.0,0.0,0.0,0.7430346,0.86952496,0.80131876
32d379f76133da01d5191e6cb27cf0fa25e4169b715f12e5a054b5b476957502,"Which of these is the most probable risk factor for HBV infection in a 3 year old boy from a rural area in Nigeria?


",no rationale,4,B,Sharing of infected needles,Circumcision,Blood transfusion,Needle stick accidents,,"###Instruction: You are a skilled doctor with years of experience in the medical field in Africa, working in a hospital setting. Your expertise spans a range of conditions from common ailments to complex diseases. As part of your commitment to ongoing medical education, you are evaluating a set of multiple choice questions (MCQs) designed for medical students. 
Carefully select the most appropriate answer based on your clinical knowledge. 
You should directly answer the question by choosing the correct option and then provide a rationale for your answer. 

###Question: Which of these is the most probable risk factor for HBV infection in a 3 year old boy from a rural area in Nigeria?



###Options:
A.  Sharing of infected needles
B.  Circumcision
C.  Blood transfusion
D.  Needle stick accidents

###Answer:","B. Circumcision

Rationale: In rural areas of Nigeria, traditional practices such as circumcision, often performed with non-sterile instruments, pose a significant risk for HBV transmission among young children. Sharing of infected needles is more common in intravenous drug use, which is unlikely in a 3-year-old. Blood transfusion might be a risk factor, but given strict regulations in many hospitals, it's less probable than circumcision in this context. Needle stick accidents are typically a risk for healthcare workers rather than young children. Therefore, circumcision is the most probable risk factor in this scenario.",B,True,0.0,0.0,0.0,0.7829713,0.8569062,0.818272
21c2860123b1a9ece04eb8b5b46071f510db3ba95466e5d8c99cb1c6bf190ab8,"The most common histological type of gastric cancer in Nigeria is




",no rationale,4,A,Adenocarcinoma,Lymphoma,Sarcoma,Mucinous carcinoma,,"###Instruction: You are a skilled doctor with years of experience in the medical field in Africa, working in a hospital setting. Your expertise spans a range of conditions from common ailments to complex diseases. As part of your commitment to ongoing medical education, you are evaluating a set of multiple choice questions (MCQs) designed for medical students. 
Carefully select the most appropriate answer based on your clinical knowledge. 
You should directly answer the question by choosing the correct option and then provide a rationale for your answer. 

###Question: The most common histological type of gastric cancer in Nigeria is





###Options:
A.  Adenocarcinoma
B.  Lymphoma
C.  Sarcoma
D.  Mucinous carcinoma

###Answer:","A. Adenocarcinoma

### Rationale:
Adenocarcinoma is the most common histological type of gastric cancer worldwide, including in Nigeria. It originates from the glandular epithelial cells of the gastric mucosa. In Africa, as in many other parts of the world, adenocarcinoma represents the majority of cases of gastric cancer. Other types, such as lymphoma, sarcoma, and mucinous carcinoma, are less common in the stomach. Therefore, based on epidemiological trends and clinical findings, adenocarcinoma is recognized as the predominant form of gastric cancer in Nigeria.",A,True,0.0,0.0,0.0,0.75228655,0.8651007,0.80475914
66e85e06a89fcc72a2a9db5996b562d12a37069a8851ddc7ea5a2c0f2290ecda,WRITE A SHORT NOTE ON THE WAYS OF PREVENTING ACUTE DIARRHEA DISEASE IN MOTHERS AND CHILDREN IN LAGOS STATE NIGERIA ,"PREVENTION OF DIARRHOEA

Prevention is always a lot more effective than treatment and in most cases diarhea is easily
preventable.

 measures and precautions include 
- Make sure that you wash your hands thoroughly before eating or handling any foods. 
- Always wash
your hands after using the bathroom or if you have been travelling and just returned from the
outdoors.

-Instruct and teach CHILDREN not to put objects in their mouth

If vou are on any antibiotic medications then make sure that you consume foods with active
cultures of lactobacilli a healthy bacteria that helps prevent the flourishing of other harmful bacteria.

Yogurt with active culture is the best source of such healthy bacteria

Diarrhea is a risk of particular concern when you are traveling It is therefore important that you
take these added hygiene precautions when travelling to such areas:
Make sure to drink only clean or bottled mineral water.

Avoid consuming any fresh and uncooked fruits and vegetables that have no peels.

Do not eat any type of shellfish Although you may like your stake rare it is best to avoid
consuming any undercooked meats

•Avoid the consumption of any dary products!
Breast feed your children exclusIvelv for at least6 months
•Ensure your children are adequately immunized for age ",0,A,,,,,,"###Instruction: You are a skilled doctor with years of experience in the medical field in Africa, working in a hospital setting. Your expertise spans a range of conditions from common ailments to complex diseases. As part of your commitment to ongoing medical education, you are evaluating a set of multiple choice questions (MCQs) designed for medical students. 
Carefully select the most appropriate answer based on your clinical knowledge. 
You should directly answer the question by choosing the correct option and then provide a rationale for your answer. 

###Question: WRITE A SHORT NOTE ON THE WAYS OF PREVENTING ACUTE DIARRHEA DISEASE IN MOTHERS AND CHILDREN IN LAGOS STATE NIGERIA 
###Options:

###Answer:","To prevent acute diarrhea disease in mothers and children in Lagos State, Nigeria, several strategies can be implemented, focusing on improving hygiene, sanitation, and nutrition:

1. **Hygiene Education**: Educate mothers and caregivers about the importance of handwashing with soap and clean water, especially before eating or preparing food, after using the toilet, and after changing diapers. Proper hand hygiene can significantly reduce the transmission of pathogens that cause diarrhea.

2. **Safe Drinking Water**: Promote access to safe drinking water by encouraging the use of water purification methods such as boiling, chlorination, or using water filters. Ensuring that families have access to clean water can reduce the incidence of waterborne diseases.

3. **Sanitation Facilities**: Improve access to and encourage the use of proper sanitation facilities. This includes building and maintaining latrines or toilets to reduce open defecation, which is a significant risk factor for diarrhea.

4. **Vaccinations**: Ensure that children receive vaccinations against rotavirus and measles, as these infections can lead to severe diarrhea.

5. **Breastfeeding Promotion**: Encourage exclusive breastfeeding for the first six months of life, as it provides essential nutrients and antibodies that help prevent infections, including diarrhea.

6. **Nutrition Education**: Educate families about proper nutrition and the preparation of safe, nutritious foods. Proper weaning practices and a nutritious diet can strengthen a child's immune system, making them less susceptible to infections.

7. **Community Health Programs**: Implement community-based health programs that focus on disease prevention, early detection, and prompt treatment of diarrhea to reduce complications and mortality.

Implementing these strategies in Lagos State can significantly reduce the incidence of acute diarrhea among mothers and children, improving overall public health outcomes.",To prevent acute diarrhea disease in mot,False,0.18181817687837198,0.022026426788799642,0.16300939944890494,0.8210727,0.8124116,0.8167192
4da94907b5064fc219a3ed97d5e07b3a8d8abe5e7418d3416b8165daaffc18b5,"A common cause of hypopituitarism in Developing Countries include
",no rationale,4,D,Sarcoidosis,Tuberculosis,Surgery,Severe blood loss during child birth,,"###Instruction: You are a skilled doctor with years of experience in the medical field in Africa, working in a hospital setting. Your expertise spans a range of conditions from common ailments to complex diseases. As part of your commitment to ongoing medical education, you are evaluating a set of multiple choice questions (MCQs) designed for medical students. 
Carefully select the most appropriate answer based on your clinical knowledge. 
You should directly answer the question by choosing the correct option and then provide a rationale for your answer. 

###Question: A common cause of hypopituitarism in Developing Countries include

###Options:
A.  Sarcoidosis
B.  Tuberculosis
C.  Surgery
D.  Severe blood loss during child birth

###Answer:","D. Severe blood loss during childbirth

Rationale: In developing countries, a common cause of hypopituitarism is Sheehan's syndrome, which is caused by severe blood loss and hypovolemic shock during or after childbirth. This can lead to the necrosis of the pituitary gland due to insufficient blood supply. Tuberculosis can also cause hypopituitarism, but Sheehan's syndrome is a more common cause specifically linked to childbirth complications, making it the most appropriate answer in this context.",D,True,0.0,0.0,0.0,0.76064914,0.84764504,0.8017942
3baaa68ad228726d2a5933167ddcb1418ef32255750c734ddf4200e313c9139a,The most common complication of measles is:,no rationale,4,D,Myocarditis,Laryngitis,Acute encephalitis,Bronchopneumonia,,"###Instruction: You are a skilled doctor with years of experience in the medical field in Africa, working in a hospital setting. Your expertise spans a range of conditions from common ailments to complex diseases. As part of your commitment to ongoing medical education, you are evaluating a set of multiple choice questions (MCQs) designed for medical students. 
Carefully select the most appropriate answer based on your clinical knowledge. 
You should directly answer the question by choosing the correct option and then provide a rationale for your answer. 

###Question: The most common complication of measles is:
###Options:
A.  Myocarditis
B.  Laryngitis
C.  Acute encephalitis
D.  Bronchopneumonia

###Answer:","D. Bronchopneumonia

Rationale: Measles is a highly contagious viral disease that can lead to various complications, particularly in young children and immunocompromised individuals. Among the potential complications of measles, bronchopneumonia is the most common. It occurs due to either a bacterial superinfection or viral pneumonia after measles, leading to significant morbidity and mortality. While acute encephalitis and myocarditis are serious complications of measles, they are less common compared to bronchopneumonia. Laryngitis can occur but is not a primary cause of severe illness like bronchopneumonia is. Therefore, bronchopneumonia is the most frequently encountered complication following measles infection.",D,True,0.0,0.0,0.0,0.7515321,0.8572345,0.8009107
efe2f42e77d758cf835272d9e93d0e84f2ae7a7bf2e38f2c9fb2f8f298af082e,"A 2-year old presents with axillary temperature of 40.8ºC with demonstrable asexual forms of Plasmodium falciparum on blood film. Which of the following is most likely to be present in the child?  




",no rationale,4,C,Pulmonary oedema,Acute renal insufficiency,Haemoglobinuria,Hyperbilirubinaemia,,"###Instruction: You are a skilled doctor with years of experience in the medical field in Africa, working in a hospital setting. Your expertise spans a range of conditions from common ailments to complex diseases. As part of your commitment to ongoing medical education, you are evaluating a set of multiple choice questions (MCQs) designed for medical students. 
Carefully select the most appropriate answer based on your clinical knowledge. 
You should directly answer the question by choosing the correct option and then provide a rationale for your answer. 

###Question: A 2-year old presents with axillary temperature of 40.8ºC with demonstrable asexual forms of Plasmodium falciparum on blood film. Which of the following is most likely to be present in the child?  





###Options:
A.  Pulmonary oedema
B.  Acute renal insufficiency
C.  Haemoglobinuria
D.  Hyperbilirubinaemia

###Answer:","###Answer: D. Hyperbilirubinaemia

###Rationale:
In a 2-year old child with a high fever and malaria due to Plasmodium falciparum, hyperbilirubinaemia is a likely finding. This is because as the malaria parasites infect and destroy red blood cells, hemolysis occurs. The breakdown of red blood cells leads to the release of hemoglobin, which is subsequently converted into bilirubin. This can result in an excess of bilirubin in the blood, manifesting as hyperbilirubinaemia and potentially causing jaundice.

Choices A, B, and C, while possible in severe malaria cases, are less commonly seen in children or would typically present later or under more severe disease conditions:

- **Pulmonary oedema (A)** is a severe complication and would typically be associated with acute respiratory distress in very severe cases of malaria.
- **Acute renal insufficiency (B)** can occur in severe malaria, but is more common in adults and older children than in young children.
- **Haemoglobinuria (C)**, which presents as ""blackwater fever,"" can occur due to massive intravascular hemolysis, but is a less common severe complication and more typically seen following quinine treatment or in repeated malaria infections.

Hence, based on the typical presentation of severe malaria symptoms and complications in children, hyperbilirubinaemia (D) is the most likely condition in this scenario.",D,False,0.0,0.0,0.0,0.72905374,0.8510517,0.78534305
88b0229f4a8e5287710d53eece0c95b4d0fa761020ddf8e20010d05ec315d007,"Regarding carcinoma of the ovary, which of the following is true?

 


",no rationale,5,E,It is most common in developing countries.,The incidence is similar to carcinoma of the endometrium with similar prognosis.,The peak age is 80–90 years old.,The mainstay of treatment is surgery and radiotherapy combined,The majority are epithelial in origin.,"###Instruction: You are a skilled doctor with years of experience in the medical field in Africa, working in a hospital setting. Your expertise spans a range of conditions from common ailments to complex diseases. As part of your commitment to ongoing medical education, you are evaluating a set of multiple choice questions (MCQs) designed for medical students. 
Carefully select the most appropriate answer based on your clinical knowledge. 
You should directly answer the question by choosing the correct option and then provide a rationale for your answer. 

###Question: Regarding carcinoma of the ovary, which of the following is true?

 



###Options:
A.  It is most common in developing countries.
B.  The incidence is similar to carcinoma of the endometrium with similar prognosis.
C.  The peak age is 80–90 years old.
D.  The mainstay of treatment is surgery and radiotherapy combined
E.  The majority are epithelial in origin.

###Answer:","E. The majority are epithelial in origin.

Rationale: Carcinoma of the ovary refers to ovarian cancer, and the most common type of ovarian cancer is of epithelial origin. Epithelial ovarian cancer accounts for about 85-90% of all ovarian cancers. Option A is incorrect because ovarian cancer is more prevalent in developed countries. Option B is incorrect, as the incidence and prognosis of ovarian cancer differ from endometrial cancer, with ovarian cancer generally having a worse prognosis. Option C is misleading, as the peak incidence of ovarian cancer is typically between 55-65 years, not 80-90 years. Option D is incorrect because the mainstay of treatment for ovarian cancer is usually surgery followed by chemotherapy, rather than radiotherapy.",E,True,0.0,0.0,0.0,0.75425977,0.8523184,0.80029655
93a3ed998fbf87da96bf6d84211a214907989a98b12084c4f847ddf07538cdcd,"The haematocrit levels in a population of rural primary school children in Nigeria ranges from 23% to 26%. The most likely aetiology of the condition is:




",no rationale,4,B,Sickle cell anaemia.,Iron deficiency,Glucose-6- Phosphate Dehydrogenase deficiency.,Septicaemia.,,"###Instruction: You are a skilled doctor with years of experience in the medical field in Africa, working in a hospital setting. Your expertise spans a range of conditions from common ailments to complex diseases. As part of your commitment to ongoing medical education, you are evaluating a set of multiple choice questions (MCQs) designed for medical students. 
Carefully select the most appropriate answer based on your clinical knowledge. 
You should directly answer the question by choosing the correct option and then provide a rationale for your answer. 

###Question: The haematocrit levels in a population of rural primary school children in Nigeria ranges from 23% to 26%. The most likely aetiology of the condition is:





###Options:
A.  Sickle cell anaemia.
B.  Iron deficiency
C.  Glucose-6- Phosphate Dehydrogenase deficiency.
D.  Septicaemia.

###Answer:","B. Iron deficiency

**Rationale:** In a rural primary school population in Nigeria, low haematocrit levels ranging from 23% to 26% suggest anemia, which is commonly due to nutritional deficiencies, particularly iron deficiency. Iron deficiency anemia is a prevalent condition in children in such settings due to dietary inadequacies, parasitic infections (like hookworm), and malaria, which can lead to chronic blood loss and iron depletion. Sickle cell anemia (Option A) typically presents with varying levels of anemia depending on other factors, but the percentage range given is quite low and would not be typical in all affected individuals. Glucose-6-Phosphate Dehydrogenase deficiency (Option C) usually leads to episodic hemolytic anemia triggered by specific factors, not persistent anemia reflected in a community level haematocrit survey. Septicaemia (Option D) can cause anemia but would be associated with acute illness and other symptoms rather than being a common chronic cause of low haematocrit in a large, otherwise healthy school-aged population. Therefore, iron deficiency is the most likely cause.",B,True,0.0,0.0,0.0,0.7433386,0.85608405,0.79573745
0f7295e34722abdba4129338db8b663d8a745609e024d0f159887835b834424c,"Which of the following vaccines is effective in the prevention of neonatal tetanus?




",no rationale,4,D,"Pentavalent I, II and III",Anti-Tetanus serum,Measles,Tetanus toxoid,,"###Instruction: You are a skilled doctor with years of experience in the medical field in Africa, working in a hospital setting. Your expertise spans a range of conditions from common ailments to complex diseases. As part of your commitment to ongoing medical education, you are evaluating a set of multiple choice questions (MCQs) designed for medical students. 
Carefully select the most appropriate answer based on your clinical knowledge. 
You should directly answer the question by choosing the correct option and then provide a rationale for your answer. 

###Question: Which of the following vaccines is effective in the prevention of neonatal tetanus?





###Options:
A.  Pentavalent I, II and III
B.  Anti-Tetanus serum
C.  Measles
D.  Tetanus toxoid

###Answer:","D. Tetanus toxoid

### Rationale:
Neonatal tetanus is a significant health concern, particularly in regions where childbirth may occur under unsanitary conditions. The most effective way to prevent neonatal tetanus is through the immunization of women of childbearing age with the tetanus toxoid vaccine, which ensures that the mother develops immunity to tetanus. This immunity is passed on to the newborn, providing protection against tetanus in the early and critical days of life. 

Options A and C (Pentavalent and Measles vaccines) are not directly related to preventing neonatal tetanus. The Pentavalent vaccine includes protection against several diseases but not specifically neonatal tetanus. The measles vaccine protects against measles only. Option B, Anti-Tetanus serum, is used post-exposure to treat possible tetanus infection but does not prevent the disease. Therefore, the correct and preventive approach is with the tetanus toxoid vaccine (Option D).",D,True,0.0,0.0,0.0,0.74609363,0.8737221,0.8048798
bf8673b89a2dc352826b78bb7e79b6b81afc12d3f4252a1daa38e823b3256bcc,"A 4-year-old child presents with sudden breathlessness following drinking from a plastic soft drink container. He smells of kerosene, has a loud grunt, respiratory rate of 96/minute, subcostal recession and bilaterally reduced breath sounds. Which of the following management steps must be avoided?",no rationale,4,D,Cardiac positioning,Insertion of venous cannula,Administration of activated charcoal,Gastric lavage,,"###Instruction: You are a skilled doctor with years of experience in the medical field in Africa, working in a hospital setting. Your expertise spans a range of conditions from common ailments to complex diseases. As part of your commitment to ongoing medical education, you are evaluating a set of multiple choice questions (MCQs) designed for medical students. 
Carefully select the most appropriate answer based on your clinical knowledge. 
You should directly answer the question by choosing the correct option and then provide a rationale for your answer. 

###Question: A 4-year-old child presents with sudden breathlessness following drinking from a plastic soft drink container. He smells of kerosene, has a loud grunt, respiratory rate of 96/minute, subcostal recession and bilaterally reduced breath sounds. Which of the following management steps must be avoided?
###Options:
A.  Cardiac positioning
B.  Insertion of venous cannula
C.  Administration of activated charcoal
D.  Gastric lavage

###Answer:","D. Gastric lavage

###Rationale:
In cases of kerosene or hydrocarbon ingestion, gastric lavage is contraindicated. Performing gastric lavage can increase the risk of aspiration, which is particularly dangerous because hydrocarbons like kerosene can cause significant pulmonary complications if they enter the lungs. The presence of symptoms such as sudden breathlessness, loud grunting, high respiratory rate, and subcostal recession indicates a high risk of aspiration. Therefore, administering treatments that can lead to further aspiration, like gastric lavage, must be avoided. In contrast, cardiac positioning and insertion of a venous cannula are standard supportive treatments, and activated charcoal is not recommended in hydrocarbon ingestion due to the risk of pulmonary aspiration, not generally included in acute management. Therefore, D is the correct choice.",D,True,0.0,0.0,0.0,0.76444256,0.8625059,0.81051886
19a0d552729de3317f3872b6d649781a870021a4f5a3cb152953df9309dc3ad2,"Which of the following is not a clinical manifestation of severe malaria in children?




",no rationale,4,D,Hypoglycaemia,Pulmonary oedema,Severe anaemia,Hypothermia,,"###Instruction: You are a skilled doctor with years of experience in the medical field in Africa, working in a hospital setting. Your expertise spans a range of conditions from common ailments to complex diseases. As part of your commitment to ongoing medical education, you are evaluating a set of multiple choice questions (MCQs) designed for medical students. 
Carefully select the most appropriate answer based on your clinical knowledge. 
You should directly answer the question by choosing the correct option and then provide a rationale for your answer. 

###Question: Which of the following is not a clinical manifestation of severe malaria in children?





###Options:
A.  Hypoglycaemia
B.  Pulmonary oedema
C.  Severe anaemia
D.  Hypothermia

###Answer:","D. Hypothermia

Rationale: Severe malaria in children typically presents with several critical symptoms that can lead to high morbidity and mortality. Common clinical manifestations of severe malaria include hypoglycemia, pulmonary edema, and severe anemia. Hypoglycemia occurs due to the overutilization of glucose by infected erythrocytes and the liver under stress, while pulmonary edema may result from fluid overload or acute respiratory distress. Severe anemia is caused by the destruction of red blood cells by the malaria parasites. On the other hand, hypothermia is not a recognized manifestation of severe malaria. Instead, children with severe malaria often present with fever rather than low body temperature.",D,True,0.0,0.0,0.0,0.7563405,0.86295605,0.80613846
4712216c1831a3a8bd156791664260f3d4c9e14499ebccd5906729e233a011af,"A 12-year-old boy weighing 28kg and resident in Nigeria presents with fever, poor feeding and passage of dark urine of 12 hours duration. He is severely pale, jaundiced with tender hepatomegaly of 6cm and splenomegaly of 8cm. His haematocrit reads 12% and the blood pressure is 75/60mmHg. Which of the following is the most likely diagnosis?",no rationale,4,C,Acute glomerulonephritis.,Severe malaria.,Septicaemia,Viral hepatitis.,,"###Instruction: You are a skilled doctor with years of experience in the medical field in Africa, working in a hospital setting. Your expertise spans a range of conditions from common ailments to complex diseases. As part of your commitment to ongoing medical education, you are evaluating a set of multiple choice questions (MCQs) designed for medical students. 
Carefully select the most appropriate answer based on your clinical knowledge. 
You should directly answer the question by choosing the correct option and then provide a rationale for your answer. 

###Question: A 12-year-old boy weighing 28kg and resident in Nigeria presents with fever, poor feeding and passage of dark urine of 12 hours duration. He is severely pale, jaundiced with tender hepatomegaly of 6cm and splenomegaly of 8cm. His haematocrit reads 12% and the blood pressure is 75/60mmHg. Which of the following is the most likely diagnosis?
###Options:
A.  Acute glomerulonephritis.
B.  Severe malaria.
C.  Septicaemia
D.  Viral hepatitis.

###Answer:","B. Severe malaria.

Rationale: In Nigeria, a region where malaria is endemic, the presentation of fever, anemia, jaundice, and dark urine in a child strongly suggests malaria as a potential diagnosis. The severe pallor and significant hepatosplenomegaly observed are indicative of hemolytic anemia, which is commonly seen in severe malaria cases due to the destruction of red blood cells by the Plasmodium parasite. The child's low hematocrit (12%) and hypotension (75/60 mmHg) also point towards a more serious condition such as severe malaria, which can cause hemolysis, jaundice (from bilirubin release), and dark urine (often termed ""blackwater fever"" when hemoglobinuria occurs). While other conditions such as septicaemia or acute glomerulonephritis can also present with some of these symptoms, the endemic nature of malaria in Nigeria and the specific combination of symptoms strongly support severe malaria as the most likely diagnosis.",B,False,0.0,0.0,0.0,0.7323955,0.85470915,0.78883916
6e52166301b1fe2b287355b6b849f933c4fa571ad6d1f81235ac91d41f7672a3,"Concerning cancer of the cervix




",no rationale,5,C,Point A corresponds to where the uterine artery passes under the ureter,Wertheims hysterectomy involves removal of the ovaries,Brachytherapy is difficult in cancer of the stump of the cervix,Cancer of the cervix is the most common cancer in Nigerian women,Screening every 5 years is recommended,"###Instruction: You are a skilled doctor with years of experience in the medical field in Africa, working in a hospital setting. Your expertise spans a range of conditions from common ailments to complex diseases. As part of your commitment to ongoing medical education, you are evaluating a set of multiple choice questions (MCQs) designed for medical students. 
Carefully select the most appropriate answer based on your clinical knowledge. 
You should directly answer the question by choosing the correct option and then provide a rationale for your answer. 

###Question: Concerning cancer of the cervix





###Options:
A.  Point A corresponds to where the uterine artery passes under the ureter
B.  Wertheims hysterectomy involves removal of the ovaries
C.  Brachytherapy is difficult in cancer of the stump of the cervix
D.  Cancer of the cervix is the most common cancer in Nigerian women
E.  Screening every 5 years is recommended

###Answer:","C. Brachytherapy is difficult in cancer of the stump of the cervix

**Rationale:**

- **Option A**: Point A in cervical cancer refers to a reference point used in radiation therapy planning to specify the area of dose measurement, not specifically related to the anatomical location where the uterine artery passes under the ureter. 

- **Option B**: Wertheim's hysterectomy, a radical surgical procedure for cervical cancer, does not routinely involve the removal of the ovaries unless there is a specific indication such as ovarian involvement or post-menopausal status. 

- **Option C**: Brachytherapy, a form of internal radiation therapy, can be technically challenging in cases involving the cervical stump (remaining portion of the cervix after a subtotal hysterectomy), due to altered anatomy which may make the precise placement of radiation sources difficult.

- **Option D**: While cervical cancer is a common cancer among women in Nigeria, breast cancer is considered more prevalent in many regions within the country. This makes ""cervical cancer as the most common cancer in Nigerian women"" less accurate.

- **Option E**: Cervical cancer screening recommendations often suggest more frequent testing than every 5 years, especially in younger women or depending on the screening method (e.g., Pap smear every 3 years, HPV testing every 5 years, or co-testing every 5 years depending on guidelines followed).

Given these rationales, option C is the best choice.",C,True,0.0,0.0,0.0,0.7388344,0.8325044,0.78287745
68f146d27361cb9ca2a65dfa7db06083ee95e6e71b2d4f3f629ccfbe57d73d20,"A 10-year old female with chronic cough has a tuberculin test result of 10mm. What should the next important line of action be?
",no rationale,4,B,Request Erythrocyte Sedimentation Rate.,Request a Chest X-ray.,Commence anti-tuberculous drugs.,Request BCG vaccine administration.,,"###Instruction: You are a skilled doctor with years of experience in the medical field in Africa, working in a hospital setting. Your expertise spans a range of conditions from common ailments to complex diseases. As part of your commitment to ongoing medical education, you are evaluating a set of multiple choice questions (MCQs) designed for medical students. 
Carefully select the most appropriate answer based on your clinical knowledge. 
You should directly answer the question by choosing the correct option and then provide a rationale for your answer. 

###Question: A 10-year old female with chronic cough has a tuberculin test result of 10mm. What should the next important line of action be?

###Options:
A.  Request Erythrocyte Sedimentation Rate.
B.  Request a Chest X-ray.
C.  Commence anti-tuberculous drugs.
D.  Request BCG vaccine administration.

###Answer:","B. Request a Chest X-ray.

Rationale: A tuberculin skin test (TST) result of 10mm in a 10-year-old child suggests a positive reaction, which indicates possible exposure to or infection with Mycobacterium tuberculosis. The next step is to determine if the child has active tuberculosis disease, which requires further diagnostic evaluation. A chest X-ray is a crucial step in this assessment as it helps identify any active pulmonary tuberculosis or other conditions affecting the lungs. Initiating anti-tuberculous drugs without confirming active disease is not advisable. Additionally, BCG vaccination is not indicated in someone with a positive TST. An ESR test may provide additional inflammatory information but will not confirm TB diagnosis on its own. Therefore, the most appropriate next step is to request a chest X-ray.",B,True,0.0,0.0,0.0,0.75797683,0.8613713,0.80637324
cdb145d0926ee2ce9ab47552405d83130f3bb1f57c12dedde100d6ad928cddc8,"Aisha, a 17-year-old girl presents with a 3-day history of bilateral itching, burning, crusting, and matting of her eyelids, which worsens when she awakens in the morning. The patient has no prior history of a similar event. On physical exam, there is crusting of the eyelashes at the bases, erythema of the eyelids, clear conjunctiva, and cornea. There are small ulcers on the eyelid margins. The meibomian glands appear normal. Which of the following is not first-line treatment?","The patient's symptoms are acute. The likely diagnosis is acute blepharitis.

Ulcerations of eyelid margins are indicative of an infectious cause of the symptoms. The likely causes are Staphylococcus and viral causes. Acute blepharitis should always be treated with topical antibiotics.

All types of blepharitis should be treated with eyelid hygiene and avoidance of potential triggers.

Oral doxycycline is reserved for the treatment of posterior blepharitis that is not responsive to eyelid hygiene.",5,D,Warm compresses and lid margin scrubs with a cotton swab dipped in diluted baby shampoo,Avoidance of eye makeup,Erythromycin ophthalmic ointment,Oral doxycycline,None,"###Instruction: You are a skilled doctor with years of experience in the medical field in Africa, working in a hospital setting. Your expertise spans a range of conditions from common ailments to complex diseases. As part of your commitment to ongoing medical education, you are evaluating a set of multiple choice questions (MCQs) designed for medical students. 
Carefully select the most appropriate answer based on your clinical knowledge. 
You should directly answer the question by choosing the correct option and then provide a rationale for your answer. 

###Question: Aisha, a 17-year-old girl presents with a 3-day history of bilateral itching, burning, crusting, and matting of her eyelids, which worsens when she awakens in the morning. The patient has no prior history of a similar event. On physical exam, there is crusting of the eyelashes at the bases, erythema of the eyelids, clear conjunctiva, and cornea. There are small ulcers on the eyelid margins. The meibomian glands appear normal. Which of the following is not first-line treatment?
###Options:
A.  Warm compresses and lid margin scrubs with a cotton swab dipped in diluted baby shampoo
B.  Avoidance of eye makeup
C.  Erythromycin ophthalmic ointment
D.  Oral doxycycline
E.  None

###Answer:","The correct answer is D. Oral doxycycline.

### Rationale:

The symptoms described, such as bilateral itching, burning, crusting, and matting of the eyelids, along with crusting of the eyelashes and erythema, suggest anterior blepharitis, a common condition affecting the eyelids. The first-line treatments for anterior blepharitis typically involve:

A. **Warm compresses and lid margin scrubs with a cotton swab dipped in diluted baby shampoo**: These measures help in maintaining eyelid hygiene, removing crusts, and reducing inflammation, thus are considered first-line treatments.

B. **Avoidance of eye makeup**: This is a reasonable advice to help prevent exacerbation of symptoms due to potential irritants in cosmetics.

C. **Erythromycin ophthalmic ointment**: This topical antibiotic is commonly used to treat blepharitis by targeting bacterial overgrowth on the eyelids.

D. **Oral doxycycline**: While doxycycline can be used in the management of blepharitis, especially posterior blepharitis associated with meibomian gland dysfunction, it is not a first-line treatment for anterior blepharitis. It is usually reserved for more severe or chronic cases, especially when there is a concern of associated rosacea or when topical treatments fail.

Therefore, oral doxycycline is not considered a first-line treatment for the scenario described, making it the correct choice for this question.",D,True,0.23863635977530995,0.05511810635222297,0.22727272341167357,0.8330728,0.8730183,0.8525779
